id,title,description,price,image_link,brand,google_product_category
SRK-APP-iPhone7-SCR-INCELL,iPhone 7 Screen,"DIY iPhone 7 screen replacement kit with INCELL LCD display. Includes precision pentalobe & tri-point screwdrivers, suction cup, ESD-safe spudgers, pre-cut adhesive strips, and QR-linked step-by-step video guide. 90-day warranty. Ships same day from Newcastle Australia.",89.00 AUD,https://sc04.alicdn.com/kf/A4698a6c841b14cec8f1ce6fa878c0e0eN.png,Apple,Electronics > Communications > Telephony > Mobile Phone Accessories
SRK-APP-iPhone7-SCR-OLED,iPhone 7 Screen,"DIY iPhone 7 screen replacement kit with aftermarket Soft OLED display — vivid colours, true blacks, flush fit with phone frame. Preserves Samsung fingerprint sensor. Includes all precision tools, adhesive, and QR video repair guide. Diagnosable on most models. 90-day warranty. Australian stock, same-day dispatch.",120.00 AUD,https://sc04.alicdn.com/kf/A4698a6c841b14cec8f1ce6fa878c0e0eN.png,Apple,Electronics > Communications > Telephony > Mobile Phone Accessories
SRK-APP-iPhone7-SCR-OEM,iPhone 7 Screen,"DIY iPhone 7 screen replacement kit with factory-sealed OEM Service Pack display — identical to Apple/Samsung/Google original. Full True Tone, Face ID, biometric compatibility. Always diagnosable and pairable with System Configuration. Includes precision toolkit, adhesive, QR video guide. 90-day warranty. Ships from Newcastle AU.",159.00 AUD,https://sc04.alicdn.com/kf/A4698a6c841b14cec8f1ce6fa878c0e0eN.png,Apple,Electronics > Communications > Telephony > Mobile Phone Accessories
SRK-APP-iPhone8-SCR-INCELL,iPhone 8 Screen,"DIY iPhone 8 screen replacement kit with INCELL LCD display. Includes precision pentalobe & tri-point screwdrivers, suction cup, ESD-safe spudgers, pre-cut adhesive strips, and QR-linked step-by-step video guide. 90-day warranty. Ships same day from Newcastle Australia.",89.00 AUD,https://sc04.alicdn.com/kf/A4698a6c841b14cec8f1ce6fa878c0e0eN.png,Apple,Electronics > Communications > Telephony > Mobile Phone Accessories
SRK-APP-iPhone8-SCR-OLED,iPhone 8 Screen,"DIY iPhone 8 screen replacement kit with aftermarket Soft OLED display — vivid colours, true blacks, flush fit with phone frame. Preserves Samsung fingerprint sensor. Includes all precision tools, adhesive, and QR video repair guide. Diagnosable on most models. 90-day warranty. Australian stock, same-day dispatch.",120.00 AUD,https://sc04.alicdn.com/kf/A4698a6c841b14cec8f1ce6fa878c0e0eN.png,Apple,Electronics > Communications > Telephony > Mobile Phone Accessories
SRK-APP-iPhone8-SCR-OEM,iPhone 8 Screen,"DIY iPhone 8 screen replacement kit with factory-sealed OEM Service Pack display — identical to Apple/Samsung/Google original. Full True Tone, Face ID, biometric compatibility. Always diagnosable and pairable with System Configuration. Includes precision toolkit, adhesive, QR video guide. 90-day warranty. Ships from Newcastle AU.",159.00 AUD,https://sc04.alicdn.com/kf/A4698a6c841b14cec8f1ce6fa878c0e0eN.png,Apple,Electronics > Communications > Telephony > Mobile Phone Accessories
SRK-APP-iPhone8Plus-SCR-INCELL,iPhone 8 Plus Screen,"DIY iPhone 8 Plus screen replacement kit with INCELL LCD display. Includes precision pentalobe & tri-point screwdrivers, suction cup, ESD-safe spudgers, pre-cut adhesive strips, and QR-linked step-by-step video guide. 90-day warranty. Ships same day from Newcastle Australia.",89.00 AUD,https://sc04.alicdn.com/kf/A4698a6c841b14cec8f1ce6fa878c0e0eN.png,Apple,Electronics > Communications > Telephony > Mobile Phone Accessories
SRK-APP-iPhone8Plus-SCR-OLED,iPhone 8 Plus Screen,"DIY iPhone 8 Plus screen replacement kit with aftermarket Soft OLED display — vivid colours, true blacks, flush fit with phone frame. Preserves Samsung fingerprint sensor. Includes all precision tools, adhesive, and QR video repair guide. Diagnosable on most models. 90-day warranty. Australian stock, same-day dispatch.",120.00 AUD,https://sc04.alicdn.com/kf/A4698a6c841b14cec8f1ce6fa878c0e0eN.png,Apple,Electronics > Communications > Telephony > Mobile Phone Accessories
SRK-APP-iPhone8Plus-SCR-OEM,iPhone 8 Plus Screen,"DIY iPhone 8 Plus screen replacement kit with factory-sealed OEM Service Pack display — identical to Apple/Samsung/Google original. Full True Tone, Face ID, biometric compatibility. Always diagnosable and pairable with System Configuration. Includes precision toolkit, adhesive, QR video guide. 90-day warranty. Ships from Newcastle AU.",159.00 AUD,https://sc04.alicdn.com/kf/A4698a6c841b14cec8f1ce6fa878c0e0eN.png,Apple,Electronics > Communications > Telephony > Mobile Phone Accessories
SRK-APP-iPhoneSE2020-SCR-INCELL,iPhone SE 2020 Screen,"DIY iPhone SE 2020 screen replacement kit with INCELL LCD display. Includes precision pentalobe & tri-point screwdrivers, suction cup, ESD-safe spudgers, pre-cut adhesive strips, and QR-linked step-by-step video guide. 90-day warranty. Ships same day from Newcastle Australia.",89.00 AUD,https://sc04.alicdn.com/kf/A4698a6c841b14cec8f1ce6fa878c0e0eN.png,Apple,Electronics > Communications > Telephony > Mobile Phone Accessories
SRK-APP-iPhoneSE2020-SCR-OLED,iPhone SE 2020 Screen,"DIY iPhone SE 2020 screen replacement kit with aftermarket Soft OLED display — vivid colours, true blacks, flush fit with phone frame. Preserves Samsung fingerprint sensor. Includes all precision tools, adhesive, and QR video repair guide. Diagnosable on most models. 90-day warranty. Australian stock, same-day dispatch.",120.00 AUD,https://sc04.alicdn.com/kf/A4698a6c841b14cec8f1ce6fa878c0e0eN.png,Apple,Electronics > Communications > Telephony > Mobile Phone Accessories
SRK-APP-iPhoneSE2020-SCR-OEM,iPhone SE 2020 Screen,"DIY iPhone SE 2020 screen replacement kit with factory-sealed OEM Service Pack display — identical to Apple/Samsung/Google original. Full True Tone, Face ID, biometric compatibility. Always diagnosable and pairable with System Configuration. Includes precision toolkit, adhesive, QR video guide. 90-day warranty. Ships from Newcastle AU.",159.00 AUD,https://sc04.alicdn.com/kf/A4698a6c841b14cec8f1ce6fa878c0e0eN.png,Apple,Electronics > Communications > Telephony > Mobile Phone Accessories
SRK-APP-iPhoneSE2022-SCR-INCELL,iPhone SE 2022 Screen,"DIY iPhone SE 2022 screen replacement kit with INCELL LCD display. Includes precision pentalobe & tri-point screwdrivers, suction cup, ESD-safe spudgers, pre-cut adhesive strips, and QR-linked step-by-step video guide. 90-day warranty. Ships same day from Newcastle Australia.",89.00 AUD,https://sc04.alicdn.com/kf/A4698a6c841b14cec8f1ce6fa878c0e0eN.png,Apple,Electronics > Communications > Telephony > Mobile Phone Accessories
SRK-APP-iPhoneSE2022-SCR-OLED,iPhone SE 2022 Screen,"DIY iPhone SE 2022 screen replacement kit with aftermarket Soft OLED display — vivid colours, true blacks, flush fit with phone frame. Preserves Samsung fingerprint sensor. Includes all precision tools, adhesive, and QR video repair guide. Diagnosable on most models. 90-day warranty. Australian stock, same-day dispatch.",120.00 AUD,https://sc04.alicdn.com/kf/A4698a6c841b14cec8f1ce6fa878c0e0eN.png,Apple,Electronics > Communications > Telephony > Mobile Phone Accessories
SRK-APP-iPhoneSE2022-SCR-OEM,iPhone SE 2022 Screen,"DIY iPhone SE 2022 screen replacement kit with factory-sealed OEM Service Pack display — identical to Apple/Samsung/Google original. Full True Tone, Face ID, biometric compatibility. Always diagnosable and pairable with System Configuration. Includes precision toolkit, adhesive, QR video guide. 90-day warranty. Ships from Newcastle AU.",159.00 AUD,https://sc04.alicdn.com/kf/A4698a6c841b14cec8f1ce6fa878c0e0eN.png,Apple,Electronics > Communications > Telephony > Mobile Phone Accessories
SRK-APP-iPhone7-BAT-STD,iPhone 7 Battery,"DIY iPhone 7 battery replacement kit with quality lithium-ion cell matching original mAh capacity. Restores full-day battery life. Includes pentalobe screwdriver, suction cup, spudger, adhesive strips, and QR step-by-step video guide. 90-day warranty. Same-day dispatch from Newcastle Australia.",69.00 AUD,https://sc04.alicdn.com/kf/A4698a6c841b14cec8f1ce6fa878c0e0eN.png,Apple,Electronics > Communications > Telephony > Mobile Phone Accessories
SRK-APP-iPhone8-BAT-STD,iPhone 8 Battery,"DIY iPhone 8 battery replacement kit with quality lithium-ion cell matching original mAh capacity. Restores full-day battery life. Includes pentalobe screwdriver, suction cup, spudger, adhesive strips, and QR step-by-step video guide. 90-day warranty. Same-day dispatch from Newcastle Australia.",69.00 AUD,https://sc04.alicdn.com/kf/A4698a6c841b14cec8f1ce6fa878c0e0eN.png,Apple,Electronics > Communications > Telephony > Mobile Phone Accessories
SRK-APP-iPhone8Plus-BAT-STD,iPhone 8 Plus Battery,"DIY iPhone 8 Plus battery replacement kit with quality lithium-ion cell matching original mAh capacity. Restores full-day battery life. Includes pentalobe screwdriver, suction cup, spudger, adhesive strips, and QR step-by-step video guide. 90-day warranty. Same-day dispatch from Newcastle Australia.",69.00 AUD,https://sc04.alicdn.com/kf/A4698a6c841b14cec8f1ce6fa878c0e0eN.png,Apple,Electronics > Communications > Telephony > Mobile Phone Accessories
SRK-APP-iPhoneSE2020-BAT-STD,iPhone SE 2020 Battery,"DIY iPhone SE 2020 battery replacement kit with quality lithium-ion cell matching original mAh capacity. Restores full-day battery life. Includes pentalobe screwdriver, suction cup, spudger, adhesive strips, and QR step-by-step video guide. 90-day warranty. Same-day dispatch from Newcastle Australia.",69.00 AUD,https://sc04.alicdn.com/kf/A4698a6c841b14cec8f1ce6fa878c0e0eN.png,Apple,Electronics > Communications > Telephony > Mobile Phone Accessories
SRK-APP-iPhoneSE2022-BAT-STD,iPhone SE 2022 Battery,"DIY iPhone SE 2022 battery replacement kit with quality lithium-ion cell matching original mAh capacity. Restores full-day battery life. Includes pentalobe screwdriver, suction cup, spudger, adhesive strips, and QR step-by-step video guide. 90-day warranty. Same-day dispatch from Newcastle Australia.",69.00 AUD,https://sc04.alicdn.com/kf/A4698a6c841b14cec8f1ce6fa878c0e0eN.png,Apple,Electronics > Communications > Telephony > Mobile Phone Accessories
SRK-APP-iPhoneX-SCR-INCELL,iPhone X Screen,"DIY iPhone X screen replacement kit with INCELL LCD display. Includes precision pentalobe & tri-point screwdrivers, suction cup, ESD-safe spudgers, pre-cut adhesive strips, and QR-linked step-by-step video guide. 90-day warranty. Ships same day from Newcastle Australia.",99.00 AUD,https://sc04.alicdn.com/kf/A4698a6c841b14cec8f1ce6fa878c0e0eN.png,Apple,Electronics > Communications > Telephony > Mobile Phone Accessories
SRK-APP-iPhoneX-SCR-OLED,iPhone X Screen,"DIY iPhone X screen replacement kit with aftermarket Soft OLED display — vivid colours, true blacks, flush fit with phone frame. Preserves Samsung fingerprint sensor. Includes all precision tools, adhesive, and QR video repair guide. Diagnosable on most models. 90-day warranty. Australian stock, same-day dispatch.",120.00 AUD,https://sc04.alicdn.com/kf/A4698a6c841b14cec8f1ce6fa878c0e0eN.png,Apple,Electronics > Communications > Telephony > Mobile Phone Accessories
SRK-APP-iPhoneX-SCR-OEM,iPhone X Screen,"DIY iPhone X screen replacement kit with factory-sealed OEM Service Pack display — identical to Apple/Samsung/Google original. Full True Tone, Face ID, biometric compatibility. Always diagnosable and pairable with System Configuration. Includes precision toolkit, adhesive, QR video guide. 90-day warranty. Ships from Newcastle AU.",180.00 AUD,https://sc04.alicdn.com/kf/A4698a6c841b14cec8f1ce6fa878c0e0eN.png,Apple,Electronics > Communications > Telephony > Mobile Phone Accessories
SRK-APP-iPhoneXS-SCR-INCELL,iPhone XS Screen,"DIY iPhone XS screen replacement kit with INCELL LCD display. Includes precision pentalobe & tri-point screwdrivers, suction cup, ESD-safe spudgers, pre-cut adhesive strips, and QR-linked step-by-step video guide. 90-day warranty. Ships same day from Newcastle Australia.",99.00 AUD,https://sc04.alicdn.com/kf/A4698a6c841b14cec8f1ce6fa878c0e0eN.png,Apple,Electronics > Communications > Telephony > Mobile Phone Accessories
SRK-APP-iPhoneXS-SCR-OLED,iPhone XS Screen,"DIY iPhone XS screen replacement kit with aftermarket Soft OLED display — vivid colours, true blacks, flush fit with phone frame. Preserves Samsung fingerprint sensor. Includes all precision tools, adhesive, and QR video repair guide. Diagnosable on most models. 90-day warranty. Australian stock, same-day dispatch.",120.00 AUD,https://sc04.alicdn.com/kf/A4698a6c841b14cec8f1ce6fa878c0e0eN.png,Apple,Electronics > Communications > Telephony > Mobile Phone Accessories
SRK-APP-iPhoneXS-SCR-OEM,iPhone XS Screen,"DIY iPhone XS screen replacement kit with factory-sealed OEM Service Pack display — identical to Apple/Samsung/Google original. Full True Tone, Face ID, biometric compatibility. Always diagnosable and pairable with System Configuration. Includes precision toolkit, adhesive, QR video guide. 90-day warranty. Ships from Newcastle AU.",180.00 AUD,https://sc04.alicdn.com/kf/A4698a6c841b14cec8f1ce6fa878c0e0eN.png,Apple,Electronics > Communications > Telephony > Mobile Phone Accessories
SRK-APP-iPhoneXSMax-SCR-INCELL,iPhone XS Max Screen,"DIY iPhone XS Max screen replacement kit with INCELL LCD display. Includes precision pentalobe & tri-point screwdrivers, suction cup, ESD-safe spudgers, pre-cut adhesive strips, and QR-linked step-by-step video guide. 90-day warranty. Ships same day from Newcastle Australia.",99.00 AUD,https://sc04.alicdn.com/kf/A4698a6c841b14cec8f1ce6fa878c0e0eN.png,Apple,Electronics > Communications > Telephony > Mobile Phone Accessories
SRK-APP-iPhoneXSMax-SCR-OLED,iPhone XS Max Screen,"DIY iPhone XS Max screen replacement kit with aftermarket Soft OLED display — vivid colours, true blacks, flush fit with phone frame. Preserves Samsung fingerprint sensor. Includes all precision tools, adhesive, and QR video repair guide. Diagnosable on most models. 90-day warranty. Australian stock, same-day dispatch.",120.00 AUD,https://sc04.alicdn.com/kf/A4698a6c841b14cec8f1ce6fa878c0e0eN.png,Apple,Electronics > Communications > Telephony > Mobile Phone Accessories
SRK-APP-iPhoneXSMax-SCR-OEM,iPhone XS Max Screen,"DIY iPhone XS Max screen replacement kit with factory-sealed OEM Service Pack display — identical to Apple/Samsung/Google original. Full True Tone, Face ID, biometric compatibility. Always diagnosable and pairable with System Configuration. Includes precision toolkit, adhesive, QR video guide. 90-day warranty. Ships from Newcastle AU.",180.00 AUD,https://sc04.alicdn.com/kf/A4698a6c841b14cec8f1ce6fa878c0e0eN.png,Apple,Electronics > Communications > Telephony > Mobile Phone Accessories
SRK-APP-iPhoneXR-SCR-INCELL,iPhone XR Screen,"DIY iPhone XR screen replacement kit with INCELL LCD display. Includes precision pentalobe & tri-point screwdrivers, suction cup, ESD-safe spudgers, pre-cut adhesive strips, and QR-linked step-by-step video guide. 90-day warranty. Ships same day from Newcastle Australia.",99.00 AUD,https://sc04.alicdn.com/kf/A4698a6c841b14cec8f1ce6fa878c0e0eN.png,Apple,Electronics > Communications > Telephony > Mobile Phone Accessories
SRK-APP-iPhoneXR-SCR-OLED,iPhone XR Screen,"DIY iPhone XR screen replacement kit with aftermarket Soft OLED display — vivid colours, true blacks, flush fit with phone frame. Preserves Samsung fingerprint sensor. Includes all precision tools, adhesive, and QR video repair guide. Diagnosable on most models. 90-day warranty. Australian stock, same-day dispatch.",120.00 AUD,https://sc04.alicdn.com/kf/A4698a6c841b14cec8f1ce6fa878c0e0eN.png,Apple,Electronics > Communications > Telephony > Mobile Phone Accessories
SRK-APP-iPhoneXR-SCR-OEM,iPhone XR Screen,"DIY iPhone XR screen replacement kit with factory-sealed OEM Service Pack display — identical to Apple/Samsung/Google original. Full True Tone, Face ID, biometric compatibility. Always diagnosable and pairable with System Configuration. Includes precision toolkit, adhesive, QR video guide. 90-day warranty. Ships from Newcastle AU.",180.00 AUD,https://sc04.alicdn.com/kf/A4698a6c841b14cec8f1ce6fa878c0e0eN.png,Apple,Electronics > Communications > Telephony > Mobile Phone Accessories
SRK-APP-iPhone11-SCR-INCELL,iPhone 11 Screen,"DIY iPhone 11 screen replacement kit with INCELL LCD display. Includes precision pentalobe & tri-point screwdrivers, suction cup, ESD-safe spudgers, pre-cut adhesive strips, and QR-linked step-by-step video guide. 90-day warranty. Ships same day from Newcastle Australia.",99.00 AUD,https://sc04.alicdn.com/kf/A4698a6c841b14cec8f1ce6fa878c0e0eN.png,Apple,Electronics > Communications > Telephony > Mobile Phone Accessories
SRK-APP-iPhone11-SCR-OLED,iPhone 11 Screen,"DIY iPhone 11 screen replacement kit with aftermarket Soft OLED display — vivid colours, true blacks, flush fit with phone frame. Preserves Samsung fingerprint sensor. Includes all precision tools, adhesive, and QR video repair guide. Diagnosable on most models. 90-day warranty. Australian stock, same-day dispatch.",120.00 AUD,https://sc04.alicdn.com/kf/A4698a6c841b14cec8f1ce6fa878c0e0eN.png,Apple,Electronics > Communications > Telephony > Mobile Phone Accessories
SRK-APP-iPhone11-SCR-OEM,iPhone 11 Screen,"DIY iPhone 11 screen replacement kit with factory-sealed OEM Service Pack display — identical to Apple/Samsung/Google original. Full True Tone, Face ID, biometric compatibility. Always diagnosable and pairable with System Configuration. Includes precision toolkit, adhesive, QR video guide. 90-day warranty. Ships from Newcastle AU.",180.00 AUD,https://sc04.alicdn.com/kf/A4698a6c841b14cec8f1ce6fa878c0e0eN.png,Apple,Electronics > Communications > Telephony > Mobile Phone Accessories
SRK-APP-iPhone11Pro-SCR-INCELL,iPhone 11 Pro Screen,"DIY iPhone 11 Pro screen replacement kit with INCELL LCD display. Includes precision pentalobe & tri-point screwdrivers, suction cup, ESD-safe spudgers, pre-cut adhesive strips, and QR-linked step-by-step video guide. 90-day warranty. Ships same day from Newcastle Australia.",99.00 AUD,https://sc04.alicdn.com/kf/A4698a6c841b14cec8f1ce6fa878c0e0eN.png,Apple,Electronics > Communications > Telephony > Mobile Phone Accessories
SRK-APP-iPhone11Pro-SCR-OLED,iPhone 11 Pro Screen,"DIY iPhone 11 Pro screen replacement kit with aftermarket Soft OLED display — vivid colours, true blacks, flush fit with phone frame. Preserves Samsung fingerprint sensor. Includes all precision tools, adhesive, and QR video repair guide. Diagnosable on most models. 90-day warranty. Australian stock, same-day dispatch.",120.00 AUD,https://sc04.alicdn.com/kf/A4698a6c841b14cec8f1ce6fa878c0e0eN.png,Apple,Electronics > Communications > Telephony > Mobile Phone Accessories
SRK-APP-iPhone11Pro-SCR-OEM,iPhone 11 Pro Screen,"DIY iPhone 11 Pro screen replacement kit with factory-sealed OEM Service Pack display — identical to Apple/Samsung/Google original. Full True Tone, Face ID, biometric compatibility. Always diagnosable and pairable with System Configuration. Includes precision toolkit, adhesive, QR video guide. 90-day warranty. Ships from Newcastle AU.",180.00 AUD,https://sc04.alicdn.com/kf/A4698a6c841b14cec8f1ce6fa878c0e0eN.png,Apple,Electronics > Communications > Telephony > Mobile Phone Accessories
SRK-APP-iPhone11ProM-SCR-INCELL,iPhone 11 Pro Max Screen,"DIY iPhone 11 Pro Max screen replacement kit with INCELL LCD display. Includes precision pentalobe & tri-point screwdrivers, suction cup, ESD-safe spudgers, pre-cut adhesive strips, and QR-linked step-by-step video guide. 90-day warranty. Ships same day from Newcastle Australia.",99.00 AUD,https://sc04.alicdn.com/kf/A4698a6c841b14cec8f1ce6fa878c0e0eN.png,Apple,Electronics > Communications > Telephony > Mobile Phone Accessories
SRK-APP-iPhone11ProM-SCR-OLED,iPhone 11 Pro Max Screen,"DIY iPhone 11 Pro Max screen replacement kit with aftermarket Soft OLED display — vivid colours, true blacks, flush fit with phone frame. Preserves Samsung fingerprint sensor. Includes all precision tools, adhesive, and QR video repair guide. Diagnosable on most models. 90-day warranty. Australian stock, same-day dispatch.",120.00 AUD,https://sc04.alicdn.com/kf/A4698a6c841b14cec8f1ce6fa878c0e0eN.png,Apple,Electronics > Communications > Telephony > Mobile Phone Accessories
SRK-APP-iPhone11ProM-SCR-OEM,iPhone 11 Pro Max Screen,"DIY iPhone 11 Pro Max screen replacement kit with factory-sealed OEM Service Pack display — identical to Apple/Samsung/Google original. Full True Tone, Face ID, biometric compatibility. Always diagnosable and pairable with System Configuration. Includes precision toolkit, adhesive, QR video guide. 90-day warranty. Ships from Newcastle AU.",180.00 AUD,https://sc04.alicdn.com/kf/A4698a6c841b14cec8f1ce6fa878c0e0eN.png,Apple,Electronics > Communications > Telephony > Mobile Phone Accessories
SRK-APP-iPhoneX-BAT-STD,iPhone X Battery,"DIY iPhone X battery replacement kit with quality lithium-ion cell matching original mAh capacity. Restores full-day battery life. Includes pentalobe screwdriver, suction cup, spudger, adhesive strips, and QR step-by-step video guide. 90-day warranty. Same-day dispatch from Newcastle Australia.",69.00 AUD,https://sc04.alicdn.com/kf/A4698a6c841b14cec8f1ce6fa878c0e0eN.png,Apple,Electronics > Communications > Telephony > Mobile Phone Accessories
SRK-APP-iPhoneX-BAT-DIAG,iPhone X Battery,"DIY iPhone X diagnosable battery replacement kit — embedded serial chip pairs with Apple System Configuration to restore Battery Health percentage in Settings. Quality cell matching original capacity. Includes all precision tools, adhesive, QR video guide. Optimised Battery Charging restored after pairing. 90-day warranty. Australian stock.",99.00 AUD,https://sc04.alicdn.com/kf/A4698a6c841b14cec8f1ce6fa878c0e0eN.png,Apple,Electronics > Communications > Telephony > Mobile Phone Accessories
SRK-APP-iPhoneXS-BAT-STD,iPhone XS Battery,"DIY iPhone XS battery replacement kit with quality lithium-ion cell matching original mAh capacity. Restores full-day battery life. Includes pentalobe screwdriver, suction cup, spudger, adhesive strips, and QR step-by-step video guide. 90-day warranty. Same-day dispatch from Newcastle Australia.",69.00 AUD,https://sc04.alicdn.com/kf/A4698a6c841b14cec8f1ce6fa878c0e0eN.png,Apple,Electronics > Communications > Telephony > Mobile Phone Accessories
SRK-APP-iPhoneXS-BAT-DIAG,iPhone XS Battery,"DIY iPhone XS diagnosable battery replacement kit — embedded serial chip pairs with Apple System Configuration to restore Battery Health percentage in Settings. Quality cell matching original capacity. Includes all precision tools, adhesive, QR video guide. Optimised Battery Charging restored after pairing. 90-day warranty. Australian stock.",99.00 AUD,https://sc04.alicdn.com/kf/A4698a6c841b14cec8f1ce6fa878c0e0eN.png,Apple,Electronics > Communications > Telephony > Mobile Phone Accessories
SRK-APP-iPhoneXSMax-BAT-STD,iPhone XS Max Battery,"DIY iPhone XS Max battery replacement kit with quality lithium-ion cell matching original mAh capacity. Restores full-day battery life. Includes pentalobe screwdriver, suction cup, spudger, adhesive strips, and QR step-by-step video guide. 90-day warranty. Same-day dispatch from Newcastle Australia.",69.00 AUD,https://sc04.alicdn.com/kf/A4698a6c841b14cec8f1ce6fa878c0e0eN.png,Apple,Electronics > Communications > Telephony > Mobile Phone Accessories
SRK-APP-iPhoneXSMax-BAT-DIAG,iPhone XS Max Battery,"DIY iPhone XS Max diagnosable battery replacement kit — embedded serial chip pairs with Apple System Configuration to restore Battery Health percentage in Settings. Quality cell matching original capacity. Includes all precision tools, adhesive, QR video guide. Optimised Battery Charging restored after pairing. 90-day warranty. Australian stock.",99.00 AUD,https://sc04.alicdn.com/kf/A4698a6c841b14cec8f1ce6fa878c0e0eN.png,Apple,Electronics > Communications > Telephony > Mobile Phone Accessories
SRK-APP-iPhoneXR-BAT-STD,iPhone XR Battery,"DIY iPhone XR battery replacement kit with quality lithium-ion cell matching original mAh capacity. Restores full-day battery life. Includes pentalobe screwdriver, suction cup, spudger, adhesive strips, and QR step-by-step video guide. 90-day warranty. Same-day dispatch from Newcastle Australia.",69.00 AUD,https://sc04.alicdn.com/kf/A4698a6c841b14cec8f1ce6fa878c0e0eN.png,Apple,Electronics > Communications > Telephony > Mobile Phone Accessories
SRK-APP-iPhoneXR-BAT-DIAG,iPhone XR Battery,"DIY iPhone XR diagnosable battery replacement kit — embedded serial chip pairs with Apple System Configuration to restore Battery Health percentage in Settings. Quality cell matching original capacity. Includes all precision tools, adhesive, QR video guide. Optimised Battery Charging restored after pairing. 90-day warranty. Australian stock.",99.00 AUD,https://sc04.alicdn.com/kf/A4698a6c841b14cec8f1ce6fa878c0e0eN.png,Apple,Electronics > Communications > Telephony > Mobile Phone Accessories
SRK-APP-iPhone11-BAT-STD,iPhone 11 Battery,"DIY iPhone 11 battery replacement kit with quality lithium-ion cell matching original mAh capacity. Restores full-day battery life. Includes pentalobe screwdriver, suction cup, spudger, adhesive strips, and QR step-by-step video guide. 90-day warranty. Same-day dispatch from Newcastle Australia.",69.00 AUD,https://sc04.alicdn.com/kf/A4698a6c841b14cec8f1ce6fa878c0e0eN.png,Apple,Electronics > Communications > Telephony > Mobile Phone Accessories
SRK-APP-iPhone11-BAT-DIAG,iPhone 11 Battery,"DIY iPhone 11 diagnosable battery replacement kit — embedded serial chip pairs with Apple System Configuration to restore Battery Health percentage in Settings. Quality cell matching original capacity. Includes all precision tools, adhesive, QR video guide. Optimised Battery Charging restored after pairing. 90-day warranty. Australian stock.",99.00 AUD,https://sc04.alicdn.com/kf/A4698a6c841b14cec8f1ce6fa878c0e0eN.png,Apple,Electronics > Communications > Telephony > Mobile Phone Accessories
SRK-APP-iPhone11Pro-BAT-STD,iPhone 11 Pro Battery,"DIY iPhone 11 Pro battery replacement kit with quality lithium-ion cell matching original mAh capacity. Restores full-day battery life. Includes pentalobe screwdriver, suction cup, spudger, adhesive strips, and QR step-by-step video guide. 90-day warranty. Same-day dispatch from Newcastle Australia.",69.00 AUD,https://sc04.alicdn.com/kf/A4698a6c841b14cec8f1ce6fa878c0e0eN.png,Apple,Electronics > Communications > Telephony > Mobile Phone Accessories
SRK-APP-iPhone11Pro-BAT-DIAG,iPhone 11 Pro Battery,"DIY iPhone 11 Pro diagnosable battery replacement kit — embedded serial chip pairs with Apple System Configuration to restore Battery Health percentage in Settings. Quality cell matching original capacity. Includes all precision tools, adhesive, QR video guide. Optimised Battery Charging restored after pairing. 90-day warranty. Australian stock.",99.00 AUD,https://sc04.alicdn.com/kf/A4698a6c841b14cec8f1ce6fa878c0e0eN.png,Apple,Electronics > Communications > Telephony > Mobile Phone Accessories
SRK-APP-iPhone11ProM-BAT-STD,iPhone 11 Pro Max Battery,"DIY iPhone 11 Pro Max battery replacement kit with quality lithium-ion cell matching original mAh capacity. Restores full-day battery life. Includes pentalobe screwdriver, suction cup, spudger, adhesive strips, and QR step-by-step video guide. 90-day warranty. Same-day dispatch from Newcastle Australia.",69.00 AUD,https://sc04.alicdn.com/kf/A4698a6c841b14cec8f1ce6fa878c0e0eN.png,Apple,Electronics > Communications > Telephony > Mobile Phone Accessories
SRK-APP-iPhone11ProM-BAT-DIAG,iPhone 11 Pro Max Battery,"DIY iPhone 11 Pro Max diagnosable battery replacement kit — embedded serial chip pairs with Apple System Configuration to restore Battery Health percentage in Settings. Quality cell matching original capacity. Includes all precision tools, adhesive, QR video guide. Optimised Battery Charging restored after pairing. 90-day warranty. Australian stock.",99.00 AUD,https://sc04.alicdn.com/kf/A4698a6c841b14cec8f1ce6fa878c0e0eN.png,Apple,Electronics > Communications > Telephony > Mobile Phone Accessories
SRK-APP-iPhone12Mini-SCR-INCELL,iPhone 12 Mini Screen,"DIY iPhone 12 Mini screen replacement kit with INCELL LCD display. Includes precision pentalobe & tri-point screwdrivers, suction cup, ESD-safe spudgers, pre-cut adhesive strips, and QR-linked step-by-step video guide. 90-day warranty. Ships same day from Newcastle Australia.",99.00 AUD,https://sc04.alicdn.com/kf/A4698a6c841b14cec8f1ce6fa878c0e0eN.png,Apple,Electronics > Communications > Telephony > Mobile Phone Accessories
SRK-APP-iPhone12Mini-SCR-OLED,iPhone 12 Mini Screen,"DIY iPhone 12 Mini screen replacement kit with aftermarket Soft OLED display — vivid colours, true blacks, flush fit with phone frame. Preserves Samsung fingerprint sensor. Includes all precision tools, adhesive, and QR video repair guide. Diagnosable on most models. 90-day warranty. Australian stock, same-day dispatch.",139.00 AUD,https://sc04.alicdn.com/kf/A4698a6c841b14cec8f1ce6fa878c0e0eN.png,Apple,Electronics > Communications > Telephony > Mobile Phone Accessories
SRK-APP-iPhone12Mini-SCR-OEM,iPhone 12 Mini Screen,"DIY iPhone 12 Mini screen replacement kit with factory-sealed OEM Service Pack display — identical to Apple/Samsung/Google original. Full True Tone, Face ID, biometric compatibility. Always diagnosable and pairable with System Configuration. Includes precision toolkit, adhesive, QR video guide. 90-day warranty. Ships from Newcastle AU.",180.00 AUD,https://sc04.alicdn.com/kf/A4698a6c841b14cec8f1ce6fa878c0e0eN.png,Apple,Electronics > Communications > Telephony > Mobile Phone Accessories
SRK-APP-iPhone12-SCR-INCELL,iPhone 12 Screen,"DIY iPhone 12 screen replacement kit with INCELL LCD display. Includes precision pentalobe & tri-point screwdrivers, suction cup, ESD-safe spudgers, pre-cut adhesive strips, and QR-linked step-by-step video guide. 90-day warranty. Ships same day from Newcastle Australia.",99.00 AUD,https://sc04.alicdn.com/kf/A4698a6c841b14cec8f1ce6fa878c0e0eN.png,Apple,Electronics > Communications > Telephony > Mobile Phone Accessories
SRK-APP-iPhone12-SCR-OLED,iPhone 12 Screen,"DIY iPhone 12 screen replacement kit with aftermarket Soft OLED display — vivid colours, true blacks, flush fit with phone frame. Preserves Samsung fingerprint sensor. Includes all precision tools, adhesive, and QR video repair guide. Diagnosable on most models. 90-day warranty. Australian stock, same-day dispatch.",139.00 AUD,https://sc04.alicdn.com/kf/A4698a6c841b14cec8f1ce6fa878c0e0eN.png,Apple,Electronics > Communications > Telephony > Mobile Phone Accessories
SRK-APP-iPhone12-SCR-OEM,iPhone 12 Screen,"DIY iPhone 12 screen replacement kit with factory-sealed OEM Service Pack display — identical to Apple/Samsung/Google original. Full True Tone, Face ID, biometric compatibility. Always diagnosable and pairable with System Configuration. Includes precision toolkit, adhesive, QR video guide. 90-day warranty. Ships from Newcastle AU.",180.00 AUD,https://sc04.alicdn.com/kf/A4698a6c841b14cec8f1ce6fa878c0e0eN.png,Apple,Electronics > Communications > Telephony > Mobile Phone Accessories
SRK-APP-iPhone12Pro-SCR-INCELL,iPhone 12 Pro Screen,"DIY iPhone 12 Pro screen replacement kit with INCELL LCD display. Includes precision pentalobe & tri-point screwdrivers, suction cup, ESD-safe spudgers, pre-cut adhesive strips, and QR-linked step-by-step video guide. 90-day warranty. Ships same day from Newcastle Australia.",99.00 AUD,https://sc04.alicdn.com/kf/A4698a6c841b14cec8f1ce6fa878c0e0eN.png,Apple,Electronics > Communications > Telephony > Mobile Phone Accessories
SRK-APP-iPhone12Pro-SCR-OLED,iPhone 12 Pro Screen,"DIY iPhone 12 Pro screen replacement kit with aftermarket Soft OLED display — vivid colours, true blacks, flush fit with phone frame. Preserves Samsung fingerprint sensor. Includes all precision tools, adhesive, and QR video repair guide. Diagnosable on most models. 90-day warranty. Australian stock, same-day dispatch.",139.00 AUD,https://sc04.alicdn.com/kf/A4698a6c841b14cec8f1ce6fa878c0e0eN.png,Apple,Electronics > Communications > Telephony > Mobile Phone Accessories
SRK-APP-iPhone12Pro-SCR-OEM,iPhone 12 Pro Screen,"DIY iPhone 12 Pro screen replacement kit with factory-sealed OEM Service Pack display — identical to Apple/Samsung/Google original. Full True Tone, Face ID, biometric compatibility. Always diagnosable and pairable with System Configuration. Includes precision toolkit, adhesive, QR video guide. 90-day warranty. Ships from Newcastle AU.",180.00 AUD,https://sc04.alicdn.com/kf/A4698a6c841b14cec8f1ce6fa878c0e0eN.png,Apple,Electronics > Communications > Telephony > Mobile Phone Accessories
SRK-APP-iPhone12ProM-SCR-INCELL,iPhone 12 Pro Max Screen,"DIY iPhone 12 Pro Max screen replacement kit with INCELL LCD display. Includes precision pentalobe & tri-point screwdrivers, suction cup, ESD-safe spudgers, pre-cut adhesive strips, and QR-linked step-by-step video guide. 90-day warranty. Ships same day from Newcastle Australia.",99.00 AUD,https://sc04.alicdn.com/kf/A4698a6c841b14cec8f1ce6fa878c0e0eN.png,Apple,Electronics > Communications > Telephony > Mobile Phone Accessories
SRK-APP-iPhone12ProM-SCR-OLED,iPhone 12 Pro Max Screen,"DIY iPhone 12 Pro Max screen replacement kit with aftermarket Soft OLED display — vivid colours, true blacks, flush fit with phone frame. Preserves Samsung fingerprint sensor. Includes all precision tools, adhesive, and QR video repair guide. Diagnosable on most models. 90-day warranty. Australian stock, same-day dispatch.",139.00 AUD,https://sc04.alicdn.com/kf/A4698a6c841b14cec8f1ce6fa878c0e0eN.png,Apple,Electronics > Communications > Telephony > Mobile Phone Accessories
SRK-APP-iPhone12ProM-SCR-OEM,iPhone 12 Pro Max Screen,"DIY iPhone 12 Pro Max screen replacement kit with factory-sealed OEM Service Pack display — identical to Apple/Samsung/Google original. Full True Tone, Face ID, biometric compatibility. Always diagnosable and pairable with System Configuration. Includes precision toolkit, adhesive, QR video guide. 90-day warranty. Ships from Newcastle AU.",180.00 AUD,https://sc04.alicdn.com/kf/A4698a6c841b14cec8f1ce6fa878c0e0eN.png,Apple,Electronics > Communications > Telephony > Mobile Phone Accessories
SRK-APP-iPhone12Mini-BAT-STD,iPhone 12 Mini Battery,"DIY iPhone 12 Mini battery replacement kit with quality lithium-ion cell matching original mAh capacity. Restores full-day battery life. Includes pentalobe screwdriver, suction cup, spudger, adhesive strips, and QR step-by-step video guide. 90-day warranty. Same-day dispatch from Newcastle Australia.",79.00 AUD,https://sc04.alicdn.com/kf/A4698a6c841b14cec8f1ce6fa878c0e0eN.png,Apple,Electronics > Communications > Telephony > Mobile Phone Accessories
SRK-APP-iPhone12Mini-BAT-DIAG,iPhone 12 Mini Battery,"DIY iPhone 12 Mini diagnosable battery replacement kit — embedded serial chip pairs with Apple System Configuration to restore Battery Health percentage in Settings. Quality cell matching original capacity. Includes all precision tools, adhesive, QR video guide. Optimised Battery Charging restored after pairing. 90-day warranty. Australian stock.",99.00 AUD,https://sc04.alicdn.com/kf/A4698a6c841b14cec8f1ce6fa878c0e0eN.png,Apple,Electronics > Communications > Telephony > Mobile Phone Accessories
SRK-APP-iPhone12-BAT-STD,iPhone 12 Battery,"DIY iPhone 12 battery replacement kit with quality lithium-ion cell matching original mAh capacity. Restores full-day battery life. Includes pentalobe screwdriver, suction cup, spudger, adhesive strips, and QR step-by-step video guide. 90-day warranty. Same-day dispatch from Newcastle Australia.",79.00 AUD,https://sc04.alicdn.com/kf/A4698a6c841b14cec8f1ce6fa878c0e0eN.png,Apple,Electronics > Communications > Telephony > Mobile Phone Accessories
SRK-APP-iPhone12-BAT-DIAG,iPhone 12 Battery,"DIY iPhone 12 diagnosable battery replacement kit — embedded serial chip pairs with Apple System Configuration to restore Battery Health percentage in Settings. Quality cell matching original capacity. Includes all precision tools, adhesive, QR video guide. Optimised Battery Charging restored after pairing. 90-day warranty. Australian stock.",99.00 AUD,https://sc04.alicdn.com/kf/A4698a6c841b14cec8f1ce6fa878c0e0eN.png,Apple,Electronics > Communications > Telephony > Mobile Phone Accessories
SRK-APP-iPhone12Pro-BAT-STD,iPhone 12 Pro Battery,"DIY iPhone 12 Pro battery replacement kit with quality lithium-ion cell matching original mAh capacity. Restores full-day battery life. Includes pentalobe screwdriver, suction cup, spudger, adhesive strips, and QR step-by-step video guide. 90-day warranty. Same-day dispatch from Newcastle Australia.",79.00 AUD,https://sc04.alicdn.com/kf/A4698a6c841b14cec8f1ce6fa878c0e0eN.png,Apple,Electronics > Communications > Telephony > Mobile Phone Accessories
SRK-APP-iPhone12Pro-BAT-DIAG,iPhone 12 Pro Battery,"DIY iPhone 12 Pro diagnosable battery replacement kit — embedded serial chip pairs with Apple System Configuration to restore Battery Health percentage in Settings. Quality cell matching original capacity. Includes all precision tools, adhesive, QR video guide. Optimised Battery Charging restored after pairing. 90-day warranty. Australian stock.",99.00 AUD,https://sc04.alicdn.com/kf/A4698a6c841b14cec8f1ce6fa878c0e0eN.png,Apple,Electronics > Communications > Telephony > Mobile Phone Accessories
SRK-APP-iPhone12ProM-BAT-STD,iPhone 12 Pro Max Battery,"DIY iPhone 12 Pro Max battery replacement kit with quality lithium-ion cell matching original mAh capacity. Restores full-day battery life. Includes pentalobe screwdriver, suction cup, spudger, adhesive strips, and QR step-by-step video guide. 90-day warranty. Same-day dispatch from Newcastle Australia.",79.00 AUD,https://sc04.alicdn.com/kf/A4698a6c841b14cec8f1ce6fa878c0e0eN.png,Apple,Electronics > Communications > Telephony > Mobile Phone Accessories
SRK-APP-iPhone12ProM-BAT-DIAG,iPhone 12 Pro Max Battery,"DIY iPhone 12 Pro Max diagnosable battery replacement kit — embedded serial chip pairs with Apple System Configuration to restore Battery Health percentage in Settings. Quality cell matching original capacity. Includes all precision tools, adhesive, QR video guide. Optimised Battery Charging restored after pairing. 90-day warranty. Australian stock.",99.00 AUD,https://sc04.alicdn.com/kf/A4698a6c841b14cec8f1ce6fa878c0e0eN.png,Apple,Electronics > Communications > Telephony > Mobile Phone Accessories
SRK-APP-iPhone13Mini-SCR-INCELL,iPhone 13 Mini Screen,"DIY iPhone 13 Mini screen replacement kit with INCELL LCD display. Includes precision pentalobe & tri-point screwdrivers, suction cup, ESD-safe spudgers, pre-cut adhesive strips, and QR-linked step-by-step video guide. 90-day warranty. Ships same day from Newcastle Australia.",99.00 AUD,https://sc04.alicdn.com/kf/A4698a6c841b14cec8f1ce6fa878c0e0eN.png,Apple,Electronics > Communications > Telephony > Mobile Phone Accessories
SRK-APP-iPhone13Mini-SCR-OLED,iPhone 13 Mini Screen,"DIY iPhone 13 Mini screen replacement kit with aftermarket Soft OLED display — vivid colours, true blacks, flush fit with phone frame. Preserves Samsung fingerprint sensor. Includes all precision tools, adhesive, and QR video repair guide. Diagnosable on most models. 90-day warranty. Australian stock, same-day dispatch.",120.00 AUD,https://sc04.alicdn.com/kf/A4698a6c841b14cec8f1ce6fa878c0e0eN.png,Apple,Electronics > Communications > Telephony > Mobile Phone Accessories
SRK-APP-iPhone13Mini-SCR-OEM,iPhone 13 Mini Screen,"DIY iPhone 13 Mini screen replacement kit with factory-sealed OEM Service Pack display — identical to Apple/Samsung/Google original. Full True Tone, Face ID, biometric compatibility. Always diagnosable and pairable with System Configuration. Includes precision toolkit, adhesive, QR video guide. 90-day warranty. Ships from Newcastle AU.",180.00 AUD,https://sc04.alicdn.com/kf/A4698a6c841b14cec8f1ce6fa878c0e0eN.png,Apple,Electronics > Communications > Telephony > Mobile Phone Accessories
SRK-APP-iPhone13-SCR-INCELL,iPhone 13 Screen,"DIY iPhone 13 screen replacement kit with INCELL LCD display. Includes precision pentalobe & tri-point screwdrivers, suction cup, ESD-safe spudgers, pre-cut adhesive strips, and QR-linked step-by-step video guide. 90-day warranty. Ships same day from Newcastle Australia.",99.00 AUD,https://sc04.alicdn.com/kf/A4698a6c841b14cec8f1ce6fa878c0e0eN.png,Apple,Electronics > Communications > Telephony > Mobile Phone Accessories
SRK-APP-iPhone13-SCR-OLED,iPhone 13 Screen,"DIY iPhone 13 screen replacement kit with aftermarket Soft OLED display — vivid colours, true blacks, flush fit with phone frame. Preserves Samsung fingerprint sensor. Includes all precision tools, adhesive, and QR video repair guide. Diagnosable on most models. 90-day warranty. Australian stock, same-day dispatch.",120.00 AUD,https://sc04.alicdn.com/kf/A4698a6c841b14cec8f1ce6fa878c0e0eN.png,Apple,Electronics > Communications > Telephony > Mobile Phone Accessories
SRK-APP-iPhone13-SCR-OEM,iPhone 13 Screen,"DIY iPhone 13 screen replacement kit with factory-sealed OEM Service Pack display — identical to Apple/Samsung/Google original. Full True Tone, Face ID, biometric compatibility. Always diagnosable and pairable with System Configuration. Includes precision toolkit, adhesive, QR video guide. 90-day warranty. Ships from Newcastle AU.",180.00 AUD,https://sc04.alicdn.com/kf/A4698a6c841b14cec8f1ce6fa878c0e0eN.png,Apple,Electronics > Communications > Telephony > Mobile Phone Accessories
SRK-APP-iPhone13Pro-SCR-INCELL,iPhone 13 Pro Screen,"DIY iPhone 13 Pro screen replacement kit with INCELL LCD display. Includes precision pentalobe & tri-point screwdrivers, suction cup, ESD-safe spudgers, pre-cut adhesive strips, and QR-linked step-by-step video guide. 90-day warranty. Ships same day from Newcastle Australia.",99.00 AUD,https://sc04.alicdn.com/kf/A4698a6c841b14cec8f1ce6fa878c0e0eN.png,Apple,Electronics > Communications > Telephony > Mobile Phone Accessories
SRK-APP-iPhone13Pro-SCR-OLED,iPhone 13 Pro Screen,"DIY iPhone 13 Pro screen replacement kit with aftermarket Soft OLED display — vivid colours, true blacks, flush fit with phone frame. Preserves Samsung fingerprint sensor. Includes all precision tools, adhesive, and QR video repair guide. Diagnosable on most models. 90-day warranty. Australian stock, same-day dispatch.",120.00 AUD,https://sc04.alicdn.com/kf/A4698a6c841b14cec8f1ce6fa878c0e0eN.png,Apple,Electronics > Communications > Telephony > Mobile Phone Accessories
SRK-APP-iPhone13Pro-SCR-OEM,iPhone 13 Pro Screen,"DIY iPhone 13 Pro screen replacement kit with factory-sealed OEM Service Pack display — identical to Apple/Samsung/Google original. Full True Tone, Face ID, biometric compatibility. Always diagnosable and pairable with System Configuration. Includes precision toolkit, adhesive, QR video guide. 90-day warranty. Ships from Newcastle AU.",180.00 AUD,https://sc04.alicdn.com/kf/A4698a6c841b14cec8f1ce6fa878c0e0eN.png,Apple,Electronics > Communications > Telephony > Mobile Phone Accessories
SRK-APP-iPhone13ProM-SCR-INCELL,iPhone 13 Pro Max Screen,"DIY iPhone 13 Pro Max screen replacement kit with INCELL LCD display. Includes precision pentalobe & tri-point screwdrivers, suction cup, ESD-safe spudgers, pre-cut adhesive strips, and QR-linked step-by-step video guide. 90-day warranty. Ships same day from Newcastle Australia.",99.00 AUD,https://sc04.alicdn.com/kf/A4698a6c841b14cec8f1ce6fa878c0e0eN.png,Apple,Electronics > Communications > Telephony > Mobile Phone Accessories
SRK-APP-iPhone13ProM-SCR-OLED,iPhone 13 Pro Max Screen,"DIY iPhone 13 Pro Max screen replacement kit with aftermarket Soft OLED display — vivid colours, true blacks, flush fit with phone frame. Preserves Samsung fingerprint sensor. Includes all precision tools, adhesive, and QR video repair guide. Diagnosable on most models. 90-day warranty. Australian stock, same-day dispatch.",120.00 AUD,https://sc04.alicdn.com/kf/A4698a6c841b14cec8f1ce6fa878c0e0eN.png,Apple,Electronics > Communications > Telephony > Mobile Phone Accessories
SRK-APP-iPhone13ProM-SCR-OEM,iPhone 13 Pro Max Screen,"DIY iPhone 13 Pro Max screen replacement kit with factory-sealed OEM Service Pack display — identical to Apple/Samsung/Google original. Full True Tone, Face ID, biometric compatibility. Always diagnosable and pairable with System Configuration. Includes precision toolkit, adhesive, QR video guide. 90-day warranty. Ships from Newcastle AU.",180.00 AUD,https://sc04.alicdn.com/kf/A4698a6c841b14cec8f1ce6fa878c0e0eN.png,Apple,Electronics > Communications > Telephony > Mobile Phone Accessories
SRK-APP-iPhone13Mini-BAT-STD,iPhone 13 Mini Battery,"DIY iPhone 13 Mini battery replacement kit with quality lithium-ion cell matching original mAh capacity. Restores full-day battery life. Includes pentalobe screwdriver, suction cup, spudger, adhesive strips, and QR step-by-step video guide. 90-day warranty. Same-day dispatch from Newcastle Australia.",79.00 AUD,https://sc04.alicdn.com/kf/A4698a6c841b14cec8f1ce6fa878c0e0eN.png,Apple,Electronics > Communications > Telephony > Mobile Phone Accessories
SRK-APP-iPhone13Mini-BAT-DIAG,iPhone 13 Mini Battery,"DIY iPhone 13 Mini diagnosable battery replacement kit — embedded serial chip pairs with Apple System Configuration to restore Battery Health percentage in Settings. Quality cell matching original capacity. Includes all precision tools, adhesive, QR video guide. Optimised Battery Charging restored after pairing. 90-day warranty. Australian stock.",99.00 AUD,https://sc04.alicdn.com/kf/A4698a6c841b14cec8f1ce6fa878c0e0eN.png,Apple,Electronics > Communications > Telephony > Mobile Phone Accessories
SRK-APP-iPhone13-BAT-STD,iPhone 13 Battery,"DIY iPhone 13 battery replacement kit with quality lithium-ion cell matching original mAh capacity. Restores full-day battery life. Includes pentalobe screwdriver, suction cup, spudger, adhesive strips, and QR step-by-step video guide. 90-day warranty. Same-day dispatch from Newcastle Australia.",79.00 AUD,https://sc04.alicdn.com/kf/A4698a6c841b14cec8f1ce6fa878c0e0eN.png,Apple,Electronics > Communications > Telephony > Mobile Phone Accessories
SRK-APP-iPhone13-BAT-DIAG,iPhone 13 Battery,"DIY iPhone 13 diagnosable battery replacement kit — embedded serial chip pairs with Apple System Configuration to restore Battery Health percentage in Settings. Quality cell matching original capacity. Includes all precision tools, adhesive, QR video guide. Optimised Battery Charging restored after pairing. 90-day warranty. Australian stock.",99.00 AUD,https://sc04.alicdn.com/kf/A4698a6c841b14cec8f1ce6fa878c0e0eN.png,Apple,Electronics > Communications > Telephony > Mobile Phone Accessories
SRK-APP-iPhone13Pro-BAT-STD,iPhone 13 Pro Battery,"DIY iPhone 13 Pro battery replacement kit with quality lithium-ion cell matching original mAh capacity. Restores full-day battery life. Includes pentalobe screwdriver, suction cup, spudger, adhesive strips, and QR step-by-step video guide. 90-day warranty. Same-day dispatch from Newcastle Australia.",79.00 AUD,https://sc04.alicdn.com/kf/A4698a6c841b14cec8f1ce6fa878c0e0eN.png,Apple,Electronics > Communications > Telephony > Mobile Phone Accessories
SRK-APP-iPhone13Pro-BAT-DIAG,iPhone 13 Pro Battery,"DIY iPhone 13 Pro diagnosable battery replacement kit — embedded serial chip pairs with Apple System Configuration to restore Battery Health percentage in Settings. Quality cell matching original capacity. Includes all precision tools, adhesive, QR video guide. Optimised Battery Charging restored after pairing. 90-day warranty. Australian stock.",99.00 AUD,https://sc04.alicdn.com/kf/A4698a6c841b14cec8f1ce6fa878c0e0eN.png,Apple,Electronics > Communications > Telephony > Mobile Phone Accessories
SRK-APP-iPhone13ProM-BAT-STD,iPhone 13 Pro Max Battery,"DIY iPhone 13 Pro Max battery replacement kit with quality lithium-ion cell matching original mAh capacity. Restores full-day battery life. Includes pentalobe screwdriver, suction cup, spudger, adhesive strips, and QR step-by-step video guide. 90-day warranty. Same-day dispatch from Newcastle Australia.",79.00 AUD,https://sc04.alicdn.com/kf/A4698a6c841b14cec8f1ce6fa878c0e0eN.png,Apple,Electronics > Communications > Telephony > Mobile Phone Accessories
SRK-APP-iPhone13ProM-BAT-DIAG,iPhone 13 Pro Max Battery,"DIY iPhone 13 Pro Max diagnosable battery replacement kit — embedded serial chip pairs with Apple System Configuration to restore Battery Health percentage in Settings. Quality cell matching original capacity. Includes all precision tools, adhesive, QR video guide. Optimised Battery Charging restored after pairing. 90-day warranty. Australian stock.",99.00 AUD,https://sc04.alicdn.com/kf/A4698a6c841b14cec8f1ce6fa878c0e0eN.png,Apple,Electronics > Communications > Telephony > Mobile Phone Accessories
SRK-APP-iPhone14-SCR-INCELL,iPhone 14 Screen,"DIY iPhone 14 screen replacement kit with INCELL LCD display. Includes precision pentalobe & tri-point screwdrivers, suction cup, ESD-safe spudgers, pre-cut adhesive strips, and QR-linked step-by-step video guide. 90-day warranty. Ships same day from Newcastle Australia.",99.00 AUD,https://sc04.alicdn.com/kf/A4698a6c841b14cec8f1ce6fa878c0e0eN.png,Apple,Electronics > Communications > Telephony > Mobile Phone Accessories
SRK-APP-iPhone14-SCR-OLED,iPhone 14 Screen,"DIY iPhone 14 screen replacement kit with aftermarket Soft OLED display — vivid colours, true blacks, flush fit with phone frame. Preserves Samsung fingerprint sensor. Includes all precision tools, adhesive, and QR video repair guide. Diagnosable on most models. 90-day warranty. Australian stock, same-day dispatch.",120.00 AUD,https://sc04.alicdn.com/kf/A4698a6c841b14cec8f1ce6fa878c0e0eN.png,Apple,Electronics > Communications > Telephony > Mobile Phone Accessories
SRK-APP-iPhone14-SCR-OEM,iPhone 14 Screen,"DIY iPhone 14 screen replacement kit with factory-sealed OEM Service Pack display — identical to Apple/Samsung/Google original. Full True Tone, Face ID, biometric compatibility. Always diagnosable and pairable with System Configuration. Includes precision toolkit, adhesive, QR video guide. 90-day warranty. Ships from Newcastle AU.",180.00 AUD,https://sc04.alicdn.com/kf/A4698a6c841b14cec8f1ce6fa878c0e0eN.png,Apple,Electronics > Communications > Telephony > Mobile Phone Accessories
SRK-APP-iPhone14Plus-SCR-INCELL,iPhone 14 Plus Screen,"DIY iPhone 14 Plus screen replacement kit with INCELL LCD display. Includes precision pentalobe & tri-point screwdrivers, suction cup, ESD-safe spudgers, pre-cut adhesive strips, and QR-linked step-by-step video guide. 90-day warranty. Ships same day from Newcastle Australia.",99.00 AUD,https://sc04.alicdn.com/kf/A4698a6c841b14cec8f1ce6fa878c0e0eN.png,Apple,Electronics > Communications > Telephony > Mobile Phone Accessories
SRK-APP-iPhone14Plus-SCR-OLED,iPhone 14 Plus Screen,"DIY iPhone 14 Plus screen replacement kit with aftermarket Soft OLED display — vivid colours, true blacks, flush fit with phone frame. Preserves Samsung fingerprint sensor. Includes all precision tools, adhesive, and QR video repair guide. Diagnosable on most models. 90-day warranty. Australian stock, same-day dispatch.",120.00 AUD,https://sc04.alicdn.com/kf/A4698a6c841b14cec8f1ce6fa878c0e0eN.png,Apple,Electronics > Communications > Telephony > Mobile Phone Accessories
SRK-APP-iPhone14Plus-SCR-OEM,iPhone 14 Plus Screen,"DIY iPhone 14 Plus screen replacement kit with factory-sealed OEM Service Pack display — identical to Apple/Samsung/Google original. Full True Tone, Face ID, biometric compatibility. Always diagnosable and pairable with System Configuration. Includes precision toolkit, adhesive, QR video guide. 90-day warranty. Ships from Newcastle AU.",180.00 AUD,https://sc04.alicdn.com/kf/A4698a6c841b14cec8f1ce6fa878c0e0eN.png,Apple,Electronics > Communications > Telephony > Mobile Phone Accessories
SRK-APP-iPhone14Pro-SCR-INCELL,iPhone 14 Pro Screen,"DIY iPhone 14 Pro screen replacement kit with INCELL LCD display. Includes precision pentalobe & tri-point screwdrivers, suction cup, ESD-safe spudgers, pre-cut adhesive strips, and QR-linked step-by-step video guide. 90-day warranty. Ships same day from Newcastle Australia.",99.00 AUD,https://sc04.alicdn.com/kf/A4698a6c841b14cec8f1ce6fa878c0e0eN.png,Apple,Electronics > Communications > Telephony > Mobile Phone Accessories
SRK-APP-iPhone14Pro-SCR-OLED,iPhone 14 Pro Screen,"DIY iPhone 14 Pro screen replacement kit with aftermarket Soft OLED display — vivid colours, true blacks, flush fit with phone frame. Preserves Samsung fingerprint sensor. Includes all precision tools, adhesive, and QR video repair guide. Diagnosable on most models. 90-day warranty. Australian stock, same-day dispatch.",120.00 AUD,https://sc04.alicdn.com/kf/A4698a6c841b14cec8f1ce6fa878c0e0eN.png,Apple,Electronics > Communications > Telephony > Mobile Phone Accessories
SRK-APP-iPhone14Pro-SCR-OEM,iPhone 14 Pro Screen,"DIY iPhone 14 Pro screen replacement kit with factory-sealed OEM Service Pack display — identical to Apple/Samsung/Google original. Full True Tone, Face ID, biometric compatibility. Always diagnosable and pairable with System Configuration. Includes precision toolkit, adhesive, QR video guide. 90-day warranty. Ships from Newcastle AU.",180.00 AUD,https://sc04.alicdn.com/kf/A4698a6c841b14cec8f1ce6fa878c0e0eN.png,Apple,Electronics > Communications > Telephony > Mobile Phone Accessories
SRK-APP-iPhone14ProM-SCR-INCELL,iPhone 14 Pro Max Screen,"DIY iPhone 14 Pro Max screen replacement kit with INCELL LCD display. Includes precision pentalobe & tri-point screwdrivers, suction cup, ESD-safe spudgers, pre-cut adhesive strips, and QR-linked step-by-step video guide. 90-day warranty. Ships same day from Newcastle Australia.",99.00 AUD,https://sc04.alicdn.com/kf/A4698a6c841b14cec8f1ce6fa878c0e0eN.png,Apple,Electronics > Communications > Telephony > Mobile Phone Accessories
SRK-APP-iPhone14ProM-SCR-OLED,iPhone 14 Pro Max Screen,"DIY iPhone 14 Pro Max screen replacement kit with aftermarket Soft OLED display — vivid colours, true blacks, flush fit with phone frame. Preserves Samsung fingerprint sensor. Includes all precision tools, adhesive, and QR video repair guide. Diagnosable on most models. 90-day warranty. Australian stock, same-day dispatch.",120.00 AUD,https://sc04.alicdn.com/kf/A4698a6c841b14cec8f1ce6fa878c0e0eN.png,Apple,Electronics > Communications > Telephony > Mobile Phone Accessories
SRK-APP-iPhone14ProM-SCR-OEM,iPhone 14 Pro Max Screen,"DIY iPhone 14 Pro Max screen replacement kit with factory-sealed OEM Service Pack display — identical to Apple/Samsung/Google original. Full True Tone, Face ID, biometric compatibility. Always diagnosable and pairable with System Configuration. Includes precision toolkit, adhesive, QR video guide. 90-day warranty. Ships from Newcastle AU.",180.00 AUD,https://sc04.alicdn.com/kf/A4698a6c841b14cec8f1ce6fa878c0e0eN.png,Apple,Electronics > Communications > Telephony > Mobile Phone Accessories
SRK-APP-iPhone14-BAT-STD,iPhone 14 Battery,"DIY iPhone 14 battery replacement kit with quality lithium-ion cell matching original mAh capacity. Restores full-day battery life. Includes pentalobe screwdriver, suction cup, spudger, adhesive strips, and QR step-by-step video guide. 90-day warranty. Same-day dispatch from Newcastle Australia.",79.00 AUD,https://sc04.alicdn.com/kf/A4698a6c841b14cec8f1ce6fa878c0e0eN.png,Apple,Electronics > Communications > Telephony > Mobile Phone Accessories
SRK-APP-iPhone14-BAT-DIAG,iPhone 14 Battery,"DIY iPhone 14 diagnosable battery replacement kit — embedded serial chip pairs with Apple System Configuration to restore Battery Health percentage in Settings. Quality cell matching original capacity. Includes all precision tools, adhesive, QR video guide. Optimised Battery Charging restored after pairing. 90-day warranty. Australian stock.",99.00 AUD,https://sc04.alicdn.com/kf/A4698a6c841b14cec8f1ce6fa878c0e0eN.png,Apple,Electronics > Communications > Telephony > Mobile Phone Accessories
SRK-APP-iPhone14Plus-BAT-STD,iPhone 14 Plus Battery,"DIY iPhone 14 Plus battery replacement kit with quality lithium-ion cell matching original mAh capacity. Restores full-day battery life. Includes pentalobe screwdriver, suction cup, spudger, adhesive strips, and QR step-by-step video guide. 90-day warranty. Same-day dispatch from Newcastle Australia.",79.00 AUD,https://sc04.alicdn.com/kf/A4698a6c841b14cec8f1ce6fa878c0e0eN.png,Apple,Electronics > Communications > Telephony > Mobile Phone Accessories
SRK-APP-iPhone14Plus-BAT-DIAG,iPhone 14 Plus Battery,"DIY iPhone 14 Plus diagnosable battery replacement kit — embedded serial chip pairs with Apple System Configuration to restore Battery Health percentage in Settings. Quality cell matching original capacity. Includes all precision tools, adhesive, QR video guide. Optimised Battery Charging restored after pairing. 90-day warranty. Australian stock.",99.00 AUD,https://sc04.alicdn.com/kf/A4698a6c841b14cec8f1ce6fa878c0e0eN.png,Apple,Electronics > Communications > Telephony > Mobile Phone Accessories
SRK-APP-iPhone14Pro-BAT-STD,iPhone 14 Pro Battery,"DIY iPhone 14 Pro battery replacement kit with quality lithium-ion cell matching original mAh capacity. Restores full-day battery life. Includes pentalobe screwdriver, suction cup, spudger, adhesive strips, and QR step-by-step video guide. 90-day warranty. Same-day dispatch from Newcastle Australia.",79.00 AUD,https://sc04.alicdn.com/kf/A4698a6c841b14cec8f1ce6fa878c0e0eN.png,Apple,Electronics > Communications > Telephony > Mobile Phone Accessories
SRK-APP-iPhone14Pro-BAT-DIAG,iPhone 14 Pro Battery,"DIY iPhone 14 Pro diagnosable battery replacement kit — embedded serial chip pairs with Apple System Configuration to restore Battery Health percentage in Settings. Quality cell matching original capacity. Includes all precision tools, adhesive, QR video guide. Optimised Battery Charging restored after pairing. 90-day warranty. Australian stock.",99.00 AUD,https://sc04.alicdn.com/kf/A4698a6c841b14cec8f1ce6fa878c0e0eN.png,Apple,Electronics > Communications > Telephony > Mobile Phone Accessories
SRK-APP-iPhone14ProM-BAT-STD,iPhone 14 Pro Max Battery,"DIY iPhone 14 Pro Max battery replacement kit with quality lithium-ion cell matching original mAh capacity. Restores full-day battery life. Includes pentalobe screwdriver, suction cup, spudger, adhesive strips, and QR step-by-step video guide. 90-day warranty. Same-day dispatch from Newcastle Australia.",79.00 AUD,https://sc04.alicdn.com/kf/A4698a6c841b14cec8f1ce6fa878c0e0eN.png,Apple,Electronics > Communications > Telephony > Mobile Phone Accessories
SRK-APP-iPhone14ProM-BAT-DIAG,iPhone 14 Pro Max Battery,"DIY iPhone 14 Pro Max diagnosable battery replacement kit — embedded serial chip pairs with Apple System Configuration to restore Battery Health percentage in Settings. Quality cell matching original capacity. Includes all precision tools, adhesive, QR video guide. Optimised Battery Charging restored after pairing. 90-day warranty. Australian stock.",99.00 AUD,https://sc04.alicdn.com/kf/A4698a6c841b14cec8f1ce6fa878c0e0eN.png,Apple,Electronics > Communications > Telephony > Mobile Phone Accessories
SRK-APP-iPhone15-SCR-INCELL,iPhone 15 Screen,"DIY iPhone 15 screen replacement kit with INCELL LCD display. Includes precision pentalobe & tri-point screwdrivers, suction cup, ESD-safe spudgers, pre-cut adhesive strips, and QR-linked step-by-step video guide. 90-day warranty. Ships same day from Newcastle Australia.",99.00 AUD,https://sc04.alicdn.com/kf/A4698a6c841b14cec8f1ce6fa878c0e0eN.png,Apple,Electronics > Communications > Telephony > Mobile Phone Accessories
SRK-APP-iPhone15-SCR-OLED,iPhone 15 Screen,"DIY iPhone 15 screen replacement kit with aftermarket Soft OLED display — vivid colours, true blacks, flush fit with phone frame. Preserves Samsung fingerprint sensor. Includes all precision tools, adhesive, and QR video repair guide. Diagnosable on most models. 90-day warranty. Australian stock, same-day dispatch.",120.00 AUD,https://sc04.alicdn.com/kf/A4698a6c841b14cec8f1ce6fa878c0e0eN.png,Apple,Electronics > Communications > Telephony > Mobile Phone Accessories
SRK-APP-iPhone15-SCR-OEM,iPhone 15 Screen,"DIY iPhone 15 screen replacement kit with factory-sealed OEM Service Pack display — identical to Apple/Samsung/Google original. Full True Tone, Face ID, biometric compatibility. Always diagnosable and pairable with System Configuration. Includes precision toolkit, adhesive, QR video guide. 90-day warranty. Ships from Newcastle AU.",189.00 AUD,https://sc04.alicdn.com/kf/A4698a6c841b14cec8f1ce6fa878c0e0eN.png,Apple,Electronics > Communications > Telephony > Mobile Phone Accessories
SRK-APP-iPhone15Pro-SCR-INCELL,iPhone 15 Pro Screen,"DIY iPhone 15 Pro screen replacement kit with INCELL LCD display. Includes precision pentalobe & tri-point screwdrivers, suction cup, ESD-safe spudgers, pre-cut adhesive strips, and QR-linked step-by-step video guide. 90-day warranty. Ships same day from Newcastle Australia.",99.00 AUD,https://sc04.alicdn.com/kf/A4698a6c841b14cec8f1ce6fa878c0e0eN.png,Apple,Electronics > Communications > Telephony > Mobile Phone Accessories
SRK-APP-iPhone15Pro-SCR-OLED,iPhone 15 Pro Screen,"DIY iPhone 15 Pro screen replacement kit with aftermarket Soft OLED display — vivid colours, true blacks, flush fit with phone frame. Preserves Samsung fingerprint sensor. Includes all precision tools, adhesive, and QR video repair guide. Diagnosable on most models. 90-day warranty. Australian stock, same-day dispatch.",120.00 AUD,https://sc04.alicdn.com/kf/A4698a6c841b14cec8f1ce6fa878c0e0eN.png,Apple,Electronics > Communications > Telephony > Mobile Phone Accessories
SRK-APP-iPhone15Pro-SCR-OEM,iPhone 15 Pro Screen,"DIY iPhone 15 Pro screen replacement kit with factory-sealed OEM Service Pack display — identical to Apple/Samsung/Google original. Full True Tone, Face ID, biometric compatibility. Always diagnosable and pairable with System Configuration. Includes precision toolkit, adhesive, QR video guide. 90-day warranty. Ships from Newcastle AU.",189.00 AUD,https://sc04.alicdn.com/kf/A4698a6c841b14cec8f1ce6fa878c0e0eN.png,Apple,Electronics > Communications > Telephony > Mobile Phone Accessories
SRK-APP-iPhone15ProM-SCR-INCELL,iPhone 15 Pro Max Screen,"DIY iPhone 15 Pro Max screen replacement kit with INCELL LCD display. Includes precision pentalobe & tri-point screwdrivers, suction cup, ESD-safe spudgers, pre-cut adhesive strips, and QR-linked step-by-step video guide. 90-day warranty. Ships same day from Newcastle Australia.",99.00 AUD,https://sc04.alicdn.com/kf/A4698a6c841b14cec8f1ce6fa878c0e0eN.png,Apple,Electronics > Communications > Telephony > Mobile Phone Accessories
SRK-APP-iPhone15ProM-SCR-OLED,iPhone 15 Pro Max Screen,"DIY iPhone 15 Pro Max screen replacement kit with aftermarket Soft OLED display — vivid colours, true blacks, flush fit with phone frame. Preserves Samsung fingerprint sensor. Includes all precision tools, adhesive, and QR video repair guide. Diagnosable on most models. 90-day warranty. Australian stock, same-day dispatch.",120.00 AUD,https://sc04.alicdn.com/kf/A4698a6c841b14cec8f1ce6fa878c0e0eN.png,Apple,Electronics > Communications > Telephony > Mobile Phone Accessories
SRK-APP-iPhone15ProM-SCR-OEM,iPhone 15 Pro Max Screen,"DIY iPhone 15 Pro Max screen replacement kit with factory-sealed OEM Service Pack display — identical to Apple/Samsung/Google original. Full True Tone, Face ID, biometric compatibility. Always diagnosable and pairable with System Configuration. Includes precision toolkit, adhesive, QR video guide. 90-day warranty. Ships from Newcastle AU.",189.00 AUD,https://sc04.alicdn.com/kf/A4698a6c841b14cec8f1ce6fa878c0e0eN.png,Apple,Electronics > Communications > Telephony > Mobile Phone Accessories
SRK-APP-iPhone16-SCR-INCELL,iPhone 16 Screen,"DIY iPhone 16 screen replacement kit with INCELL LCD display. Includes precision pentalobe & tri-point screwdrivers, suction cup, ESD-safe spudgers, pre-cut adhesive strips, and QR-linked step-by-step video guide. 90-day warranty. Ships same day from Newcastle Australia.",110.00 AUD,https://sc04.alicdn.com/kf/A4698a6c841b14cec8f1ce6fa878c0e0eN.png,Apple,Electronics > Communications > Telephony > Mobile Phone Accessories
SRK-APP-iPhone16-SCR-OLED,iPhone 16 Screen,"DIY iPhone 16 screen replacement kit with aftermarket Soft OLED display — vivid colours, true blacks, flush fit with phone frame. Preserves Samsung fingerprint sensor. Includes all precision tools, adhesive, and QR video repair guide. Diagnosable on most models. 90-day warranty. Australian stock, same-day dispatch.",150.00 AUD,https://sc04.alicdn.com/kf/A4698a6c841b14cec8f1ce6fa878c0e0eN.png,Apple,Electronics > Communications > Telephony > Mobile Phone Accessories
SRK-APP-iPhone16-SCR-OEM,iPhone 16 Screen,"DIY iPhone 16 screen replacement kit with factory-sealed OEM Service Pack display — identical to Apple/Samsung/Google original. Full True Tone, Face ID, biometric compatibility. Always diagnosable and pairable with System Configuration. Includes precision toolkit, adhesive, QR video guide. 90-day warranty. Ships from Newcastle AU.",225.00 AUD,https://sc04.alicdn.com/kf/A4698a6c841b14cec8f1ce6fa878c0e0eN.png,Apple,Electronics > Communications > Telephony > Mobile Phone Accessories
SRK-APP-iPhone16Pro-SCR-INCELL,iPhone 16 Pro Screen,"DIY iPhone 16 Pro screen replacement kit with INCELL LCD display. Includes precision pentalobe & tri-point screwdrivers, suction cup, ESD-safe spudgers, pre-cut adhesive strips, and QR-linked step-by-step video guide. 90-day warranty. Ships same day from Newcastle Australia.",110.00 AUD,https://sc04.alicdn.com/kf/A4698a6c841b14cec8f1ce6fa878c0e0eN.png,Apple,Electronics > Communications > Telephony > Mobile Phone Accessories
SRK-APP-iPhone16Pro-SCR-OLED,iPhone 16 Pro Screen,"DIY iPhone 16 Pro screen replacement kit with aftermarket Soft OLED display — vivid colours, true blacks, flush fit with phone frame. Preserves Samsung fingerprint sensor. Includes all precision tools, adhesive, and QR video repair guide. Diagnosable on most models. 90-day warranty. Australian stock, same-day dispatch.",150.00 AUD,https://sc04.alicdn.com/kf/A4698a6c841b14cec8f1ce6fa878c0e0eN.png,Apple,Electronics > Communications > Telephony > Mobile Phone Accessories
SRK-APP-iPhone16Pro-SCR-OEM,iPhone 16 Pro Screen,"DIY iPhone 16 Pro screen replacement kit with factory-sealed OEM Service Pack display — identical to Apple/Samsung/Google original. Full True Tone, Face ID, biometric compatibility. Always diagnosable and pairable with System Configuration. Includes precision toolkit, adhesive, QR video guide. 90-day warranty. Ships from Newcastle AU.",225.00 AUD,https://sc04.alicdn.com/kf/A4698a6c841b14cec8f1ce6fa878c0e0eN.png,Apple,Electronics > Communications > Telephony > Mobile Phone Accessories
SRK-APP-iPhone16ProM-SCR-INCELL,iPhone 16 Pro Max Screen,"DIY iPhone 16 Pro Max screen replacement kit with INCELL LCD display. Includes precision pentalobe & tri-point screwdrivers, suction cup, ESD-safe spudgers, pre-cut adhesive strips, and QR-linked step-by-step video guide. 90-day warranty. Ships same day from Newcastle Australia.",110.00 AUD,https://sc04.alicdn.com/kf/A4698a6c841b14cec8f1ce6fa878c0e0eN.png,Apple,Electronics > Communications > Telephony > Mobile Phone Accessories
SRK-APP-iPhone16ProM-SCR-OLED,iPhone 16 Pro Max Screen,"DIY iPhone 16 Pro Max screen replacement kit with aftermarket Soft OLED display — vivid colours, true blacks, flush fit with phone frame. Preserves Samsung fingerprint sensor. Includes all precision tools, adhesive, and QR video repair guide. Diagnosable on most models. 90-day warranty. Australian stock, same-day dispatch.",150.00 AUD,https://sc04.alicdn.com/kf/A4698a6c841b14cec8f1ce6fa878c0e0eN.png,Apple,Electronics > Communications > Telephony > Mobile Phone Accessories
SRK-APP-iPhone16ProM-SCR-OEM,iPhone 16 Pro Max Screen,"DIY iPhone 16 Pro Max screen replacement kit with factory-sealed OEM Service Pack display — identical to Apple/Samsung/Google original. Full True Tone, Face ID, biometric compatibility. Always diagnosable and pairable with System Configuration. Includes precision toolkit, adhesive, QR video guide. 90-day warranty. Ships from Newcastle AU.",225.00 AUD,https://sc04.alicdn.com/kf/A4698a6c841b14cec8f1ce6fa878c0e0eN.png,Apple,Electronics > Communications > Telephony > Mobile Phone Accessories
SRK-APP-iPhone17-SCR-INCELL,iPhone 17 Screen,"DIY iPhone 17 screen replacement kit with INCELL LCD display. Includes precision pentalobe & tri-point screwdrivers, suction cup, ESD-safe spudgers, pre-cut adhesive strips, and QR-linked step-by-step video guide. 90-day warranty. Ships same day from Newcastle Australia.",115.00 AUD,https://sc04.alicdn.com/kf/A4698a6c841b14cec8f1ce6fa878c0e0eN.png,Apple,Electronics > Communications > Telephony > Mobile Phone Accessories
SRK-APP-iPhone17-SCR-OLED,iPhone 17 Screen,"DIY iPhone 17 screen replacement kit with aftermarket Soft OLED display — vivid colours, true blacks, flush fit with phone frame. Preserves Samsung fingerprint sensor. Includes all precision tools, adhesive, and QR video repair guide. Diagnosable on most models. 90-day warranty. Australian stock, same-day dispatch.",150.00 AUD,https://sc04.alicdn.com/kf/A4698a6c841b14cec8f1ce6fa878c0e0eN.png,Apple,Electronics > Communications > Telephony > Mobile Phone Accessories
SRK-APP-iPhone17-SCR-OEM,iPhone 17 Screen,"DIY iPhone 17 screen replacement kit with factory-sealed OEM Service Pack display — identical to Apple/Samsung/Google original. Full True Tone, Face ID, biometric compatibility. Always diagnosable and pairable with System Configuration. Includes precision toolkit, adhesive, QR video guide. 90-day warranty. Ships from Newcastle AU.",279.00 AUD,https://sc04.alicdn.com/kf/A4698a6c841b14cec8f1ce6fa878c0e0eN.png,Apple,Electronics > Communications > Telephony > Mobile Phone Accessories
SRK-APP-iPhone17Pro-SCR-INCELL,iPhone 17 Pro Screen,"DIY iPhone 17 Pro screen replacement kit with INCELL LCD display. Includes precision pentalobe & tri-point screwdrivers, suction cup, ESD-safe spudgers, pre-cut adhesive strips, and QR-linked step-by-step video guide. 90-day warranty. Ships same day from Newcastle Australia.",115.00 AUD,https://sc04.alicdn.com/kf/A4698a6c841b14cec8f1ce6fa878c0e0eN.png,Apple,Electronics > Communications > Telephony > Mobile Phone Accessories
SRK-APP-iPhone17Pro-SCR-OLED,iPhone 17 Pro Screen,"DIY iPhone 17 Pro screen replacement kit with aftermarket Soft OLED display — vivid colours, true blacks, flush fit with phone frame. Preserves Samsung fingerprint sensor. Includes all precision tools, adhesive, and QR video repair guide. Diagnosable on most models. 90-day warranty. Australian stock, same-day dispatch.",150.00 AUD,https://sc04.alicdn.com/kf/A4698a6c841b14cec8f1ce6fa878c0e0eN.png,Apple,Electronics > Communications > Telephony > Mobile Phone Accessories
SRK-APP-iPhone17Pro-SCR-OEM,iPhone 17 Pro Screen,"DIY iPhone 17 Pro screen replacement kit with factory-sealed OEM Service Pack display — identical to Apple/Samsung/Google original. Full True Tone, Face ID, biometric compatibility. Always diagnosable and pairable with System Configuration. Includes precision toolkit, adhesive, QR video guide. 90-day warranty. Ships from Newcastle AU.",279.00 AUD,https://sc04.alicdn.com/kf/A4698a6c841b14cec8f1ce6fa878c0e0eN.png,Apple,Electronics > Communications > Telephony > Mobile Phone Accessories
SRK-APP-iPhone17ProM-SCR-INCELL,iPhone 17 Pro Max Screen,"DIY iPhone 17 Pro Max screen replacement kit with INCELL LCD display. Includes precision pentalobe & tri-point screwdrivers, suction cup, ESD-safe spudgers, pre-cut adhesive strips, and QR-linked step-by-step video guide. 90-day warranty. Ships same day from Newcastle Australia.",115.00 AUD,https://sc04.alicdn.com/kf/A4698a6c841b14cec8f1ce6fa878c0e0eN.png,Apple,Electronics > Communications > Telephony > Mobile Phone Accessories
SRK-APP-iPhone17ProM-SCR-OLED,iPhone 17 Pro Max Screen,"DIY iPhone 17 Pro Max screen replacement kit with aftermarket Soft OLED display — vivid colours, true blacks, flush fit with phone frame. Preserves Samsung fingerprint sensor. Includes all precision tools, adhesive, and QR video repair guide. Diagnosable on most models. 90-day warranty. Australian stock, same-day dispatch.",150.00 AUD,https://sc04.alicdn.com/kf/A4698a6c841b14cec8f1ce6fa878c0e0eN.png,Apple,Electronics > Communications > Telephony > Mobile Phone Accessories
SRK-APP-iPhone17ProM-SCR-OEM,iPhone 17 Pro Max Screen,"DIY iPhone 17 Pro Max screen replacement kit with factory-sealed OEM Service Pack display — identical to Apple/Samsung/Google original. Full True Tone, Face ID, biometric compatibility. Always diagnosable and pairable with System Configuration. Includes precision toolkit, adhesive, QR video guide. 90-day warranty. Ships from Newcastle AU.",279.00 AUD,https://sc04.alicdn.com/kf/A4698a6c841b14cec8f1ce6fa878c0e0eN.png,Apple,Electronics > Communications > Telephony > Mobile Phone Accessories
SRK-APP-iPhone15-BAT-STD,iPhone 15 Battery,"DIY iPhone 15 battery replacement kit with quality lithium-ion cell matching original mAh capacity. Restores full-day battery life. Includes pentalobe screwdriver, suction cup, spudger, adhesive strips, and QR step-by-step video guide. 90-day warranty. Same-day dispatch from Newcastle Australia.",79.00 AUD,https://sc04.alicdn.com/kf/A4698a6c841b14cec8f1ce6fa878c0e0eN.png,Apple,Electronics > Communications > Telephony > Mobile Phone Accessories
SRK-APP-iPhone15-BAT-DIAG,iPhone 15 Battery,"DIY iPhone 15 diagnosable battery replacement kit — embedded serial chip pairs with Apple System Configuration to restore Battery Health percentage in Settings. Quality cell matching original capacity. Includes all precision tools, adhesive, QR video guide. Optimised Battery Charging restored after pairing. 90-day warranty. Australian stock.",129.00 AUD,https://sc04.alicdn.com/kf/A4698a6c841b14cec8f1ce6fa878c0e0eN.png,Apple,Electronics > Communications > Telephony > Mobile Phone Accessories
SRK-APP-iPhone15Pro-BAT-STD,iPhone 15 Pro Battery,"DIY iPhone 15 Pro battery replacement kit with quality lithium-ion cell matching original mAh capacity. Restores full-day battery life. Includes pentalobe screwdriver, suction cup, spudger, adhesive strips, and QR step-by-step video guide. 90-day warranty. Same-day dispatch from Newcastle Australia.",79.00 AUD,https://sc04.alicdn.com/kf/A4698a6c841b14cec8f1ce6fa878c0e0eN.png,Apple,Electronics > Communications > Telephony > Mobile Phone Accessories
SRK-APP-iPhone15Pro-BAT-DIAG,iPhone 15 Pro Battery,"DIY iPhone 15 Pro diagnosable battery replacement kit — embedded serial chip pairs with Apple System Configuration to restore Battery Health percentage in Settings. Quality cell matching original capacity. Includes all precision tools, adhesive, QR video guide. Optimised Battery Charging restored after pairing. 90-day warranty. Australian stock.",129.00 AUD,https://sc04.alicdn.com/kf/A4698a6c841b14cec8f1ce6fa878c0e0eN.png,Apple,Electronics > Communications > Telephony > Mobile Phone Accessories
SRK-APP-iPhone15ProM-BAT-STD,iPhone 15 Pro Max Battery,"DIY iPhone 15 Pro Max battery replacement kit with quality lithium-ion cell matching original mAh capacity. Restores full-day battery life. Includes pentalobe screwdriver, suction cup, spudger, adhesive strips, and QR step-by-step video guide. 90-day warranty. Same-day dispatch from Newcastle Australia.",79.00 AUD,https://sc04.alicdn.com/kf/A4698a6c841b14cec8f1ce6fa878c0e0eN.png,Apple,Electronics > Communications > Telephony > Mobile Phone Accessories
SRK-APP-iPhone15ProM-BAT-DIAG,iPhone 15 Pro Max Battery,"DIY iPhone 15 Pro Max diagnosable battery replacement kit — embedded serial chip pairs with Apple System Configuration to restore Battery Health percentage in Settings. Quality cell matching original capacity. Includes all precision tools, adhesive, QR video guide. Optimised Battery Charging restored after pairing. 90-day warranty. Australian stock.",129.00 AUD,https://sc04.alicdn.com/kf/A4698a6c841b14cec8f1ce6fa878c0e0eN.png,Apple,Electronics > Communications > Telephony > Mobile Phone Accessories
SRK-APP-iPhone16-BAT-STD,iPhone 16 Battery,"DIY iPhone 16 battery replacement kit with quality lithium-ion cell matching original mAh capacity. Restores full-day battery life. Includes pentalobe screwdriver, suction cup, spudger, adhesive strips, and QR step-by-step video guide. 90-day warranty. Same-day dispatch from Newcastle Australia.",79.00 AUD,https://sc04.alicdn.com/kf/A4698a6c841b14cec8f1ce6fa878c0e0eN.png,Apple,Electronics > Communications > Telephony > Mobile Phone Accessories
SRK-APP-iPhone16-BAT-DIAG,iPhone 16 Battery,"DIY iPhone 16 diagnosable battery replacement kit — embedded serial chip pairs with Apple System Configuration to restore Battery Health percentage in Settings. Quality cell matching original capacity. Includes all precision tools, adhesive, QR video guide. Optimised Battery Charging restored after pairing. 90-day warranty. Australian stock.",129.00 AUD,https://sc04.alicdn.com/kf/A4698a6c841b14cec8f1ce6fa878c0e0eN.png,Apple,Electronics > Communications > Telephony > Mobile Phone Accessories
SRK-APP-iPhone16Pro-BAT-STD,iPhone 16 Pro Battery,"DIY iPhone 16 Pro battery replacement kit with quality lithium-ion cell matching original mAh capacity. Restores full-day battery life. Includes pentalobe screwdriver, suction cup, spudger, adhesive strips, and QR step-by-step video guide. 90-day warranty. Same-day dispatch from Newcastle Australia.",79.00 AUD,https://sc04.alicdn.com/kf/A4698a6c841b14cec8f1ce6fa878c0e0eN.png,Apple,Electronics > Communications > Telephony > Mobile Phone Accessories
SRK-APP-iPhone16Pro-BAT-DIAG,iPhone 16 Pro Battery,"DIY iPhone 16 Pro diagnosable battery replacement kit — embedded serial chip pairs with Apple System Configuration to restore Battery Health percentage in Settings. Quality cell matching original capacity. Includes all precision tools, adhesive, QR video guide. Optimised Battery Charging restored after pairing. 90-day warranty. Australian stock.",129.00 AUD,https://sc04.alicdn.com/kf/A4698a6c841b14cec8f1ce6fa878c0e0eN.png,Apple,Electronics > Communications > Telephony > Mobile Phone Accessories
SRK-APP-iPhone16ProM-BAT-STD,iPhone 16 Pro Max Battery,"DIY iPhone 16 Pro Max battery replacement kit with quality lithium-ion cell matching original mAh capacity. Restores full-day battery life. Includes pentalobe screwdriver, suction cup, spudger, adhesive strips, and QR step-by-step video guide. 90-day warranty. Same-day dispatch from Newcastle Australia.",79.00 AUD,https://sc04.alicdn.com/kf/A4698a6c841b14cec8f1ce6fa878c0e0eN.png,Apple,Electronics > Communications > Telephony > Mobile Phone Accessories
SRK-APP-iPhone16ProM-BAT-DIAG,iPhone 16 Pro Max Battery,"DIY iPhone 16 Pro Max diagnosable battery replacement kit — embedded serial chip pairs with Apple System Configuration to restore Battery Health percentage in Settings. Quality cell matching original capacity. Includes all precision tools, adhesive, QR video guide. Optimised Battery Charging restored after pairing. 90-day warranty. Australian stock.",129.00 AUD,https://sc04.alicdn.com/kf/A4698a6c841b14cec8f1ce6fa878c0e0eN.png,Apple,Electronics > Communications > Telephony > Mobile Phone Accessories
SRK-APP-iPhone17-BAT-STD,iPhone 17 Battery,"DIY iPhone 17 battery replacement kit with quality lithium-ion cell matching original mAh capacity. Restores full-day battery life. Includes pentalobe screwdriver, suction cup, spudger, adhesive strips, and QR step-by-step video guide. 90-day warranty. Same-day dispatch from Newcastle Australia.",79.00 AUD,https://sc04.alicdn.com/kf/A4698a6c841b14cec8f1ce6fa878c0e0eN.png,Apple,Electronics > Communications > Telephony > Mobile Phone Accessories
SRK-APP-iPhone17-BAT-DIAG,iPhone 17 Battery,"DIY iPhone 17 diagnosable battery replacement kit — embedded serial chip pairs with Apple System Configuration to restore Battery Health percentage in Settings. Quality cell matching original capacity. Includes all precision tools, adhesive, QR video guide. Optimised Battery Charging restored after pairing. 90-day warranty. Australian stock.",129.00 AUD,https://sc04.alicdn.com/kf/A4698a6c841b14cec8f1ce6fa878c0e0eN.png,Apple,Electronics > Communications > Telephony > Mobile Phone Accessories
SRK-APP-iPhone17Pro-BAT-STD,iPhone 17 Pro Battery,"DIY iPhone 17 Pro battery replacement kit with quality lithium-ion cell matching original mAh capacity. Restores full-day battery life. Includes pentalobe screwdriver, suction cup, spudger, adhesive strips, and QR step-by-step video guide. 90-day warranty. Same-day dispatch from Newcastle Australia.",79.00 AUD,https://sc04.alicdn.com/kf/A4698a6c841b14cec8f1ce6fa878c0e0eN.png,Apple,Electronics > Communications > Telephony > Mobile Phone Accessories
SRK-APP-iPhone17Pro-BAT-DIAG,iPhone 17 Pro Battery,"DIY iPhone 17 Pro diagnosable battery replacement kit — embedded serial chip pairs with Apple System Configuration to restore Battery Health percentage in Settings. Quality cell matching original capacity. Includes all precision tools, adhesive, QR video guide. Optimised Battery Charging restored after pairing. 90-day warranty. Australian stock.",129.00 AUD,https://sc04.alicdn.com/kf/A4698a6c841b14cec8f1ce6fa878c0e0eN.png,Apple,Electronics > Communications > Telephony > Mobile Phone Accessories
SRK-APP-iPhone17ProM-BAT-STD,iPhone 17 Pro Max Battery,"DIY iPhone 17 Pro Max battery replacement kit with quality lithium-ion cell matching original mAh capacity. Restores full-day battery life. Includes pentalobe screwdriver, suction cup, spudger, adhesive strips, and QR step-by-step video guide. 90-day warranty. Same-day dispatch from Newcastle Australia.",79.00 AUD,https://sc04.alicdn.com/kf/A4698a6c841b14cec8f1ce6fa878c0e0eN.png,Apple,Electronics > Communications > Telephony > Mobile Phone Accessories
SRK-APP-iPhone17ProM-BAT-DIAG,iPhone 17 Pro Max Battery,"DIY iPhone 17 Pro Max diagnosable battery replacement kit — embedded serial chip pairs with Apple System Configuration to restore Battery Health percentage in Settings. Quality cell matching original capacity. Includes all precision tools, adhesive, QR video guide. Optimised Battery Charging restored after pairing. 90-day warranty. Australian stock.",129.00 AUD,https://sc04.alicdn.com/kf/A4698a6c841b14cec8f1ce6fa878c0e0eN.png,Apple,Electronics > Communications > Telephony > Mobile Phone Accessories
SRK-SAM-GalaxyS21-SCR-INCELL,Galaxy S21 Screen,"DIY Galaxy S21 screen replacement kit with INCELL LCD display. Includes precision pentalobe & tri-point screwdrivers, suction cup, ESD-safe spudgers, pre-cut adhesive strips, and QR-linked step-by-step video guide. 90-day warranty. Ships same day from Newcastle Australia.",189.00 AUD,https://sc04.alicdn.com/kf/A4698a6c841b14cec8f1ce6fa878c0e0eN.png,Samsung,Electronics > Communications > Telephony > Mobile Phone Accessories
SRK-SAM-GalaxyS21-SCR-OEM,Galaxy S21 Screen,"DIY Galaxy S21 screen replacement kit with factory-sealed OEM Service Pack display — identical to Apple/Samsung/Google original. Full True Tone, Face ID, biometric compatibility. Always diagnosable and pairable with System Configuration. Includes precision toolkit, adhesive, QR video guide. 90-day warranty. Ships from Newcastle AU.",249.00 AUD,https://sc04.alicdn.com/kf/A4698a6c841b14cec8f1ce6fa878c0e0eN.png,Samsung,Electronics > Communications > Telephony > Mobile Phone Accessories
SRK-SAM-GalaxyS21Ult-SCR-INCELL,Galaxy S21 Ultra Screen,"DIY Galaxy S21 Ultra screen replacement kit with INCELL LCD display. Includes precision pentalobe & tri-point screwdrivers, suction cup, ESD-safe spudgers, pre-cut adhesive strips, and QR-linked step-by-step video guide. 90-day warranty. Ships same day from Newcastle Australia.",189.00 AUD,https://sc04.alicdn.com/kf/A4698a6c841b14cec8f1ce6fa878c0e0eN.png,Samsung,Electronics > Communications > Telephony > Mobile Phone Accessories
SRK-SAM-GalaxyS21Ult-SCR-OEM,Galaxy S21 Ultra Screen,"DIY Galaxy S21 Ultra screen replacement kit with factory-sealed OEM Service Pack display — identical to Apple/Samsung/Google original. Full True Tone, Face ID, biometric compatibility. Always diagnosable and pairable with System Configuration. Includes precision toolkit, adhesive, QR video guide. 90-day warranty. Ships from Newcastle AU.",359.00 AUD,https://sc04.alicdn.com/kf/A4698a6c841b14cec8f1ce6fa878c0e0eN.png,Samsung,Electronics > Communications > Telephony > Mobile Phone Accessories
SRK-SAM-GalaxyS22-SCR-INCELL,Galaxy S22 Screen,"DIY Galaxy S22 screen replacement kit with INCELL LCD display. Includes precision pentalobe & tri-point screwdrivers, suction cup, ESD-safe spudgers, pre-cut adhesive strips, and QR-linked step-by-step video guide. 90-day warranty. Ships same day from Newcastle Australia.",249.00 AUD,https://sc04.alicdn.com/kf/A4698a6c841b14cec8f1ce6fa878c0e0eN.png,Samsung,Electronics > Communications > Telephony > Mobile Phone Accessories
SRK-SAM-GalaxyS22-SCR-OEM,Galaxy S22 Screen,"DIY Galaxy S22 screen replacement kit with factory-sealed OEM Service Pack display — identical to Apple/Samsung/Google original. Full True Tone, Face ID, biometric compatibility. Always diagnosable and pairable with System Configuration. Includes precision toolkit, adhesive, QR video guide. 90-day warranty. Ships from Newcastle AU.",359.00 AUD,https://sc04.alicdn.com/kf/A4698a6c841b14cec8f1ce6fa878c0e0eN.png,Samsung,Electronics > Communications > Telephony > Mobile Phone Accessories
SRK-SAM-GalaxyS22Plu-SCR-INCELL,Galaxy S22 Plus Screen,"DIY Galaxy S22 Plus screen replacement kit with INCELL LCD display. Includes precision pentalobe & tri-point screwdrivers, suction cup, ESD-safe spudgers, pre-cut adhesive strips, and QR-linked step-by-step video guide. 90-day warranty. Ships same day from Newcastle Australia.",249.00 AUD,https://sc04.alicdn.com/kf/A4698a6c841b14cec8f1ce6fa878c0e0eN.png,Samsung,Electronics > Communications > Telephony > Mobile Phone Accessories
SRK-SAM-GalaxyS22Plu-SCR-OEM,Galaxy S22 Plus Screen,"DIY Galaxy S22 Plus screen replacement kit with factory-sealed OEM Service Pack display — identical to Apple/Samsung/Google original. Full True Tone, Face ID, biometric compatibility. Always diagnosable and pairable with System Configuration. Includes precision toolkit, adhesive, QR video guide. 90-day warranty. Ships from Newcastle AU.",359.00 AUD,https://sc04.alicdn.com/kf/A4698a6c841b14cec8f1ce6fa878c0e0eN.png,Samsung,Electronics > Communications > Telephony > Mobile Phone Accessories
SRK-SAM-GalaxyS22FE-SCR-INCELL,Galaxy S22 FE Screen,"DIY Galaxy S22 FE screen replacement kit with INCELL LCD display. Includes precision pentalobe & tri-point screwdrivers, suction cup, ESD-safe spudgers, pre-cut adhesive strips, and QR-linked step-by-step video guide. 90-day warranty. Ships same day from Newcastle Australia.",249.00 AUD,https://sc04.alicdn.com/kf/A4698a6c841b14cec8f1ce6fa878c0e0eN.png,Samsung,Electronics > Communications > Telephony > Mobile Phone Accessories
SRK-SAM-GalaxyS22FE-SCR-OEM,Galaxy S22 FE Screen,"DIY Galaxy S22 FE screen replacement kit with factory-sealed OEM Service Pack display — identical to Apple/Samsung/Google original. Full True Tone, Face ID, biometric compatibility. Always diagnosable and pairable with System Configuration. Includes precision toolkit, adhesive, QR video guide. 90-day warranty. Ships from Newcastle AU.",359.00 AUD,https://sc04.alicdn.com/kf/A4698a6c841b14cec8f1ce6fa878c0e0eN.png,Samsung,Electronics > Communications > Telephony > Mobile Phone Accessories
SRK-SAM-GalaxyS22Ult-SCR-INCELL,Galaxy S22 Ultra Screen,"DIY Galaxy S22 Ultra screen replacement kit with INCELL LCD display. Includes precision pentalobe & tri-point screwdrivers, suction cup, ESD-safe spudgers, pre-cut adhesive strips, and QR-linked step-by-step video guide. 90-day warranty. Ships same day from Newcastle Australia.",249.00 AUD,https://sc04.alicdn.com/kf/A4698a6c841b14cec8f1ce6fa878c0e0eN.png,Samsung,Electronics > Communications > Telephony > Mobile Phone Accessories
SRK-SAM-GalaxyS22Ult-SCR-OEM,Galaxy S22 Ultra Screen,"DIY Galaxy S22 Ultra screen replacement kit with factory-sealed OEM Service Pack display — identical to Apple/Samsung/Google original. Full True Tone, Face ID, biometric compatibility. Always diagnosable and pairable with System Configuration. Includes precision toolkit, adhesive, QR video guide. 90-day warranty. Ships from Newcastle AU.",359.00 AUD,https://sc04.alicdn.com/kf/A4698a6c841b14cec8f1ce6fa878c0e0eN.png,Samsung,Electronics > Communications > Telephony > Mobile Phone Accessories
SRK-SAM-GalaxyS23-SCR-INCELL,Galaxy S23 Screen,"DIY Galaxy S23 screen replacement kit with INCELL LCD display. Includes precision pentalobe & tri-point screwdrivers, suction cup, ESD-safe spudgers, pre-cut adhesive strips, and QR-linked step-by-step video guide. 90-day warranty. Ships same day from Newcastle Australia.",259.00 AUD,https://sc04.alicdn.com/kf/A4698a6c841b14cec8f1ce6fa878c0e0eN.png,Samsung,Electronics > Communications > Telephony > Mobile Phone Accessories
SRK-SAM-GalaxyS23-SCR-OEM,Galaxy S23 Screen,"DIY Galaxy S23 screen replacement kit with factory-sealed OEM Service Pack display — identical to Apple/Samsung/Google original. Full True Tone, Face ID, biometric compatibility. Always diagnosable and pairable with System Configuration. Includes precision toolkit, adhesive, QR video guide. 90-day warranty. Ships from Newcastle AU.",359.00 AUD,https://sc04.alicdn.com/kf/A4698a6c841b14cec8f1ce6fa878c0e0eN.png,Samsung,Electronics > Communications > Telephony > Mobile Phone Accessories
SRK-SAM-GalaxyS23FE-SCR-INCELL,Galaxy S23 FE Screen,"DIY Galaxy S23 FE screen replacement kit with INCELL LCD display. Includes precision pentalobe & tri-point screwdrivers, suction cup, ESD-safe spudgers, pre-cut adhesive strips, and QR-linked step-by-step video guide. 90-day warranty. Ships same day from Newcastle Australia.",259.00 AUD,https://sc04.alicdn.com/kf/A4698a6c841b14cec8f1ce6fa878c0e0eN.png,Samsung,Electronics > Communications > Telephony > Mobile Phone Accessories
SRK-SAM-GalaxyS23FE-SCR-OEM,Galaxy S23 FE Screen,"DIY Galaxy S23 FE screen replacement kit with factory-sealed OEM Service Pack display — identical to Apple/Samsung/Google original. Full True Tone, Face ID, biometric compatibility. Always diagnosable and pairable with System Configuration. Includes precision toolkit, adhesive, QR video guide. 90-day warranty. Ships from Newcastle AU.",359.00 AUD,https://sc04.alicdn.com/kf/A4698a6c841b14cec8f1ce6fa878c0e0eN.png,Samsung,Electronics > Communications > Telephony > Mobile Phone Accessories
SRK-SAM-GalaxyS23Plu-SCR-INCELL,Galaxy S23 Plus Screen,"DIY Galaxy S23 Plus screen replacement kit with INCELL LCD display. Includes precision pentalobe & tri-point screwdrivers, suction cup, ESD-safe spudgers, pre-cut adhesive strips, and QR-linked step-by-step video guide. 90-day warranty. Ships same day from Newcastle Australia.",259.00 AUD,https://sc04.alicdn.com/kf/A4698a6c841b14cec8f1ce6fa878c0e0eN.png,Samsung,Electronics > Communications > Telephony > Mobile Phone Accessories
SRK-SAM-GalaxyS23Plu-SCR-OEM,Galaxy S23 Plus Screen,"DIY Galaxy S23 Plus screen replacement kit with factory-sealed OEM Service Pack display — identical to Apple/Samsung/Google original. Full True Tone, Face ID, biometric compatibility. Always diagnosable and pairable with System Configuration. Includes precision toolkit, adhesive, QR video guide. 90-day warranty. Ships from Newcastle AU.",359.00 AUD,https://sc04.alicdn.com/kf/A4698a6c841b14cec8f1ce6fa878c0e0eN.png,Samsung,Electronics > Communications > Telephony > Mobile Phone Accessories
SRK-SAM-GalaxyS23Ult-SCR-INCELL,Galaxy S23 Ultra Screen,"DIY Galaxy S23 Ultra screen replacement kit with INCELL LCD display. Includes precision pentalobe & tri-point screwdrivers, suction cup, ESD-safe spudgers, pre-cut adhesive strips, and QR-linked step-by-step video guide. 90-day warranty. Ships same day from Newcastle Australia.",259.00 AUD,https://sc04.alicdn.com/kf/A4698a6c841b14cec8f1ce6fa878c0e0eN.png,Samsung,Electronics > Communications > Telephony > Mobile Phone Accessories
SRK-SAM-GalaxyS23Ult-SCR-OEM,Galaxy S23 Ultra Screen,"DIY Galaxy S23 Ultra screen replacement kit with factory-sealed OEM Service Pack display — identical to Apple/Samsung/Google original. Full True Tone, Face ID, biometric compatibility. Always diagnosable and pairable with System Configuration. Includes precision toolkit, adhesive, QR video guide. 90-day warranty. Ships from Newcastle AU.",359.00 AUD,https://sc04.alicdn.com/kf/A4698a6c841b14cec8f1ce6fa878c0e0eN.png,Samsung,Electronics > Communications > Telephony > Mobile Phone Accessories
SRK-SAM-GalaxyS24-SCR-INCELL,Galaxy S24 Screen,"DIY Galaxy S24 screen replacement kit with INCELL LCD display. Includes precision pentalobe & tri-point screwdrivers, suction cup, ESD-safe spudgers, pre-cut adhesive strips, and QR-linked step-by-step video guide. 90-day warranty. Ships same day from Newcastle Australia.",259.00 AUD,https://sc04.alicdn.com/kf/A4698a6c841b14cec8f1ce6fa878c0e0eN.png,Samsung,Electronics > Communications > Telephony > Mobile Phone Accessories
SRK-SAM-GalaxyS24-SCR-OEM,Galaxy S24 Screen,"DIY Galaxy S24 screen replacement kit with factory-sealed OEM Service Pack display — identical to Apple/Samsung/Google original. Full True Tone, Face ID, biometric compatibility. Always diagnosable and pairable with System Configuration. Includes precision toolkit, adhesive, QR video guide. 90-day warranty. Ships from Newcastle AU.",359.00 AUD,https://sc04.alicdn.com/kf/A4698a6c841b14cec8f1ce6fa878c0e0eN.png,Samsung,Electronics > Communications > Telephony > Mobile Phone Accessories
SRK-SAM-GalaxyS24Plu-SCR-INCELL,Galaxy S24 Plus Screen,"DIY Galaxy S24 Plus screen replacement kit with INCELL LCD display. Includes precision pentalobe & tri-point screwdrivers, suction cup, ESD-safe spudgers, pre-cut adhesive strips, and QR-linked step-by-step video guide. 90-day warranty. Ships same day from Newcastle Australia.",259.00 AUD,https://sc04.alicdn.com/kf/A4698a6c841b14cec8f1ce6fa878c0e0eN.png,Samsung,Electronics > Communications > Telephony > Mobile Phone Accessories
SRK-SAM-GalaxyS24Plu-SCR-OEM,Galaxy S24 Plus Screen,"DIY Galaxy S24 Plus screen replacement kit with factory-sealed OEM Service Pack display — identical to Apple/Samsung/Google original. Full True Tone, Face ID, biometric compatibility. Always diagnosable and pairable with System Configuration. Includes precision toolkit, adhesive, QR video guide. 90-day warranty. Ships from Newcastle AU.",359.00 AUD,https://sc04.alicdn.com/kf/A4698a6c841b14cec8f1ce6fa878c0e0eN.png,Samsung,Electronics > Communications > Telephony > Mobile Phone Accessories
SRK-SAM-GalaxyS24FE-SCR-INCELL,Galaxy S24 FE Screen,"DIY Galaxy S24 FE screen replacement kit with INCELL LCD display. Includes precision pentalobe & tri-point screwdrivers, suction cup, ESD-safe spudgers, pre-cut adhesive strips, and QR-linked step-by-step video guide. 90-day warranty. Ships same day from Newcastle Australia.",259.00 AUD,https://sc04.alicdn.com/kf/A4698a6c841b14cec8f1ce6fa878c0e0eN.png,Samsung,Electronics > Communications > Telephony > Mobile Phone Accessories
SRK-SAM-GalaxyS24FE-SCR-OEM,Galaxy S24 FE Screen,"DIY Galaxy S24 FE screen replacement kit with factory-sealed OEM Service Pack display — identical to Apple/Samsung/Google original. Full True Tone, Face ID, biometric compatibility. Always diagnosable and pairable with System Configuration. Includes precision toolkit, adhesive, QR video guide. 90-day warranty. Ships from Newcastle AU.",359.00 AUD,https://sc04.alicdn.com/kf/A4698a6c841b14cec8f1ce6fa878c0e0eN.png,Samsung,Electronics > Communications > Telephony > Mobile Phone Accessories
SRK-SAM-GalaxyS24Ult-SCR-INCELL,Galaxy S24 Ultra Screen,"DIY Galaxy S24 Ultra screen replacement kit with INCELL LCD display. Includes precision pentalobe & tri-point screwdrivers, suction cup, ESD-safe spudgers, pre-cut adhesive strips, and QR-linked step-by-step video guide. 90-day warranty. Ships same day from Newcastle Australia.",259.00 AUD,https://sc04.alicdn.com/kf/A4698a6c841b14cec8f1ce6fa878c0e0eN.png,Samsung,Electronics > Communications > Telephony > Mobile Phone Accessories
SRK-SAM-GalaxyS24Ult-SCR-OEM,Galaxy S24 Ultra Screen,"DIY Galaxy S24 Ultra screen replacement kit with factory-sealed OEM Service Pack display — identical to Apple/Samsung/Google original. Full True Tone, Face ID, biometric compatibility. Always diagnosable and pairable with System Configuration. Includes precision toolkit, adhesive, QR video guide. 90-day warranty. Ships from Newcastle AU.",359.00 AUD,https://sc04.alicdn.com/kf/A4698a6c841b14cec8f1ce6fa878c0e0eN.png,Samsung,Electronics > Communications > Telephony > Mobile Phone Accessories
SRK-SAM-GalaxyS25FE-SCR-INCELL,Galaxy S25 FE Screen,"DIY Galaxy S25 FE screen replacement kit with INCELL LCD display. Includes precision pentalobe & tri-point screwdrivers, suction cup, ESD-safe spudgers, pre-cut adhesive strips, and QR-linked step-by-step video guide. 90-day warranty. Ships same day from Newcastle Australia.",259.00 AUD,https://sc04.alicdn.com/kf/A4698a6c841b14cec8f1ce6fa878c0e0eN.png,Samsung,Electronics > Communications > Telephony > Mobile Phone Accessories
SRK-SAM-GalaxyS25FE-SCR-OEM,Galaxy S25 FE Screen,"DIY Galaxy S25 FE screen replacement kit with factory-sealed OEM Service Pack display — identical to Apple/Samsung/Google original. Full True Tone, Face ID, biometric compatibility. Always diagnosable and pairable with System Configuration. Includes precision toolkit, adhesive, QR video guide. 90-day warranty. Ships from Newcastle AU.",359.00 AUD,https://sc04.alicdn.com/kf/A4698a6c841b14cec8f1ce6fa878c0e0eN.png,Samsung,Electronics > Communications > Telephony > Mobile Phone Accessories
SRK-SAM-GalaxyS25-SCR-INCELL,Galaxy S25 Screen,"DIY Galaxy S25 screen replacement kit with INCELL LCD display. Includes precision pentalobe & tri-point screwdrivers, suction cup, ESD-safe spudgers, pre-cut adhesive strips, and QR-linked step-by-step video guide. 90-day warranty. Ships same day from Newcastle Australia.",259.00 AUD,https://sc04.alicdn.com/kf/A4698a6c841b14cec8f1ce6fa878c0e0eN.png,Samsung,Electronics > Communications > Telephony > Mobile Phone Accessories
SRK-SAM-GalaxyS25-SCR-OEM,Galaxy S25 Screen,"DIY Galaxy S25 screen replacement kit with factory-sealed OEM Service Pack display — identical to Apple/Samsung/Google original. Full True Tone, Face ID, biometric compatibility. Always diagnosable and pairable with System Configuration. Includes precision toolkit, adhesive, QR video guide. 90-day warranty. Ships from Newcastle AU.",359.00 AUD,https://sc04.alicdn.com/kf/A4698a6c841b14cec8f1ce6fa878c0e0eN.png,Samsung,Electronics > Communications > Telephony > Mobile Phone Accessories
SRK-SAM-GalaxyS25Plu-SCR-INCELL,Galaxy S25 Plus Screen,"DIY Galaxy S25 Plus screen replacement kit with INCELL LCD display. Includes precision pentalobe & tri-point screwdrivers, suction cup, ESD-safe spudgers, pre-cut adhesive strips, and QR-linked step-by-step video guide. 90-day warranty. Ships same day from Newcastle Australia.",259.00 AUD,https://sc04.alicdn.com/kf/A4698a6c841b14cec8f1ce6fa878c0e0eN.png,Samsung,Electronics > Communications > Telephony > Mobile Phone Accessories
SRK-SAM-GalaxyS25Plu-SCR-OEM,Galaxy S25 Plus Screen,"DIY Galaxy S25 Plus screen replacement kit with factory-sealed OEM Service Pack display — identical to Apple/Samsung/Google original. Full True Tone, Face ID, biometric compatibility. Always diagnosable and pairable with System Configuration. Includes precision toolkit, adhesive, QR video guide. 90-day warranty. Ships from Newcastle AU.",359.00 AUD,https://sc04.alicdn.com/kf/A4698a6c841b14cec8f1ce6fa878c0e0eN.png,Samsung,Electronics > Communications > Telephony > Mobile Phone Accessories
SRK-SAM-GalaxyS25Ult-SCR-INCELL,Galaxy S25 Ultra Screen,"DIY Galaxy S25 Ultra screen replacement kit with INCELL LCD display. Includes precision pentalobe & tri-point screwdrivers, suction cup, ESD-safe spudgers, pre-cut adhesive strips, and QR-linked step-by-step video guide. 90-day warranty. Ships same day from Newcastle Australia.",259.00 AUD,https://sc04.alicdn.com/kf/A4698a6c841b14cec8f1ce6fa878c0e0eN.png,Samsung,Electronics > Communications > Telephony > Mobile Phone Accessories
SRK-SAM-GalaxyS25Ult-SCR-OEM,Galaxy S25 Ultra Screen,"DIY Galaxy S25 Ultra screen replacement kit with factory-sealed OEM Service Pack display — identical to Apple/Samsung/Google original. Full True Tone, Face ID, biometric compatibility. Always diagnosable and pairable with System Configuration. Includes precision toolkit, adhesive, QR video guide. 90-day warranty. Ships from Newcastle AU.",359.00 AUD,https://sc04.alicdn.com/kf/A4698a6c841b14cec8f1ce6fa878c0e0eN.png,Samsung,Electronics > Communications > Telephony > Mobile Phone Accessories
SRK-SAM-GalaxyS26-SCR-INCELL,Galaxy S26 Screen,"DIY Galaxy S26 screen replacement kit with INCELL LCD display. Includes precision pentalobe & tri-point screwdrivers, suction cup, ESD-safe spudgers, pre-cut adhesive strips, and QR-linked step-by-step video guide. 90-day warranty. Ships same day from Newcastle Australia.",259.00 AUD,https://sc04.alicdn.com/kf/A4698a6c841b14cec8f1ce6fa878c0e0eN.png,Samsung,Electronics > Communications > Telephony > Mobile Phone Accessories
SRK-SAM-GalaxyS26-SCR-OEM,Galaxy S26 Screen,"DIY Galaxy S26 screen replacement kit with factory-sealed OEM Service Pack display — identical to Apple/Samsung/Google original. Full True Tone, Face ID, biometric compatibility. Always diagnosable and pairable with System Configuration. Includes precision toolkit, adhesive, QR video guide. 90-day warranty. Ships from Newcastle AU.",359.00 AUD,https://sc04.alicdn.com/kf/A4698a6c841b14cec8f1ce6fa878c0e0eN.png,Samsung,Electronics > Communications > Telephony > Mobile Phone Accessories
SRK-SAM-GalaxyS26FE-SCR-INCELL,Galaxy S26 FE Screen,"DIY Galaxy S26 FE screen replacement kit with INCELL LCD display. Includes precision pentalobe & tri-point screwdrivers, suction cup, ESD-safe spudgers, pre-cut adhesive strips, and QR-linked step-by-step video guide. 90-day warranty. Ships same day from Newcastle Australia.",259.00 AUD,https://sc04.alicdn.com/kf/A4698a6c841b14cec8f1ce6fa878c0e0eN.png,Samsung,Electronics > Communications > Telephony > Mobile Phone Accessories
SRK-SAM-GalaxyS26FE-SCR-OEM,Galaxy S26 FE Screen,"DIY Galaxy S26 FE screen replacement kit with factory-sealed OEM Service Pack display — identical to Apple/Samsung/Google original. Full True Tone, Face ID, biometric compatibility. Always diagnosable and pairable with System Configuration. Includes precision toolkit, adhesive, QR video guide. 90-day warranty. Ships from Newcastle AU.",359.00 AUD,https://sc04.alicdn.com/kf/A4698a6c841b14cec8f1ce6fa878c0e0eN.png,Samsung,Electronics > Communications > Telephony > Mobile Phone Accessories
SRK-SAM-GalaxyS26Plu-SCR-INCELL,Galaxy S26 Plus Screen,"DIY Galaxy S26 Plus screen replacement kit with INCELL LCD display. Includes precision pentalobe & tri-point screwdrivers, suction cup, ESD-safe spudgers, pre-cut adhesive strips, and QR-linked step-by-step video guide. 90-day warranty. Ships same day from Newcastle Australia.",259.00 AUD,https://sc04.alicdn.com/kf/A4698a6c841b14cec8f1ce6fa878c0e0eN.png,Samsung,Electronics > Communications > Telephony > Mobile Phone Accessories
SRK-SAM-GalaxyS26Plu-SCR-OEM,Galaxy S26 Plus Screen,"DIY Galaxy S26 Plus screen replacement kit with factory-sealed OEM Service Pack display — identical to Apple/Samsung/Google original. Full True Tone, Face ID, biometric compatibility. Always diagnosable and pairable with System Configuration. Includes precision toolkit, adhesive, QR video guide. 90-day warranty. Ships from Newcastle AU.",359.00 AUD,https://sc04.alicdn.com/kf/A4698a6c841b14cec8f1ce6fa878c0e0eN.png,Samsung,Electronics > Communications > Telephony > Mobile Phone Accessories
SRK-SAM-GalaxyS26Ult-SCR-INCELL,Galaxy S26 Ultra Screen,"DIY Galaxy S26 Ultra screen replacement kit with INCELL LCD display. Includes precision pentalobe & tri-point screwdrivers, suction cup, ESD-safe spudgers, pre-cut adhesive strips, and QR-linked step-by-step video guide. 90-day warranty. Ships same day from Newcastle Australia.",259.00 AUD,https://sc04.alicdn.com/kf/A4698a6c841b14cec8f1ce6fa878c0e0eN.png,Samsung,Electronics > Communications > Telephony > Mobile Phone Accessories
SRK-SAM-GalaxyS26Ult-SCR-OEM,Galaxy S26 Ultra Screen,"DIY Galaxy S26 Ultra screen replacement kit with factory-sealed OEM Service Pack display — identical to Apple/Samsung/Google original. Full True Tone, Face ID, biometric compatibility. Always diagnosable and pairable with System Configuration. Includes precision toolkit, adhesive, QR video guide. 90-day warranty. Ships from Newcastle AU.",359.00 AUD,https://sc04.alicdn.com/kf/A4698a6c841b14cec8f1ce6fa878c0e0eN.png,Samsung,Electronics > Communications > Telephony > Mobile Phone Accessories
SRK-SAM-GalaxyS21-BAT-STD,Galaxy S21 Battery,"DIY Galaxy S21 battery replacement kit with quality lithium-ion cell matching original mAh capacity. Restores full-day battery life. Includes pentalobe screwdriver, suction cup, spudger, adhesive strips, and QR step-by-step video guide. 90-day warranty. Same-day dispatch from Newcastle Australia.",79.00 AUD,https://sc04.alicdn.com/kf/A4698a6c841b14cec8f1ce6fa878c0e0eN.png,Samsung,Electronics > Communications > Telephony > Mobile Phone Accessories
SRK-SAM-GalaxyS21-BAT-DIAG,Galaxy S21 Battery,"DIY Galaxy S21 diagnosable battery replacement kit — embedded serial chip pairs with Apple System Configuration to restore Battery Health percentage in Settings. Quality cell matching original capacity. Includes all precision tools, adhesive, QR video guide. Optimised Battery Charging restored after pairing. 90-day warranty. Australian stock.",129.00 AUD,https://sc04.alicdn.com/kf/A4698a6c841b14cec8f1ce6fa878c0e0eN.png,Samsung,Electronics > Communications > Telephony > Mobile Phone Accessories
SRK-SAM-GalaxyS21Ult-BAT-STD,Galaxy S21 Ultra Battery,"DIY Galaxy S21 Ultra battery replacement kit with quality lithium-ion cell matching original mAh capacity. Restores full-day battery life. Includes pentalobe screwdriver, suction cup, spudger, adhesive strips, and QR step-by-step video guide. 90-day warranty. Same-day dispatch from Newcastle Australia.",79.00 AUD,https://sc04.alicdn.com/kf/A4698a6c841b14cec8f1ce6fa878c0e0eN.png,Samsung,Electronics > Communications > Telephony > Mobile Phone Accessories
SRK-SAM-GalaxyS21Ult-BAT-DIAG,Galaxy S21 Ultra Battery,"DIY Galaxy S21 Ultra diagnosable battery replacement kit — embedded serial chip pairs with Apple System Configuration to restore Battery Health percentage in Settings. Quality cell matching original capacity. Includes all precision tools, adhesive, QR video guide. Optimised Battery Charging restored after pairing. 90-day warranty. Australian stock.",129.00 AUD,https://sc04.alicdn.com/kf/A4698a6c841b14cec8f1ce6fa878c0e0eN.png,Samsung,Electronics > Communications > Telephony > Mobile Phone Accessories
SRK-SAM-GalaxyS22-BAT-STD,Galaxy S22 Battery,"DIY Galaxy S22 battery replacement kit with quality lithium-ion cell matching original mAh capacity. Restores full-day battery life. Includes pentalobe screwdriver, suction cup, spudger, adhesive strips, and QR step-by-step video guide. 90-day warranty. Same-day dispatch from Newcastle Australia.",79.00 AUD,https://sc04.alicdn.com/kf/A4698a6c841b14cec8f1ce6fa878c0e0eN.png,Samsung,Electronics > Communications > Telephony > Mobile Phone Accessories
SRK-SAM-GalaxyS22-BAT-DIAG,Galaxy S22 Battery,"DIY Galaxy S22 diagnosable battery replacement kit — embedded serial chip pairs with Apple System Configuration to restore Battery Health percentage in Settings. Quality cell matching original capacity. Includes all precision tools, adhesive, QR video guide. Optimised Battery Charging restored after pairing. 90-day warranty. Australian stock.",129.00 AUD,https://sc04.alicdn.com/kf/A4698a6c841b14cec8f1ce6fa878c0e0eN.png,Samsung,Electronics > Communications > Telephony > Mobile Phone Accessories
SRK-SAM-GalaxyS22Plu-BAT-STD,Galaxy S22 Plus Battery,"DIY Galaxy S22 Plus battery replacement kit with quality lithium-ion cell matching original mAh capacity. Restores full-day battery life. Includes pentalobe screwdriver, suction cup, spudger, adhesive strips, and QR step-by-step video guide. 90-day warranty. Same-day dispatch from Newcastle Australia.",79.00 AUD,https://sc04.alicdn.com/kf/A4698a6c841b14cec8f1ce6fa878c0e0eN.png,Samsung,Electronics > Communications > Telephony > Mobile Phone Accessories
SRK-SAM-GalaxyS22Plu-BAT-DIAG,Galaxy S22 Plus Battery,"DIY Galaxy S22 Plus diagnosable battery replacement kit — embedded serial chip pairs with Apple System Configuration to restore Battery Health percentage in Settings. Quality cell matching original capacity. Includes all precision tools, adhesive, QR video guide. Optimised Battery Charging restored after pairing. 90-day warranty. Australian stock.",129.00 AUD,https://sc04.alicdn.com/kf/A4698a6c841b14cec8f1ce6fa878c0e0eN.png,Samsung,Electronics > Communications > Telephony > Mobile Phone Accessories
SRK-SAM-GalaxyS22FE-BAT-STD,Galaxy S22 FE Battery,"DIY Galaxy S22 FE battery replacement kit with quality lithium-ion cell matching original mAh capacity. Restores full-day battery life. Includes pentalobe screwdriver, suction cup, spudger, adhesive strips, and QR step-by-step video guide. 90-day warranty. Same-day dispatch from Newcastle Australia.",79.00 AUD,https://sc04.alicdn.com/kf/A4698a6c841b14cec8f1ce6fa878c0e0eN.png,Samsung,Electronics > Communications > Telephony > Mobile Phone Accessories
SRK-SAM-GalaxyS22FE-BAT-DIAG,Galaxy S22 FE Battery,"DIY Galaxy S22 FE diagnosable battery replacement kit — embedded serial chip pairs with Apple System Configuration to restore Battery Health percentage in Settings. Quality cell matching original capacity. Includes all precision tools, adhesive, QR video guide. Optimised Battery Charging restored after pairing. 90-day warranty. Australian stock.",129.00 AUD,https://sc04.alicdn.com/kf/A4698a6c841b14cec8f1ce6fa878c0e0eN.png,Samsung,Electronics > Communications > Telephony > Mobile Phone Accessories
SRK-SAM-GalaxyS22Ult-BAT-STD,Galaxy S22 Ultra Battery,"DIY Galaxy S22 Ultra battery replacement kit with quality lithium-ion cell matching original mAh capacity. Restores full-day battery life. Includes pentalobe screwdriver, suction cup, spudger, adhesive strips, and QR step-by-step video guide. 90-day warranty. Same-day dispatch from Newcastle Australia.",79.00 AUD,https://sc04.alicdn.com/kf/A4698a6c841b14cec8f1ce6fa878c0e0eN.png,Samsung,Electronics > Communications > Telephony > Mobile Phone Accessories
SRK-SAM-GalaxyS22Ult-BAT-DIAG,Galaxy S22 Ultra Battery,"DIY Galaxy S22 Ultra diagnosable battery replacement kit — embedded serial chip pairs with Apple System Configuration to restore Battery Health percentage in Settings. Quality cell matching original capacity. Includes all precision tools, adhesive, QR video guide. Optimised Battery Charging restored after pairing. 90-day warranty. Australian stock.",129.00 AUD,https://sc04.alicdn.com/kf/A4698a6c841b14cec8f1ce6fa878c0e0eN.png,Samsung,Electronics > Communications > Telephony > Mobile Phone Accessories
SRK-SAM-GalaxyS23-BAT-STD,Galaxy S23 Battery,"DIY Galaxy S23 battery replacement kit with quality lithium-ion cell matching original mAh capacity. Restores full-day battery life. Includes pentalobe screwdriver, suction cup, spudger, adhesive strips, and QR step-by-step video guide. 90-day warranty. Same-day dispatch from Newcastle Australia.",79.00 AUD,https://sc04.alicdn.com/kf/A4698a6c841b14cec8f1ce6fa878c0e0eN.png,Samsung,Electronics > Communications > Telephony > Mobile Phone Accessories
SRK-SAM-GalaxyS23-BAT-DIAG,Galaxy S23 Battery,"DIY Galaxy S23 diagnosable battery replacement kit — embedded serial chip pairs with Apple System Configuration to restore Battery Health percentage in Settings. Quality cell matching original capacity. Includes all precision tools, adhesive, QR video guide. Optimised Battery Charging restored after pairing. 90-day warranty. Australian stock.",129.00 AUD,https://sc04.alicdn.com/kf/A4698a6c841b14cec8f1ce6fa878c0e0eN.png,Samsung,Electronics > Communications > Telephony > Mobile Phone Accessories
SRK-SAM-GalaxyS23FE-BAT-STD,Galaxy S23 FE Battery,"DIY Galaxy S23 FE battery replacement kit with quality lithium-ion cell matching original mAh capacity. Restores full-day battery life. Includes pentalobe screwdriver, suction cup, spudger, adhesive strips, and QR step-by-step video guide. 90-day warranty. Same-day dispatch from Newcastle Australia.",79.00 AUD,https://sc04.alicdn.com/kf/A4698a6c841b14cec8f1ce6fa878c0e0eN.png,Samsung,Electronics > Communications > Telephony > Mobile Phone Accessories
SRK-SAM-GalaxyS23FE-BAT-DIAG,Galaxy S23 FE Battery,"DIY Galaxy S23 FE diagnosable battery replacement kit — embedded serial chip pairs with Apple System Configuration to restore Battery Health percentage in Settings. Quality cell matching original capacity. Includes all precision tools, adhesive, QR video guide. Optimised Battery Charging restored after pairing. 90-day warranty. Australian stock.",129.00 AUD,https://sc04.alicdn.com/kf/A4698a6c841b14cec8f1ce6fa878c0e0eN.png,Samsung,Electronics > Communications > Telephony > Mobile Phone Accessories
SRK-SAM-GalaxyS23Plu-BAT-STD,Galaxy S23 Plus Battery,"DIY Galaxy S23 Plus battery replacement kit with quality lithium-ion cell matching original mAh capacity. Restores full-day battery life. Includes pentalobe screwdriver, suction cup, spudger, adhesive strips, and QR step-by-step video guide. 90-day warranty. Same-day dispatch from Newcastle Australia.",79.00 AUD,https://sc04.alicdn.com/kf/A4698a6c841b14cec8f1ce6fa878c0e0eN.png,Samsung,Electronics > Communications > Telephony > Mobile Phone Accessories
SRK-SAM-GalaxyS23Plu-BAT-DIAG,Galaxy S23 Plus Battery,"DIY Galaxy S23 Plus diagnosable battery replacement kit — embedded serial chip pairs with Apple System Configuration to restore Battery Health percentage in Settings. Quality cell matching original capacity. Includes all precision tools, adhesive, QR video guide. Optimised Battery Charging restored after pairing. 90-day warranty. Australian stock.",129.00 AUD,https://sc04.alicdn.com/kf/A4698a6c841b14cec8f1ce6fa878c0e0eN.png,Samsung,Electronics > Communications > Telephony > Mobile Phone Accessories
SRK-SAM-GalaxyS23Ult-BAT-STD,Galaxy S23 Ultra Battery,"DIY Galaxy S23 Ultra battery replacement kit with quality lithium-ion cell matching original mAh capacity. Restores full-day battery life. Includes pentalobe screwdriver, suction cup, spudger, adhesive strips, and QR step-by-step video guide. 90-day warranty. Same-day dispatch from Newcastle Australia.",79.00 AUD,https://sc04.alicdn.com/kf/A4698a6c841b14cec8f1ce6fa878c0e0eN.png,Samsung,Electronics > Communications > Telephony > Mobile Phone Accessories
SRK-SAM-GalaxyS23Ult-BAT-DIAG,Galaxy S23 Ultra Battery,"DIY Galaxy S23 Ultra diagnosable battery replacement kit — embedded serial chip pairs with Apple System Configuration to restore Battery Health percentage in Settings. Quality cell matching original capacity. Includes all precision tools, adhesive, QR video guide. Optimised Battery Charging restored after pairing. 90-day warranty. Australian stock.",129.00 AUD,https://sc04.alicdn.com/kf/A4698a6c841b14cec8f1ce6fa878c0e0eN.png,Samsung,Electronics > Communications > Telephony > Mobile Phone Accessories
SRK-SAM-GalaxyS24-BAT-STD,Galaxy S24 Battery,"DIY Galaxy S24 battery replacement kit with quality lithium-ion cell matching original mAh capacity. Restores full-day battery life. Includes pentalobe screwdriver, suction cup, spudger, adhesive strips, and QR step-by-step video guide. 90-day warranty. Same-day dispatch from Newcastle Australia.",79.00 AUD,https://sc04.alicdn.com/kf/A4698a6c841b14cec8f1ce6fa878c0e0eN.png,Samsung,Electronics > Communications > Telephony > Mobile Phone Accessories
SRK-SAM-GalaxyS24-BAT-DIAG,Galaxy S24 Battery,"DIY Galaxy S24 diagnosable battery replacement kit — embedded serial chip pairs with Apple System Configuration to restore Battery Health percentage in Settings. Quality cell matching original capacity. Includes all precision tools, adhesive, QR video guide. Optimised Battery Charging restored after pairing. 90-day warranty. Australian stock.",129.00 AUD,https://sc04.alicdn.com/kf/A4698a6c841b14cec8f1ce6fa878c0e0eN.png,Samsung,Electronics > Communications > Telephony > Mobile Phone Accessories
SRK-SAM-GalaxyS24Plu-BAT-STD,Galaxy S24 Plus Battery,"DIY Galaxy S24 Plus battery replacement kit with quality lithium-ion cell matching original mAh capacity. Restores full-day battery life. Includes pentalobe screwdriver, suction cup, spudger, adhesive strips, and QR step-by-step video guide. 90-day warranty. Same-day dispatch from Newcastle Australia.",79.00 AUD,https://sc04.alicdn.com/kf/A4698a6c841b14cec8f1ce6fa878c0e0eN.png,Samsung,Electronics > Communications > Telephony > Mobile Phone Accessories
SRK-SAM-GalaxyS24Plu-BAT-DIAG,Galaxy S24 Plus Battery,"DIY Galaxy S24 Plus diagnosable battery replacement kit — embedded serial chip pairs with Apple System Configuration to restore Battery Health percentage in Settings. Quality cell matching original capacity. Includes all precision tools, adhesive, QR video guide. Optimised Battery Charging restored after pairing. 90-day warranty. Australian stock.",129.00 AUD,https://sc04.alicdn.com/kf/A4698a6c841b14cec8f1ce6fa878c0e0eN.png,Samsung,Electronics > Communications > Telephony > Mobile Phone Accessories
SRK-SAM-GalaxyS24FE-BAT-STD,Galaxy S24 FE Battery,"DIY Galaxy S24 FE battery replacement kit with quality lithium-ion cell matching original mAh capacity. Restores full-day battery life. Includes pentalobe screwdriver, suction cup, spudger, adhesive strips, and QR step-by-step video guide. 90-day warranty. Same-day dispatch from Newcastle Australia.",79.00 AUD,https://sc04.alicdn.com/kf/A4698a6c841b14cec8f1ce6fa878c0e0eN.png,Samsung,Electronics > Communications > Telephony > Mobile Phone Accessories
SRK-SAM-GalaxyS24FE-BAT-DIAG,Galaxy S24 FE Battery,"DIY Galaxy S24 FE diagnosable battery replacement kit — embedded serial chip pairs with Apple System Configuration to restore Battery Health percentage in Settings. Quality cell matching original capacity. Includes all precision tools, adhesive, QR video guide. Optimised Battery Charging restored after pairing. 90-day warranty. Australian stock.",129.00 AUD,https://sc04.alicdn.com/kf/A4698a6c841b14cec8f1ce6fa878c0e0eN.png,Samsung,Electronics > Communications > Telephony > Mobile Phone Accessories
SRK-SAM-GalaxyS24Ult-BAT-STD,Galaxy S24 Ultra Battery,"DIY Galaxy S24 Ultra battery replacement kit with quality lithium-ion cell matching original mAh capacity. Restores full-day battery life. Includes pentalobe screwdriver, suction cup, spudger, adhesive strips, and QR step-by-step video guide. 90-day warranty. Same-day dispatch from Newcastle Australia.",79.00 AUD,https://sc04.alicdn.com/kf/A4698a6c841b14cec8f1ce6fa878c0e0eN.png,Samsung,Electronics > Communications > Telephony > Mobile Phone Accessories
SRK-SAM-GalaxyS24Ult-BAT-DIAG,Galaxy S24 Ultra Battery,"DIY Galaxy S24 Ultra diagnosable battery replacement kit — embedded serial chip pairs with Apple System Configuration to restore Battery Health percentage in Settings. Quality cell matching original capacity. Includes all precision tools, adhesive, QR video guide. Optimised Battery Charging restored after pairing. 90-day warranty. Australian stock.",129.00 AUD,https://sc04.alicdn.com/kf/A4698a6c841b14cec8f1ce6fa878c0e0eN.png,Samsung,Electronics > Communications > Telephony > Mobile Phone Accessories
SRK-SAM-GalaxyS25FE-BAT-STD,Galaxy S25 FE Battery,"DIY Galaxy S25 FE battery replacement kit with quality lithium-ion cell matching original mAh capacity. Restores full-day battery life. Includes pentalobe screwdriver, suction cup, spudger, adhesive strips, and QR step-by-step video guide. 90-day warranty. Same-day dispatch from Newcastle Australia.",79.00 AUD,https://sc04.alicdn.com/kf/A4698a6c841b14cec8f1ce6fa878c0e0eN.png,Samsung,Electronics > Communications > Telephony > Mobile Phone Accessories
SRK-SAM-GalaxyS25FE-BAT-DIAG,Galaxy S25 FE Battery,"DIY Galaxy S25 FE diagnosable battery replacement kit — embedded serial chip pairs with Apple System Configuration to restore Battery Health percentage in Settings. Quality cell matching original capacity. Includes all precision tools, adhesive, QR video guide. Optimised Battery Charging restored after pairing. 90-day warranty. Australian stock.",129.00 AUD,https://sc04.alicdn.com/kf/A4698a6c841b14cec8f1ce6fa878c0e0eN.png,Samsung,Electronics > Communications > Telephony > Mobile Phone Accessories
SRK-SAM-GalaxyS25-BAT-STD,Galaxy S25 Battery,"DIY Galaxy S25 battery replacement kit with quality lithium-ion cell matching original mAh capacity. Restores full-day battery life. Includes pentalobe screwdriver, suction cup, spudger, adhesive strips, and QR step-by-step video guide. 90-day warranty. Same-day dispatch from Newcastle Australia.",79.00 AUD,https://sc04.alicdn.com/kf/A4698a6c841b14cec8f1ce6fa878c0e0eN.png,Samsung,Electronics > Communications > Telephony > Mobile Phone Accessories
SRK-SAM-GalaxyS25-BAT-DIAG,Galaxy S25 Battery,"DIY Galaxy S25 diagnosable battery replacement kit — embedded serial chip pairs with Apple System Configuration to restore Battery Health percentage in Settings. Quality cell matching original capacity. Includes all precision tools, adhesive, QR video guide. Optimised Battery Charging restored after pairing. 90-day warranty. Australian stock.",129.00 AUD,https://sc04.alicdn.com/kf/A4698a6c841b14cec8f1ce6fa878c0e0eN.png,Samsung,Electronics > Communications > Telephony > Mobile Phone Accessories
SRK-SAM-GalaxyS25Plu-BAT-STD,Galaxy S25 Plus Battery,"DIY Galaxy S25 Plus battery replacement kit with quality lithium-ion cell matching original mAh capacity. Restores full-day battery life. Includes pentalobe screwdriver, suction cup, spudger, adhesive strips, and QR step-by-step video guide. 90-day warranty. Same-day dispatch from Newcastle Australia.",79.00 AUD,https://sc04.alicdn.com/kf/A4698a6c841b14cec8f1ce6fa878c0e0eN.png,Samsung,Electronics > Communications > Telephony > Mobile Phone Accessories
SRK-SAM-GalaxyS25Plu-BAT-DIAG,Galaxy S25 Plus Battery,"DIY Galaxy S25 Plus diagnosable battery replacement kit — embedded serial chip pairs with Apple System Configuration to restore Battery Health percentage in Settings. Quality cell matching original capacity. Includes all precision tools, adhesive, QR video guide. Optimised Battery Charging restored after pairing. 90-day warranty. Australian stock.",129.00 AUD,https://sc04.alicdn.com/kf/A4698a6c841b14cec8f1ce6fa878c0e0eN.png,Samsung,Electronics > Communications > Telephony > Mobile Phone Accessories
SRK-SAM-GalaxyS25Ult-BAT-STD,Galaxy S25 Ultra Battery,"DIY Galaxy S25 Ultra battery replacement kit with quality lithium-ion cell matching original mAh capacity. Restores full-day battery life. Includes pentalobe screwdriver, suction cup, spudger, adhesive strips, and QR step-by-step video guide. 90-day warranty. Same-day dispatch from Newcastle Australia.",79.00 AUD,https://sc04.alicdn.com/kf/A4698a6c841b14cec8f1ce6fa878c0e0eN.png,Samsung,Electronics > Communications > Telephony > Mobile Phone Accessories
SRK-SAM-GalaxyS25Ult-BAT-DIAG,Galaxy S25 Ultra Battery,"DIY Galaxy S25 Ultra diagnosable battery replacement kit — embedded serial chip pairs with Apple System Configuration to restore Battery Health percentage in Settings. Quality cell matching original capacity. Includes all precision tools, adhesive, QR video guide. Optimised Battery Charging restored after pairing. 90-day warranty. Australian stock.",129.00 AUD,https://sc04.alicdn.com/kf/A4698a6c841b14cec8f1ce6fa878c0e0eN.png,Samsung,Electronics > Communications > Telephony > Mobile Phone Accessories
SRK-SAM-GalaxyS26-BAT-STD,Galaxy S26 Battery,"DIY Galaxy S26 battery replacement kit with quality lithium-ion cell matching original mAh capacity. Restores full-day battery life. Includes pentalobe screwdriver, suction cup, spudger, adhesive strips, and QR step-by-step video guide. 90-day warranty. Same-day dispatch from Newcastle Australia.",79.00 AUD,https://sc04.alicdn.com/kf/A4698a6c841b14cec8f1ce6fa878c0e0eN.png,Samsung,Electronics > Communications > Telephony > Mobile Phone Accessories
SRK-SAM-GalaxyS26-BAT-DIAG,Galaxy S26 Battery,"DIY Galaxy S26 diagnosable battery replacement kit — embedded serial chip pairs with Apple System Configuration to restore Battery Health percentage in Settings. Quality cell matching original capacity. Includes all precision tools, adhesive, QR video guide. Optimised Battery Charging restored after pairing. 90-day warranty. Australian stock.",129.00 AUD,https://sc04.alicdn.com/kf/A4698a6c841b14cec8f1ce6fa878c0e0eN.png,Samsung,Electronics > Communications > Telephony > Mobile Phone Accessories
SRK-SAM-GalaxyS26FE-BAT-STD,Galaxy S26 FE Battery,"DIY Galaxy S26 FE battery replacement kit with quality lithium-ion cell matching original mAh capacity. Restores full-day battery life. Includes pentalobe screwdriver, suction cup, spudger, adhesive strips, and QR step-by-step video guide. 90-day warranty. Same-day dispatch from Newcastle Australia.",79.00 AUD,https://sc04.alicdn.com/kf/A4698a6c841b14cec8f1ce6fa878c0e0eN.png,Samsung,Electronics > Communications > Telephony > Mobile Phone Accessories
SRK-SAM-GalaxyS26FE-BAT-DIAG,Galaxy S26 FE Battery,"DIY Galaxy S26 FE diagnosable battery replacement kit — embedded serial chip pairs with Apple System Configuration to restore Battery Health percentage in Settings. Quality cell matching original capacity. Includes all precision tools, adhesive, QR video guide. Optimised Battery Charging restored after pairing. 90-day warranty. Australian stock.",129.00 AUD,https://sc04.alicdn.com/kf/A4698a6c841b14cec8f1ce6fa878c0e0eN.png,Samsung,Electronics > Communications > Telephony > Mobile Phone Accessories
SRK-SAM-GalaxyS26Plu-BAT-STD,Galaxy S26 Plus Battery,"DIY Galaxy S26 Plus battery replacement kit with quality lithium-ion cell matching original mAh capacity. Restores full-day battery life. Includes pentalobe screwdriver, suction cup, spudger, adhesive strips, and QR step-by-step video guide. 90-day warranty. Same-day dispatch from Newcastle Australia.",79.00 AUD,https://sc04.alicdn.com/kf/A4698a6c841b14cec8f1ce6fa878c0e0eN.png,Samsung,Electronics > Communications > Telephony > Mobile Phone Accessories
SRK-SAM-GalaxyS26Plu-BAT-DIAG,Galaxy S26 Plus Battery,"DIY Galaxy S26 Plus diagnosable battery replacement kit — embedded serial chip pairs with Apple System Configuration to restore Battery Health percentage in Settings. Quality cell matching original capacity. Includes all precision tools, adhesive, QR video guide. Optimised Battery Charging restored after pairing. 90-day warranty. Australian stock.",129.00 AUD,https://sc04.alicdn.com/kf/A4698a6c841b14cec8f1ce6fa878c0e0eN.png,Samsung,Electronics > Communications > Telephony > Mobile Phone Accessories
SRK-SAM-GalaxyS26Ult-BAT-STD,Galaxy S26 Ultra Battery,"DIY Galaxy S26 Ultra battery replacement kit with quality lithium-ion cell matching original mAh capacity. Restores full-day battery life. Includes pentalobe screwdriver, suction cup, spudger, adhesive strips, and QR step-by-step video guide. 90-day warranty. Same-day dispatch from Newcastle Australia.",79.00 AUD,https://sc04.alicdn.com/kf/A4698a6c841b14cec8f1ce6fa878c0e0eN.png,Samsung,Electronics > Communications > Telephony > Mobile Phone Accessories
SRK-SAM-GalaxyS26Ult-BAT-DIAG,Galaxy S26 Ultra Battery,"DIY Galaxy S26 Ultra diagnosable battery replacement kit — embedded serial chip pairs with Apple System Configuration to restore Battery Health percentage in Settings. Quality cell matching original capacity. Includes all precision tools, adhesive, QR video guide. Optimised Battery Charging restored after pairing. 90-day warranty. Australian stock.",129.00 AUD,https://sc04.alicdn.com/kf/A4698a6c841b14cec8f1ce6fa878c0e0eN.png,Samsung,Electronics > Communications > Telephony > Mobile Phone Accessories
SRK-SAM-GalaxyS21-CHA-STD,Galaxy S21 Charging Port,"DIY Galaxy S21 USB-C charging port replacement kit. Fixes slow charging, no charging, loose connection, and moisture detected errors. Includes replacement port flex cable, precision screwdrivers, spudger tools, adhesive, and QR video repair guide. 90-day warranty. Ships same day from Newcastle AU.",79.00 AUD,https://sc04.alicdn.com/kf/A4698a6c841b14cec8f1ce6fa878c0e0eN.png,Samsung,Electronics > Communications > Telephony > Mobile Phone Accessories
SRK-SAM-GalaxyS21Ult-CHA-STD,Galaxy S21 Ultra Charging Port,"DIY Galaxy S21 Ultra USB-C charging port replacement kit. Fixes slow charging, no charging, loose connection, and moisture detected errors. Includes replacement port flex cable, precision screwdrivers, spudger tools, adhesive, and QR video repair guide. 90-day warranty. Ships same day from Newcastle AU.",79.00 AUD,https://sc04.alicdn.com/kf/A4698a6c841b14cec8f1ce6fa878c0e0eN.png,Samsung,Electronics > Communications > Telephony > Mobile Phone Accessories
SRK-SAM-GalaxyS22-CHA-STD,Galaxy S22 Charging Port,"DIY Galaxy S22 USB-C charging port replacement kit. Fixes slow charging, no charging, loose connection, and moisture detected errors. Includes replacement port flex cable, precision screwdrivers, spudger tools, adhesive, and QR video repair guide. 90-day warranty. Ships same day from Newcastle AU.",79.00 AUD,https://sc04.alicdn.com/kf/A4698a6c841b14cec8f1ce6fa878c0e0eN.png,Samsung,Electronics > Communications > Telephony > Mobile Phone Accessories
SRK-SAM-GalaxyS22Plu-CHA-STD,Galaxy S22 Plus Charging Port,"DIY Galaxy S22 Plus USB-C charging port replacement kit. Fixes slow charging, no charging, loose connection, and moisture detected errors. Includes replacement port flex cable, precision screwdrivers, spudger tools, adhesive, and QR video repair guide. 90-day warranty. Ships same day from Newcastle AU.",79.00 AUD,https://sc04.alicdn.com/kf/A4698a6c841b14cec8f1ce6fa878c0e0eN.png,Samsung,Electronics > Communications > Telephony > Mobile Phone Accessories
SRK-SAM-GalaxyS22FE-CHA-STD,Galaxy S22 FE Charging Port,"DIY Galaxy S22 FE USB-C charging port replacement kit. Fixes slow charging, no charging, loose connection, and moisture detected errors. Includes replacement port flex cable, precision screwdrivers, spudger tools, adhesive, and QR video repair guide. 90-day warranty. Ships same day from Newcastle AU.",79.00 AUD,https://sc04.alicdn.com/kf/A4698a6c841b14cec8f1ce6fa878c0e0eN.png,Samsung,Electronics > Communications > Telephony > Mobile Phone Accessories
SRK-SAM-GalaxyS22Ult-CHA-STD,Galaxy S22 Ultra Charging Port,"DIY Galaxy S22 Ultra USB-C charging port replacement kit. Fixes slow charging, no charging, loose connection, and moisture detected errors. Includes replacement port flex cable, precision screwdrivers, spudger tools, adhesive, and QR video repair guide. 90-day warranty. Ships same day from Newcastle AU.",79.00 AUD,https://sc04.alicdn.com/kf/A4698a6c841b14cec8f1ce6fa878c0e0eN.png,Samsung,Electronics > Communications > Telephony > Mobile Phone Accessories
SRK-SAM-GalaxyS23-CHA-STD,Galaxy S23 Charging Port,"DIY Galaxy S23 USB-C charging port replacement kit. Fixes slow charging, no charging, loose connection, and moisture detected errors. Includes replacement port flex cable, precision screwdrivers, spudger tools, adhesive, and QR video repair guide. 90-day warranty. Ships same day from Newcastle AU.",79.00 AUD,https://sc04.alicdn.com/kf/A4698a6c841b14cec8f1ce6fa878c0e0eN.png,Samsung,Electronics > Communications > Telephony > Mobile Phone Accessories
SRK-SAM-GalaxyS23FE-CHA-STD,Galaxy S23 FE Charging Port,"DIY Galaxy S23 FE USB-C charging port replacement kit. Fixes slow charging, no charging, loose connection, and moisture detected errors. Includes replacement port flex cable, precision screwdrivers, spudger tools, adhesive, and QR video repair guide. 90-day warranty. Ships same day from Newcastle AU.",79.00 AUD,https://sc04.alicdn.com/kf/A4698a6c841b14cec8f1ce6fa878c0e0eN.png,Samsung,Electronics > Communications > Telephony > Mobile Phone Accessories
SRK-SAM-GalaxyS23Plu-CHA-STD,Galaxy S23 Plus Charging Port,"DIY Galaxy S23 Plus USB-C charging port replacement kit. Fixes slow charging, no charging, loose connection, and moisture detected errors. Includes replacement port flex cable, precision screwdrivers, spudger tools, adhesive, and QR video repair guide. 90-day warranty. Ships same day from Newcastle AU.",79.00 AUD,https://sc04.alicdn.com/kf/A4698a6c841b14cec8f1ce6fa878c0e0eN.png,Samsung,Electronics > Communications > Telephony > Mobile Phone Accessories
SRK-SAM-GalaxyS23Ult-CHA-STD,Galaxy S23 Ultra Charging Port,"DIY Galaxy S23 Ultra USB-C charging port replacement kit. Fixes slow charging, no charging, loose connection, and moisture detected errors. Includes replacement port flex cable, precision screwdrivers, spudger tools, adhesive, and QR video repair guide. 90-day warranty. Ships same day from Newcastle AU.",79.00 AUD,https://sc04.alicdn.com/kf/A4698a6c841b14cec8f1ce6fa878c0e0eN.png,Samsung,Electronics > Communications > Telephony > Mobile Phone Accessories
SRK-SAM-GalaxyS24-CHA-STD,Galaxy S24 Charging Port,"DIY Galaxy S24 USB-C charging port replacement kit. Fixes slow charging, no charging, loose connection, and moisture detected errors. Includes replacement port flex cable, precision screwdrivers, spudger tools, adhesive, and QR video repair guide. 90-day warranty. Ships same day from Newcastle AU.",79.00 AUD,https://sc04.alicdn.com/kf/A4698a6c841b14cec8f1ce6fa878c0e0eN.png,Samsung,Electronics > Communications > Telephony > Mobile Phone Accessories
SRK-SAM-GalaxyS24Plu-CHA-STD,Galaxy S24 Plus Charging Port,"DIY Galaxy S24 Plus USB-C charging port replacement kit. Fixes slow charging, no charging, loose connection, and moisture detected errors. Includes replacement port flex cable, precision screwdrivers, spudger tools, adhesive, and QR video repair guide. 90-day warranty. Ships same day from Newcastle AU.",79.00 AUD,https://sc04.alicdn.com/kf/A4698a6c841b14cec8f1ce6fa878c0e0eN.png,Samsung,Electronics > Communications > Telephony > Mobile Phone Accessories
SRK-SAM-GalaxyS24FE-CHA-STD,Galaxy S24 FE Charging Port,"DIY Galaxy S24 FE USB-C charging port replacement kit. Fixes slow charging, no charging, loose connection, and moisture detected errors. Includes replacement port flex cable, precision screwdrivers, spudger tools, adhesive, and QR video repair guide. 90-day warranty. Ships same day from Newcastle AU.",79.00 AUD,https://sc04.alicdn.com/kf/A4698a6c841b14cec8f1ce6fa878c0e0eN.png,Samsung,Electronics > Communications > Telephony > Mobile Phone Accessories
SRK-SAM-GalaxyS24Ult-CHA-STD,Galaxy S24 Ultra Charging Port,"DIY Galaxy S24 Ultra USB-C charging port replacement kit. Fixes slow charging, no charging, loose connection, and moisture detected errors. Includes replacement port flex cable, precision screwdrivers, spudger tools, adhesive, and QR video repair guide. 90-day warranty. Ships same day from Newcastle AU.",79.00 AUD,https://sc04.alicdn.com/kf/A4698a6c841b14cec8f1ce6fa878c0e0eN.png,Samsung,Electronics > Communications > Telephony > Mobile Phone Accessories
SRK-SAM-GalaxyS25FE-CHA-STD,Galaxy S25 FE Charging Port,"DIY Galaxy S25 FE USB-C charging port replacement kit. Fixes slow charging, no charging, loose connection, and moisture detected errors. Includes replacement port flex cable, precision screwdrivers, spudger tools, adhesive, and QR video repair guide. 90-day warranty. Ships same day from Newcastle AU.",79.00 AUD,https://sc04.alicdn.com/kf/A4698a6c841b14cec8f1ce6fa878c0e0eN.png,Samsung,Electronics > Communications > Telephony > Mobile Phone Accessories
SRK-SAM-GalaxyS25-CHA-STD,Galaxy S25 Charging Port,"DIY Galaxy S25 USB-C charging port replacement kit. Fixes slow charging, no charging, loose connection, and moisture detected errors. Includes replacement port flex cable, precision screwdrivers, spudger tools, adhesive, and QR video repair guide. 90-day warranty. Ships same day from Newcastle AU.",79.00 AUD,https://sc04.alicdn.com/kf/A4698a6c841b14cec8f1ce6fa878c0e0eN.png,Samsung,Electronics > Communications > Telephony > Mobile Phone Accessories
SRK-SAM-GalaxyS25Plu-CHA-STD,Galaxy S25 Plus Charging Port,"DIY Galaxy S25 Plus USB-C charging port replacement kit. Fixes slow charging, no charging, loose connection, and moisture detected errors. Includes replacement port flex cable, precision screwdrivers, spudger tools, adhesive, and QR video repair guide. 90-day warranty. Ships same day from Newcastle AU.",79.00 AUD,https://sc04.alicdn.com/kf/A4698a6c841b14cec8f1ce6fa878c0e0eN.png,Samsung,Electronics > Communications > Telephony > Mobile Phone Accessories
SRK-SAM-GalaxyS25Ult-CHA-STD,Galaxy S25 Ultra Charging Port,"DIY Galaxy S25 Ultra USB-C charging port replacement kit. Fixes slow charging, no charging, loose connection, and moisture detected errors. Includes replacement port flex cable, precision screwdrivers, spudger tools, adhesive, and QR video repair guide. 90-day warranty. Ships same day from Newcastle AU.",79.00 AUD,https://sc04.alicdn.com/kf/A4698a6c841b14cec8f1ce6fa878c0e0eN.png,Samsung,Electronics > Communications > Telephony > Mobile Phone Accessories
SRK-SAM-GalaxyS26-CHA-STD,Galaxy S26 Charging Port,"DIY Galaxy S26 USB-C charging port replacement kit. Fixes slow charging, no charging, loose connection, and moisture detected errors. Includes replacement port flex cable, precision screwdrivers, spudger tools, adhesive, and QR video repair guide. 90-day warranty. Ships same day from Newcastle AU.",79.00 AUD,https://sc04.alicdn.com/kf/A4698a6c841b14cec8f1ce6fa878c0e0eN.png,Samsung,Electronics > Communications > Telephony > Mobile Phone Accessories
SRK-SAM-GalaxyS26FE-CHA-STD,Galaxy S26 FE Charging Port,"DIY Galaxy S26 FE USB-C charging port replacement kit. Fixes slow charging, no charging, loose connection, and moisture detected errors. Includes replacement port flex cable, precision screwdrivers, spudger tools, adhesive, and QR video repair guide. 90-day warranty. Ships same day from Newcastle AU.",79.00 AUD,https://sc04.alicdn.com/kf/A4698a6c841b14cec8f1ce6fa878c0e0eN.png,Samsung,Electronics > Communications > Telephony > Mobile Phone Accessories
SRK-SAM-GalaxyS26Plu-CHA-STD,Galaxy S26 Plus Charging Port,"DIY Galaxy S26 Plus USB-C charging port replacement kit. Fixes slow charging, no charging, loose connection, and moisture detected errors. Includes replacement port flex cable, precision screwdrivers, spudger tools, adhesive, and QR video repair guide. 90-day warranty. Ships same day from Newcastle AU.",79.00 AUD,https://sc04.alicdn.com/kf/A4698a6c841b14cec8f1ce6fa878c0e0eN.png,Samsung,Electronics > Communications > Telephony > Mobile Phone Accessories
SRK-SAM-GalaxyS26Ult-CHA-STD,Galaxy S26 Ultra Charging Port,"DIY Galaxy S26 Ultra USB-C charging port replacement kit. Fixes slow charging, no charging, loose connection, and moisture detected errors. Includes replacement port flex cable, precision screwdrivers, spudger tools, adhesive, and QR video repair guide. 90-day warranty. Ships same day from Newcastle AU.",79.00 AUD,https://sc04.alicdn.com/kf/A4698a6c841b14cec8f1ce6fa878c0e0eN.png,Samsung,Electronics > Communications > Telephony > Mobile Phone Accessories
SRK-SAM-GalaxyA04-SCR-INCELL,Galaxy A04 Screen,"DIY Galaxy A04 screen replacement kit with INCELL LCD display. Includes precision pentalobe & tri-point screwdrivers, suction cup, ESD-safe spudgers, pre-cut adhesive strips, and QR-linked step-by-step video guide. 90-day warranty. Ships same day from Newcastle Australia.",99.00 AUD,https://sc04.alicdn.com/kf/A4698a6c841b14cec8f1ce6fa878c0e0eN.png,Samsung,Electronics > Communications > Telephony > Mobile Phone Accessories
SRK-SAM-GalaxyA04-SCR-OLED,Galaxy A04 Screen,"DIY Galaxy A04 screen replacement kit with aftermarket Soft OLED display — vivid colours, true blacks, flush fit with phone frame. Preserves Samsung fingerprint sensor. Includes all precision tools, adhesive, and QR video repair guide. Diagnosable on most models. 90-day warranty. Australian stock, same-day dispatch.",110.00 AUD,https://sc04.alicdn.com/kf/A4698a6c841b14cec8f1ce6fa878c0e0eN.png,Samsung,Electronics > Communications > Telephony > Mobile Phone Accessories
SRK-SAM-GalaxyA04-SCR-OEM,Galaxy A04 Screen,"DIY Galaxy A04 screen replacement kit with factory-sealed OEM Service Pack display — identical to Apple/Samsung/Google original. Full True Tone, Face ID, biometric compatibility. Always diagnosable and pairable with System Configuration. Includes precision toolkit, adhesive, QR video guide. 90-day warranty. Ships from Newcastle AU.",149.00 AUD,https://sc04.alicdn.com/kf/A4698a6c841b14cec8f1ce6fa878c0e0eN.png,Samsung,Electronics > Communications > Telephony > Mobile Phone Accessories
SRK-SAM-GalaxyA05s-SCR-INCELL,Galaxy A05s Screen,"DIY Galaxy A05s screen replacement kit with INCELL LCD display. Includes precision pentalobe & tri-point screwdrivers, suction cup, ESD-safe spudgers, pre-cut adhesive strips, and QR-linked step-by-step video guide. 90-day warranty. Ships same day from Newcastle Australia.",99.00 AUD,https://sc04.alicdn.com/kf/A4698a6c841b14cec8f1ce6fa878c0e0eN.png,Samsung,Electronics > Communications > Telephony > Mobile Phone Accessories
SRK-SAM-GalaxyA05s-SCR-OLED,Galaxy A05s Screen,"DIY Galaxy A05s screen replacement kit with aftermarket Soft OLED display — vivid colours, true blacks, flush fit with phone frame. Preserves Samsung fingerprint sensor. Includes all precision tools, adhesive, and QR video repair guide. Diagnosable on most models. 90-day warranty. Australian stock, same-day dispatch.",110.00 AUD,https://sc04.alicdn.com/kf/A4698a6c841b14cec8f1ce6fa878c0e0eN.png,Samsung,Electronics > Communications > Telephony > Mobile Phone Accessories
SRK-SAM-GalaxyA05s-SCR-OEM,Galaxy A05s Screen,"DIY Galaxy A05s screen replacement kit with factory-sealed OEM Service Pack display — identical to Apple/Samsung/Google original. Full True Tone, Face ID, biometric compatibility. Always diagnosable and pairable with System Configuration. Includes precision toolkit, adhesive, QR video guide. 90-day warranty. Ships from Newcastle AU.",149.00 AUD,https://sc04.alicdn.com/kf/A4698a6c841b14cec8f1ce6fa878c0e0eN.png,Samsung,Electronics > Communications > Telephony > Mobile Phone Accessories
SRK-SAM-GalaxyA12-SCR-INCELL,Galaxy A12 Screen,"DIY Galaxy A12 screen replacement kit with INCELL LCD display. Includes precision pentalobe & tri-point screwdrivers, suction cup, ESD-safe spudgers, pre-cut adhesive strips, and QR-linked step-by-step video guide. 90-day warranty. Ships same day from Newcastle Australia.",99.00 AUD,https://sc04.alicdn.com/kf/A4698a6c841b14cec8f1ce6fa878c0e0eN.png,Samsung,Electronics > Communications > Telephony > Mobile Phone Accessories
SRK-SAM-GalaxyA12-SCR-OLED,Galaxy A12 Screen,"DIY Galaxy A12 screen replacement kit with aftermarket Soft OLED display — vivid colours, true blacks, flush fit with phone frame. Preserves Samsung fingerprint sensor. Includes all precision tools, adhesive, and QR video repair guide. Diagnosable on most models. 90-day warranty. Australian stock, same-day dispatch.",110.00 AUD,https://sc04.alicdn.com/kf/A4698a6c841b14cec8f1ce6fa878c0e0eN.png,Samsung,Electronics > Communications > Telephony > Mobile Phone Accessories
SRK-SAM-GalaxyA12-SCR-OEM,Galaxy A12 Screen,"DIY Galaxy A12 screen replacement kit with factory-sealed OEM Service Pack display — identical to Apple/Samsung/Google original. Full True Tone, Face ID, biometric compatibility. Always diagnosable and pairable with System Configuration. Includes precision toolkit, adhesive, QR video guide. 90-day warranty. Ships from Newcastle AU.",149.00 AUD,https://sc04.alicdn.com/kf/A4698a6c841b14cec8f1ce6fa878c0e0eN.png,Samsung,Electronics > Communications > Telephony > Mobile Phone Accessories
SRK-SAM-GalaxyA134G-SCR-INCELL,Galaxy A13 4G Screen,"DIY Galaxy A13 4G screen replacement kit with INCELL LCD display. Includes precision pentalobe & tri-point screwdrivers, suction cup, ESD-safe spudgers, pre-cut adhesive strips, and QR-linked step-by-step video guide. 90-day warranty. Ships same day from Newcastle Australia.",99.00 AUD,https://sc04.alicdn.com/kf/A4698a6c841b14cec8f1ce6fa878c0e0eN.png,Samsung,Electronics > Communications > Telephony > Mobile Phone Accessories
SRK-SAM-GalaxyA134G-SCR-OLED,Galaxy A13 4G Screen,"DIY Galaxy A13 4G screen replacement kit with aftermarket Soft OLED display — vivid colours, true blacks, flush fit with phone frame. Preserves Samsung fingerprint sensor. Includes all precision tools, adhesive, and QR video repair guide. Diagnosable on most models. 90-day warranty. Australian stock, same-day dispatch.",110.00 AUD,https://sc04.alicdn.com/kf/A4698a6c841b14cec8f1ce6fa878c0e0eN.png,Samsung,Electronics > Communications > Telephony > Mobile Phone Accessories
SRK-SAM-GalaxyA134G-SCR-OEM,Galaxy A13 4G Screen,"DIY Galaxy A13 4G screen replacement kit with factory-sealed OEM Service Pack display — identical to Apple/Samsung/Google original. Full True Tone, Face ID, biometric compatibility. Always diagnosable and pairable with System Configuration. Includes precision toolkit, adhesive, QR video guide. 90-day warranty. Ships from Newcastle AU.",149.00 AUD,https://sc04.alicdn.com/kf/A4698a6c841b14cec8f1ce6fa878c0e0eN.png,Samsung,Electronics > Communications > Telephony > Mobile Phone Accessories
SRK-SAM-GalaxyA14-SCR-INCELL,Galaxy A14 Screen,"DIY Galaxy A14 screen replacement kit with INCELL LCD display. Includes precision pentalobe & tri-point screwdrivers, suction cup, ESD-safe spudgers, pre-cut adhesive strips, and QR-linked step-by-step video guide. 90-day warranty. Ships same day from Newcastle Australia.",99.00 AUD,https://sc04.alicdn.com/kf/A4698a6c841b14cec8f1ce6fa878c0e0eN.png,Samsung,Electronics > Communications > Telephony > Mobile Phone Accessories
SRK-SAM-GalaxyA14-SCR-OLED,Galaxy A14 Screen,"DIY Galaxy A14 screen replacement kit with aftermarket Soft OLED display — vivid colours, true blacks, flush fit with phone frame. Preserves Samsung fingerprint sensor. Includes all precision tools, adhesive, and QR video repair guide. Diagnosable on most models. 90-day warranty. Australian stock, same-day dispatch.",110.00 AUD,https://sc04.alicdn.com/kf/A4698a6c841b14cec8f1ce6fa878c0e0eN.png,Samsung,Electronics > Communications > Telephony > Mobile Phone Accessories
SRK-SAM-GalaxyA14-SCR-OEM,Galaxy A14 Screen,"DIY Galaxy A14 screen replacement kit with factory-sealed OEM Service Pack display — identical to Apple/Samsung/Google original. Full True Tone, Face ID, biometric compatibility. Always diagnosable and pairable with System Configuration. Includes precision toolkit, adhesive, QR video guide. 90-day warranty. Ships from Newcastle AU.",149.00 AUD,https://sc04.alicdn.com/kf/A4698a6c841b14cec8f1ce6fa878c0e0eN.png,Samsung,Electronics > Communications > Telephony > Mobile Phone Accessories
SRK-SAM-GalaxyA155G-SCR-INCELL,Galaxy A15 5G Screen,"DIY Galaxy A15 5G screen replacement kit with INCELL LCD display. Includes precision pentalobe & tri-point screwdrivers, suction cup, ESD-safe spudgers, pre-cut adhesive strips, and QR-linked step-by-step video guide. 90-day warranty. Ships same day from Newcastle Australia.",99.00 AUD,https://sc04.alicdn.com/kf/A4698a6c841b14cec8f1ce6fa878c0e0eN.png,Samsung,Electronics > Communications > Telephony > Mobile Phone Accessories
SRK-SAM-GalaxyA155G-SCR-OLED,Galaxy A15 5G Screen,"DIY Galaxy A15 5G screen replacement kit with aftermarket Soft OLED display — vivid colours, true blacks, flush fit with phone frame. Preserves Samsung fingerprint sensor. Includes all precision tools, adhesive, and QR video repair guide. Diagnosable on most models. 90-day warranty. Australian stock, same-day dispatch.",110.00 AUD,https://sc04.alicdn.com/kf/A4698a6c841b14cec8f1ce6fa878c0e0eN.png,Samsung,Electronics > Communications > Telephony > Mobile Phone Accessories
SRK-SAM-GalaxyA155G-SCR-OEM,Galaxy A15 5G Screen,"DIY Galaxy A15 5G screen replacement kit with factory-sealed OEM Service Pack display — identical to Apple/Samsung/Google original. Full True Tone, Face ID, biometric compatibility. Always diagnosable and pairable with System Configuration. Includes precision toolkit, adhesive, QR video guide. 90-day warranty. Ships from Newcastle AU.",169.00 AUD,https://sc04.alicdn.com/kf/A4698a6c841b14cec8f1ce6fa878c0e0eN.png,Samsung,Electronics > Communications > Telephony > Mobile Phone Accessories
SRK-SAM-GalaxyA165G-SCR-INCELL,Galaxy A16 5G Screen,"DIY Galaxy A16 5G screen replacement kit with INCELL LCD display. Includes precision pentalobe & tri-point screwdrivers, suction cup, ESD-safe spudgers, pre-cut adhesive strips, and QR-linked step-by-step video guide. 90-day warranty. Ships same day from Newcastle Australia.",99.00 AUD,https://sc04.alicdn.com/kf/A4698a6c841b14cec8f1ce6fa878c0e0eN.png,Samsung,Electronics > Communications > Telephony > Mobile Phone Accessories
SRK-SAM-GalaxyA165G-SCR-OLED,Galaxy A16 5G Screen,"DIY Galaxy A16 5G screen replacement kit with aftermarket Soft OLED display — vivid colours, true blacks, flush fit with phone frame. Preserves Samsung fingerprint sensor. Includes all precision tools, adhesive, and QR video repair guide. Diagnosable on most models. 90-day warranty. Australian stock, same-day dispatch.",110.00 AUD,https://sc04.alicdn.com/kf/A4698a6c841b14cec8f1ce6fa878c0e0eN.png,Samsung,Electronics > Communications > Telephony > Mobile Phone Accessories
SRK-SAM-GalaxyA165G-SCR-OEM,Galaxy A16 5G Screen,"DIY Galaxy A16 5G screen replacement kit with factory-sealed OEM Service Pack display — identical to Apple/Samsung/Google original. Full True Tone, Face ID, biometric compatibility. Always diagnosable and pairable with System Configuration. Includes precision toolkit, adhesive, QR video guide. 90-day warranty. Ships from Newcastle AU.",169.00 AUD,https://sc04.alicdn.com/kf/A4698a6c841b14cec8f1ce6fa878c0e0eN.png,Samsung,Electronics > Communications > Telephony > Mobile Phone Accessories
SRK-SAM-GalaxyA175G-SCR-INCELL,Galaxy A17 5G Screen,"DIY Galaxy A17 5G screen replacement kit with INCELL LCD display. Includes precision pentalobe & tri-point screwdrivers, suction cup, ESD-safe spudgers, pre-cut adhesive strips, and QR-linked step-by-step video guide. 90-day warranty. Ships same day from Newcastle Australia.",99.00 AUD,https://sc04.alicdn.com/kf/A4698a6c841b14cec8f1ce6fa878c0e0eN.png,Samsung,Electronics > Communications > Telephony > Mobile Phone Accessories
SRK-SAM-GalaxyA175G-SCR-OLED,Galaxy A17 5G Screen,"DIY Galaxy A17 5G screen replacement kit with aftermarket Soft OLED display — vivid colours, true blacks, flush fit with phone frame. Preserves Samsung fingerprint sensor. Includes all precision tools, adhesive, and QR video repair guide. Diagnosable on most models. 90-day warranty. Australian stock, same-day dispatch.",110.00 AUD,https://sc04.alicdn.com/kf/A4698a6c841b14cec8f1ce6fa878c0e0eN.png,Samsung,Electronics > Communications > Telephony > Mobile Phone Accessories
SRK-SAM-GalaxyA175G-SCR-OEM,Galaxy A17 5G Screen,"DIY Galaxy A17 5G screen replacement kit with factory-sealed OEM Service Pack display — identical to Apple/Samsung/Google original. Full True Tone, Face ID, biometric compatibility. Always diagnosable and pairable with System Configuration. Includes precision toolkit, adhesive, QR video guide. 90-day warranty. Ships from Newcastle AU.",169.00 AUD,https://sc04.alicdn.com/kf/A4698a6c841b14cec8f1ce6fa878c0e0eN.png,Samsung,Electronics > Communications > Telephony > Mobile Phone Accessories
SRK-SAM-GalaxyA20-SCR-INCELL,Galaxy A20 Screen,"DIY Galaxy A20 screen replacement kit with INCELL LCD display. Includes precision pentalobe & tri-point screwdrivers, suction cup, ESD-safe spudgers, pre-cut adhesive strips, and QR-linked step-by-step video guide. 90-day warranty. Ships same day from Newcastle Australia.",99.00 AUD,https://sc04.alicdn.com/kf/A4698a6c841b14cec8f1ce6fa878c0e0eN.png,Samsung,Electronics > Communications > Telephony > Mobile Phone Accessories
SRK-SAM-GalaxyA20-SCR-OLED,Galaxy A20 Screen,"DIY Galaxy A20 screen replacement kit with aftermarket Soft OLED display — vivid colours, true blacks, flush fit with phone frame. Preserves Samsung fingerprint sensor. Includes all precision tools, adhesive, and QR video repair guide. Diagnosable on most models. 90-day warranty. Australian stock, same-day dispatch.",110.00 AUD,https://sc04.alicdn.com/kf/A4698a6c841b14cec8f1ce6fa878c0e0eN.png,Samsung,Electronics > Communications > Telephony > Mobile Phone Accessories
SRK-SAM-GalaxyA20-SCR-OEM,Galaxy A20 Screen,"DIY Galaxy A20 screen replacement kit with factory-sealed OEM Service Pack display — identical to Apple/Samsung/Google original. Full True Tone, Face ID, biometric compatibility. Always diagnosable and pairable with System Configuration. Includes precision toolkit, adhesive, QR video guide. 90-day warranty. Ships from Newcastle AU.",149.00 AUD,https://sc04.alicdn.com/kf/A4698a6c841b14cec8f1ce6fa878c0e0eN.png,Samsung,Electronics > Communications > Telephony > Mobile Phone Accessories
SRK-SAM-GalaxyA30-SCR-INCELL,Galaxy A30 Screen,"DIY Galaxy A30 screen replacement kit with INCELL LCD display. Includes precision pentalobe & tri-point screwdrivers, suction cup, ESD-safe spudgers, pre-cut adhesive strips, and QR-linked step-by-step video guide. 90-day warranty. Ships same day from Newcastle Australia.",99.00 AUD,https://sc04.alicdn.com/kf/A4698a6c841b14cec8f1ce6fa878c0e0eN.png,Samsung,Electronics > Communications > Telephony > Mobile Phone Accessories
SRK-SAM-GalaxyA30-SCR-OLED,Galaxy A30 Screen,"DIY Galaxy A30 screen replacement kit with aftermarket Soft OLED display — vivid colours, true blacks, flush fit with phone frame. Preserves Samsung fingerprint sensor. Includes all precision tools, adhesive, and QR video repair guide. Diagnosable on most models. 90-day warranty. Australian stock, same-day dispatch.",110.00 AUD,https://sc04.alicdn.com/kf/A4698a6c841b14cec8f1ce6fa878c0e0eN.png,Samsung,Electronics > Communications > Telephony > Mobile Phone Accessories
SRK-SAM-GalaxyA30-SCR-OEM,Galaxy A30 Screen,"DIY Galaxy A30 screen replacement kit with factory-sealed OEM Service Pack display — identical to Apple/Samsung/Google original. Full True Tone, Face ID, biometric compatibility. Always diagnosable and pairable with System Configuration. Includes precision toolkit, adhesive, QR video guide. 90-day warranty. Ships from Newcastle AU.",149.00 AUD,https://sc04.alicdn.com/kf/A4698a6c841b14cec8f1ce6fa878c0e0eN.png,Samsung,Electronics > Communications > Telephony > Mobile Phone Accessories
SRK-SAM-GalaxyA31-SCR-INCELL,Galaxy A31 Screen,"DIY Galaxy A31 screen replacement kit with INCELL LCD display. Includes precision pentalobe & tri-point screwdrivers, suction cup, ESD-safe spudgers, pre-cut adhesive strips, and QR-linked step-by-step video guide. 90-day warranty. Ships same day from Newcastle Australia.",99.00 AUD,https://sc04.alicdn.com/kf/A4698a6c841b14cec8f1ce6fa878c0e0eN.png,Samsung,Electronics > Communications > Telephony > Mobile Phone Accessories
SRK-SAM-GalaxyA31-SCR-OLED,Galaxy A31 Screen,"DIY Galaxy A31 screen replacement kit with aftermarket Soft OLED display — vivid colours, true blacks, flush fit with phone frame. Preserves Samsung fingerprint sensor. Includes all precision tools, adhesive, and QR video repair guide. Diagnosable on most models. 90-day warranty. Australian stock, same-day dispatch.",110.00 AUD,https://sc04.alicdn.com/kf/A4698a6c841b14cec8f1ce6fa878c0e0eN.png,Samsung,Electronics > Communications > Telephony > Mobile Phone Accessories
SRK-SAM-GalaxyA31-SCR-OEM,Galaxy A31 Screen,"DIY Galaxy A31 screen replacement kit with factory-sealed OEM Service Pack display — identical to Apple/Samsung/Google original. Full True Tone, Face ID, biometric compatibility. Always diagnosable and pairable with System Configuration. Includes precision toolkit, adhesive, QR video guide. 90-day warranty. Ships from Newcastle AU.",149.00 AUD,https://sc04.alicdn.com/kf/A4698a6c841b14cec8f1ce6fa878c0e0eN.png,Samsung,Electronics > Communications > Telephony > Mobile Phone Accessories
SRK-SAM-GalaxyA32-SCR-INCELL,Galaxy A32 Screen,"DIY Galaxy A32 screen replacement kit with INCELL LCD display. Includes precision pentalobe & tri-point screwdrivers, suction cup, ESD-safe spudgers, pre-cut adhesive strips, and QR-linked step-by-step video guide. 90-day warranty. Ships same day from Newcastle Australia.",99.00 AUD,https://sc04.alicdn.com/kf/A4698a6c841b14cec8f1ce6fa878c0e0eN.png,Samsung,Electronics > Communications > Telephony > Mobile Phone Accessories
SRK-SAM-GalaxyA32-SCR-OLED,Galaxy A32 Screen,"DIY Galaxy A32 screen replacement kit with aftermarket Soft OLED display — vivid colours, true blacks, flush fit with phone frame. Preserves Samsung fingerprint sensor. Includes all precision tools, adhesive, and QR video repair guide. Diagnosable on most models. 90-day warranty. Australian stock, same-day dispatch.",110.00 AUD,https://sc04.alicdn.com/kf/A4698a6c841b14cec8f1ce6fa878c0e0eN.png,Samsung,Electronics > Communications > Telephony > Mobile Phone Accessories
SRK-SAM-GalaxyA32-SCR-OEM,Galaxy A32 Screen,"DIY Galaxy A32 screen replacement kit with factory-sealed OEM Service Pack display — identical to Apple/Samsung/Google original. Full True Tone, Face ID, biometric compatibility. Always diagnosable and pairable with System Configuration. Includes precision toolkit, adhesive, QR video guide. 90-day warranty. Ships from Newcastle AU.",149.00 AUD,https://sc04.alicdn.com/kf/A4698a6c841b14cec8f1ce6fa878c0e0eN.png,Samsung,Electronics > Communications > Telephony > Mobile Phone Accessories
SRK-SAM-GalaxyA335G-SCR-INCELL,Galaxy A33 5G Screen,"DIY Galaxy A33 5G screen replacement kit with INCELL LCD display. Includes precision pentalobe & tri-point screwdrivers, suction cup, ESD-safe spudgers, pre-cut adhesive strips, and QR-linked step-by-step video guide. 90-day warranty. Ships same day from Newcastle Australia.",99.00 AUD,https://sc04.alicdn.com/kf/A4698a6c841b14cec8f1ce6fa878c0e0eN.png,Samsung,Electronics > Communications > Telephony > Mobile Phone Accessories
SRK-SAM-GalaxyA335G-SCR-OLED,Galaxy A33 5G Screen,"DIY Galaxy A33 5G screen replacement kit with aftermarket Soft OLED display — vivid colours, true blacks, flush fit with phone frame. Preserves Samsung fingerprint sensor. Includes all precision tools, adhesive, and QR video repair guide. Diagnosable on most models. 90-day warranty. Australian stock, same-day dispatch.",110.00 AUD,https://sc04.alicdn.com/kf/A4698a6c841b14cec8f1ce6fa878c0e0eN.png,Samsung,Electronics > Communications > Telephony > Mobile Phone Accessories
SRK-SAM-GalaxyA335G-SCR-OEM,Galaxy A33 5G Screen,"DIY Galaxy A33 5G screen replacement kit with factory-sealed OEM Service Pack display — identical to Apple/Samsung/Google original. Full True Tone, Face ID, biometric compatibility. Always diagnosable and pairable with System Configuration. Includes precision toolkit, adhesive, QR video guide. 90-day warranty. Ships from Newcastle AU.",149.00 AUD,https://sc04.alicdn.com/kf/A4698a6c841b14cec8f1ce6fa878c0e0eN.png,Samsung,Electronics > Communications > Telephony > Mobile Phone Accessories
SRK-SAM-GalaxyA345G-SCR-INCELL,Galaxy A34 5G Screen,"DIY Galaxy A34 5G screen replacement kit with INCELL LCD display. Includes precision pentalobe & tri-point screwdrivers, suction cup, ESD-safe spudgers, pre-cut adhesive strips, and QR-linked step-by-step video guide. 90-day warranty. Ships same day from Newcastle Australia.",99.00 AUD,https://sc04.alicdn.com/kf/A4698a6c841b14cec8f1ce6fa878c0e0eN.png,Samsung,Electronics > Communications > Telephony > Mobile Phone Accessories
SRK-SAM-GalaxyA345G-SCR-OLED,Galaxy A34 5G Screen,"DIY Galaxy A34 5G screen replacement kit with aftermarket Soft OLED display — vivid colours, true blacks, flush fit with phone frame. Preserves Samsung fingerprint sensor. Includes all precision tools, adhesive, and QR video repair guide. Diagnosable on most models. 90-day warranty. Australian stock, same-day dispatch.",110.00 AUD,https://sc04.alicdn.com/kf/A4698a6c841b14cec8f1ce6fa878c0e0eN.png,Samsung,Electronics > Communications > Telephony > Mobile Phone Accessories
SRK-SAM-GalaxyA345G-SCR-OEM,Galaxy A34 5G Screen,"DIY Galaxy A34 5G screen replacement kit with factory-sealed OEM Service Pack display — identical to Apple/Samsung/Google original. Full True Tone, Face ID, biometric compatibility. Always diagnosable and pairable with System Configuration. Includes precision toolkit, adhesive, QR video guide. 90-day warranty. Ships from Newcastle AU.",149.00 AUD,https://sc04.alicdn.com/kf/A4698a6c841b14cec8f1ce6fa878c0e0eN.png,Samsung,Electronics > Communications > Telephony > Mobile Phone Accessories
SRK-SAM-GalaxyA355G-SCR-INCELL,Galaxy A35 5G Screen,"DIY Galaxy A35 5G screen replacement kit with INCELL LCD display. Includes precision pentalobe & tri-point screwdrivers, suction cup, ESD-safe spudgers, pre-cut adhesive strips, and QR-linked step-by-step video guide. 90-day warranty. Ships same day from Newcastle Australia.",99.00 AUD,https://sc04.alicdn.com/kf/A4698a6c841b14cec8f1ce6fa878c0e0eN.png,Samsung,Electronics > Communications > Telephony > Mobile Phone Accessories
SRK-SAM-GalaxyA355G-SCR-OLED,Galaxy A35 5G Screen,"DIY Galaxy A35 5G screen replacement kit with aftermarket Soft OLED display — vivid colours, true blacks, flush fit with phone frame. Preserves Samsung fingerprint sensor. Includes all precision tools, adhesive, and QR video repair guide. Diagnosable on most models. 90-day warranty. Australian stock, same-day dispatch.",110.00 AUD,https://sc04.alicdn.com/kf/A4698a6c841b14cec8f1ce6fa878c0e0eN.png,Samsung,Electronics > Communications > Telephony > Mobile Phone Accessories
SRK-SAM-GalaxyA355G-SCR-OEM,Galaxy A35 5G Screen,"DIY Galaxy A35 5G screen replacement kit with factory-sealed OEM Service Pack display — identical to Apple/Samsung/Google original. Full True Tone, Face ID, biometric compatibility. Always diagnosable and pairable with System Configuration. Includes precision toolkit, adhesive, QR video guide. 90-day warranty. Ships from Newcastle AU.",149.00 AUD,https://sc04.alicdn.com/kf/A4698a6c841b14cec8f1ce6fa878c0e0eN.png,Samsung,Electronics > Communications > Telephony > Mobile Phone Accessories
SRK-SAM-GalaxyA365G-SCR-INCELL,Galaxy A36 5G Screen,"DIY Galaxy A36 5G screen replacement kit with INCELL LCD display. Includes precision pentalobe & tri-point screwdrivers, suction cup, ESD-safe spudgers, pre-cut adhesive strips, and QR-linked step-by-step video guide. 90-day warranty. Ships same day from Newcastle Australia.",99.00 AUD,https://sc04.alicdn.com/kf/A4698a6c841b14cec8f1ce6fa878c0e0eN.png,Samsung,Electronics > Communications > Telephony > Mobile Phone Accessories
SRK-SAM-GalaxyA365G-SCR-OLED,Galaxy A36 5G Screen,"DIY Galaxy A36 5G screen replacement kit with aftermarket Soft OLED display — vivid colours, true blacks, flush fit with phone frame. Preserves Samsung fingerprint sensor. Includes all precision tools, adhesive, and QR video repair guide. Diagnosable on most models. 90-day warranty. Australian stock, same-day dispatch.",110.00 AUD,https://sc04.alicdn.com/kf/A4698a6c841b14cec8f1ce6fa878c0e0eN.png,Samsung,Electronics > Communications > Telephony > Mobile Phone Accessories
SRK-SAM-GalaxyA365G-SCR-OEM,Galaxy A36 5G Screen,"DIY Galaxy A36 5G screen replacement kit with factory-sealed OEM Service Pack display — identical to Apple/Samsung/Google original. Full True Tone, Face ID, biometric compatibility. Always diagnosable and pairable with System Configuration. Includes precision toolkit, adhesive, QR video guide. 90-day warranty. Ships from Newcastle AU.",149.00 AUD,https://sc04.alicdn.com/kf/A4698a6c841b14cec8f1ce6fa878c0e0eN.png,Samsung,Electronics > Communications > Telephony > Mobile Phone Accessories
SRK-SAM-GalaxyA375G-SCR-INCELL,Galaxy A37 5G Screen,"DIY Galaxy A37 5G screen replacement kit with INCELL LCD display. Includes precision pentalobe & tri-point screwdrivers, suction cup, ESD-safe spudgers, pre-cut adhesive strips, and QR-linked step-by-step video guide. 90-day warranty. Ships same day from Newcastle Australia.",99.00 AUD,https://sc04.alicdn.com/kf/A4698a6c841b14cec8f1ce6fa878c0e0eN.png,Samsung,Electronics > Communications > Telephony > Mobile Phone Accessories
SRK-SAM-GalaxyA375G-SCR-OLED,Galaxy A37 5G Screen,"DIY Galaxy A37 5G screen replacement kit with aftermarket Soft OLED display — vivid colours, true blacks, flush fit with phone frame. Preserves Samsung fingerprint sensor. Includes all precision tools, adhesive, and QR video repair guide. Diagnosable on most models. 90-day warranty. Australian stock, same-day dispatch.",110.00 AUD,https://sc04.alicdn.com/kf/A4698a6c841b14cec8f1ce6fa878c0e0eN.png,Samsung,Electronics > Communications > Telephony > Mobile Phone Accessories
SRK-SAM-GalaxyA375G-SCR-OEM,Galaxy A37 5G Screen,"DIY Galaxy A37 5G screen replacement kit with factory-sealed OEM Service Pack display — identical to Apple/Samsung/Google original. Full True Tone, Face ID, biometric compatibility. Always diagnosable and pairable with System Configuration. Includes precision toolkit, adhesive, QR video guide. 90-day warranty. Ships from Newcastle AU.",149.00 AUD,https://sc04.alicdn.com/kf/A4698a6c841b14cec8f1ce6fa878c0e0eN.png,Samsung,Electronics > Communications > Telephony > Mobile Phone Accessories
SRK-SAM-GalaxyA50-SCR-INCELL,Galaxy A50 Screen,"DIY Galaxy A50 screen replacement kit with INCELL LCD display. Includes precision pentalobe & tri-point screwdrivers, suction cup, ESD-safe spudgers, pre-cut adhesive strips, and QR-linked step-by-step video guide. 90-day warranty. Ships same day from Newcastle Australia.",99.00 AUD,https://sc04.alicdn.com/kf/A4698a6c841b14cec8f1ce6fa878c0e0eN.png,Samsung,Electronics > Communications > Telephony > Mobile Phone Accessories
SRK-SAM-GalaxyA50-SCR-OLED,Galaxy A50 Screen,"DIY Galaxy A50 screen replacement kit with aftermarket Soft OLED display — vivid colours, true blacks, flush fit with phone frame. Preserves Samsung fingerprint sensor. Includes all precision tools, adhesive, and QR video repair guide. Diagnosable on most models. 90-day warranty. Australian stock, same-day dispatch.",110.00 AUD,https://sc04.alicdn.com/kf/A4698a6c841b14cec8f1ce6fa878c0e0eN.png,Samsung,Electronics > Communications > Telephony > Mobile Phone Accessories
SRK-SAM-GalaxyA50-SCR-OEM,Galaxy A50 Screen,"DIY Galaxy A50 screen replacement kit with factory-sealed OEM Service Pack display — identical to Apple/Samsung/Google original. Full True Tone, Face ID, biometric compatibility. Always diagnosable and pairable with System Configuration. Includes precision toolkit, adhesive, QR video guide. 90-day warranty. Ships from Newcastle AU.",149.00 AUD,https://sc04.alicdn.com/kf/A4698a6c841b14cec8f1ce6fa878c0e0eN.png,Samsung,Electronics > Communications > Telephony > Mobile Phone Accessories
SRK-SAM-GalaxyA51-SCR-INCELL,Galaxy A51 Screen,"DIY Galaxy A51 screen replacement kit with INCELL LCD display. Includes precision pentalobe & tri-point screwdrivers, suction cup, ESD-safe spudgers, pre-cut adhesive strips, and QR-linked step-by-step video guide. 90-day warranty. Ships same day from Newcastle Australia.",99.00 AUD,https://sc04.alicdn.com/kf/A4698a6c841b14cec8f1ce6fa878c0e0eN.png,Samsung,Electronics > Communications > Telephony > Mobile Phone Accessories
SRK-SAM-GalaxyA51-SCR-OLED,Galaxy A51 Screen,"DIY Galaxy A51 screen replacement kit with aftermarket Soft OLED display — vivid colours, true blacks, flush fit with phone frame. Preserves Samsung fingerprint sensor. Includes all precision tools, adhesive, and QR video repair guide. Diagnosable on most models. 90-day warranty. Australian stock, same-day dispatch.",110.00 AUD,https://sc04.alicdn.com/kf/A4698a6c841b14cec8f1ce6fa878c0e0eN.png,Samsung,Electronics > Communications > Telephony > Mobile Phone Accessories
SRK-SAM-GalaxyA51-SCR-OEM,Galaxy A51 Screen,"DIY Galaxy A51 screen replacement kit with factory-sealed OEM Service Pack display — identical to Apple/Samsung/Google original. Full True Tone, Face ID, biometric compatibility. Always diagnosable and pairable with System Configuration. Includes precision toolkit, adhesive, QR video guide. 90-day warranty. Ships from Newcastle AU.",139.00 AUD,https://sc04.alicdn.com/kf/A4698a6c841b14cec8f1ce6fa878c0e0eN.png,Samsung,Electronics > Communications > Telephony > Mobile Phone Accessories
SRK-SAM-GalaxyA52-SCR-INCELL,Galaxy A52 Screen,"DIY Galaxy A52 screen replacement kit with INCELL LCD display. Includes precision pentalobe & tri-point screwdrivers, suction cup, ESD-safe spudgers, pre-cut adhesive strips, and QR-linked step-by-step video guide. 90-day warranty. Ships same day from Newcastle Australia.",99.00 AUD,https://sc04.alicdn.com/kf/A4698a6c841b14cec8f1ce6fa878c0e0eN.png,Samsung,Electronics > Communications > Telephony > Mobile Phone Accessories
SRK-SAM-GalaxyA52-SCR-OLED,Galaxy A52 Screen,"DIY Galaxy A52 screen replacement kit with aftermarket Soft OLED display — vivid colours, true blacks, flush fit with phone frame. Preserves Samsung fingerprint sensor. Includes all precision tools, adhesive, and QR video repair guide. Diagnosable on most models. 90-day warranty. Australian stock, same-day dispatch.",110.00 AUD,https://sc04.alicdn.com/kf/A4698a6c841b14cec8f1ce6fa878c0e0eN.png,Samsung,Electronics > Communications > Telephony > Mobile Phone Accessories
SRK-SAM-GalaxyA52-SCR-OEM,Galaxy A52 Screen,"DIY Galaxy A52 screen replacement kit with factory-sealed OEM Service Pack display — identical to Apple/Samsung/Google original. Full True Tone, Face ID, biometric compatibility. Always diagnosable and pairable with System Configuration. Includes precision toolkit, adhesive, QR video guide. 90-day warranty. Ships from Newcastle AU.",149.00 AUD,https://sc04.alicdn.com/kf/A4698a6c841b14cec8f1ce6fa878c0e0eN.png,Samsung,Electronics > Communications > Telephony > Mobile Phone Accessories
SRK-SAM-GalaxyA52s5G-SCR-INCELL,Galaxy A52s 5G Screen,"DIY Galaxy A52s 5G screen replacement kit with INCELL LCD display. Includes precision pentalobe & tri-point screwdrivers, suction cup, ESD-safe spudgers, pre-cut adhesive strips, and QR-linked step-by-step video guide. 90-day warranty. Ships same day from Newcastle Australia.",99.00 AUD,https://sc04.alicdn.com/kf/A4698a6c841b14cec8f1ce6fa878c0e0eN.png,Samsung,Electronics > Communications > Telephony > Mobile Phone Accessories
SRK-SAM-GalaxyA52s5G-SCR-OLED,Galaxy A52s 5G Screen,"DIY Galaxy A52s 5G screen replacement kit with aftermarket Soft OLED display — vivid colours, true blacks, flush fit with phone frame. Preserves Samsung fingerprint sensor. Includes all precision tools, adhesive, and QR video repair guide. Diagnosable on most models. 90-day warranty. Australian stock, same-day dispatch.",110.00 AUD,https://sc04.alicdn.com/kf/A4698a6c841b14cec8f1ce6fa878c0e0eN.png,Samsung,Electronics > Communications > Telephony > Mobile Phone Accessories
SRK-SAM-GalaxyA52s5G-SCR-OEM,Galaxy A52s 5G Screen,"DIY Galaxy A52s 5G screen replacement kit with factory-sealed OEM Service Pack display — identical to Apple/Samsung/Google original. Full True Tone, Face ID, biometric compatibility. Always diagnosable and pairable with System Configuration. Includes precision toolkit, adhesive, QR video guide. 90-day warranty. Ships from Newcastle AU.",149.00 AUD,https://sc04.alicdn.com/kf/A4698a6c841b14cec8f1ce6fa878c0e0eN.png,Samsung,Electronics > Communications > Telephony > Mobile Phone Accessories
SRK-SAM-GalaxyA535G-SCR-INCELL,Galaxy A53 5G Screen,"DIY Galaxy A53 5G screen replacement kit with INCELL LCD display. Includes precision pentalobe & tri-point screwdrivers, suction cup, ESD-safe spudgers, pre-cut adhesive strips, and QR-linked step-by-step video guide. 90-day warranty. Ships same day from Newcastle Australia.",99.00 AUD,https://sc04.alicdn.com/kf/A4698a6c841b14cec8f1ce6fa878c0e0eN.png,Samsung,Electronics > Communications > Telephony > Mobile Phone Accessories
SRK-SAM-GalaxyA535G-SCR-OLED,Galaxy A53 5G Screen,"DIY Galaxy A53 5G screen replacement kit with aftermarket Soft OLED display — vivid colours, true blacks, flush fit with phone frame. Preserves Samsung fingerprint sensor. Includes all precision tools, adhesive, and QR video repair guide. Diagnosable on most models. 90-day warranty. Australian stock, same-day dispatch.",110.00 AUD,https://sc04.alicdn.com/kf/A4698a6c841b14cec8f1ce6fa878c0e0eN.png,Samsung,Electronics > Communications > Telephony > Mobile Phone Accessories
SRK-SAM-GalaxyA535G-SCR-OEM,Galaxy A53 5G Screen,"DIY Galaxy A53 5G screen replacement kit with factory-sealed OEM Service Pack display — identical to Apple/Samsung/Google original. Full True Tone, Face ID, biometric compatibility. Always diagnosable and pairable with System Configuration. Includes precision toolkit, adhesive, QR video guide. 90-day warranty. Ships from Newcastle AU.",149.00 AUD,https://sc04.alicdn.com/kf/A4698a6c841b14cec8f1ce6fa878c0e0eN.png,Samsung,Electronics > Communications > Telephony > Mobile Phone Accessories
SRK-SAM-GalaxyA545G-SCR-INCELL,Galaxy A54 5G Screen,"DIY Galaxy A54 5G screen replacement kit with INCELL LCD display. Includes precision pentalobe & tri-point screwdrivers, suction cup, ESD-safe spudgers, pre-cut adhesive strips, and QR-linked step-by-step video guide. 90-day warranty. Ships same day from Newcastle Australia.",99.00 AUD,https://sc04.alicdn.com/kf/A4698a6c841b14cec8f1ce6fa878c0e0eN.png,Samsung,Electronics > Communications > Telephony > Mobile Phone Accessories
SRK-SAM-GalaxyA545G-SCR-OLED,Galaxy A54 5G Screen,"DIY Galaxy A54 5G screen replacement kit with aftermarket Soft OLED display — vivid colours, true blacks, flush fit with phone frame. Preserves Samsung fingerprint sensor. Includes all precision tools, adhesive, and QR video repair guide. Diagnosable on most models. 90-day warranty. Australian stock, same-day dispatch.",110.00 AUD,https://sc04.alicdn.com/kf/A4698a6c841b14cec8f1ce6fa878c0e0eN.png,Samsung,Electronics > Communications > Telephony > Mobile Phone Accessories
SRK-SAM-GalaxyA545G-SCR-OEM,Galaxy A54 5G Screen,"DIY Galaxy A54 5G screen replacement kit with factory-sealed OEM Service Pack display — identical to Apple/Samsung/Google original. Full True Tone, Face ID, biometric compatibility. Always diagnosable and pairable with System Configuration. Includes precision toolkit, adhesive, QR video guide. 90-day warranty. Ships from Newcastle AU.",179.00 AUD,https://sc04.alicdn.com/kf/A4698a6c841b14cec8f1ce6fa878c0e0eN.png,Samsung,Electronics > Communications > Telephony > Mobile Phone Accessories
SRK-SAM-GalaxyA555G-SCR-INCELL,Galaxy A55 5G Screen,"DIY Galaxy A55 5G screen replacement kit with INCELL LCD display. Includes precision pentalobe & tri-point screwdrivers, suction cup, ESD-safe spudgers, pre-cut adhesive strips, and QR-linked step-by-step video guide. 90-day warranty. Ships same day from Newcastle Australia.",99.00 AUD,https://sc04.alicdn.com/kf/A4698a6c841b14cec8f1ce6fa878c0e0eN.png,Samsung,Electronics > Communications > Telephony > Mobile Phone Accessories
SRK-SAM-GalaxyA555G-SCR-OLED,Galaxy A55 5G Screen,"DIY Galaxy A55 5G screen replacement kit with aftermarket Soft OLED display — vivid colours, true blacks, flush fit with phone frame. Preserves Samsung fingerprint sensor. Includes all precision tools, adhesive, and QR video repair guide. Diagnosable on most models. 90-day warranty. Australian stock, same-day dispatch.",110.00 AUD,https://sc04.alicdn.com/kf/A4698a6c841b14cec8f1ce6fa878c0e0eN.png,Samsung,Electronics > Communications > Telephony > Mobile Phone Accessories
SRK-SAM-GalaxyA555G-SCR-OEM,Galaxy A55 5G Screen,"DIY Galaxy A55 5G screen replacement kit with factory-sealed OEM Service Pack display — identical to Apple/Samsung/Google original. Full True Tone, Face ID, biometric compatibility. Always diagnosable and pairable with System Configuration. Includes precision toolkit, adhesive, QR video guide. 90-day warranty. Ships from Newcastle AU.",179.00 AUD,https://sc04.alicdn.com/kf/A4698a6c841b14cec8f1ce6fa878c0e0eN.png,Samsung,Electronics > Communications > Telephony > Mobile Phone Accessories
SRK-SAM-GalaxyA565G-SCR-INCELL,Galaxy A56 5G Screen,"DIY Galaxy A56 5G screen replacement kit with INCELL LCD display. Includes precision pentalobe & tri-point screwdrivers, suction cup, ESD-safe spudgers, pre-cut adhesive strips, and QR-linked step-by-step video guide. 90-day warranty. Ships same day from Newcastle Australia.",99.00 AUD,https://sc04.alicdn.com/kf/A4698a6c841b14cec8f1ce6fa878c0e0eN.png,Samsung,Electronics > Communications > Telephony > Mobile Phone Accessories
SRK-SAM-GalaxyA565G-SCR-OLED,Galaxy A56 5G Screen,"DIY Galaxy A56 5G screen replacement kit with aftermarket Soft OLED display — vivid colours, true blacks, flush fit with phone frame. Preserves Samsung fingerprint sensor. Includes all precision tools, adhesive, and QR video repair guide. Diagnosable on most models. 90-day warranty. Australian stock, same-day dispatch.",110.00 AUD,https://sc04.alicdn.com/kf/A4698a6c841b14cec8f1ce6fa878c0e0eN.png,Samsung,Electronics > Communications > Telephony > Mobile Phone Accessories
SRK-SAM-GalaxyA565G-SCR-OEM,Galaxy A56 5G Screen,"DIY Galaxy A56 5G screen replacement kit with factory-sealed OEM Service Pack display — identical to Apple/Samsung/Google original. Full True Tone, Face ID, biometric compatibility. Always diagnosable and pairable with System Configuration. Includes precision toolkit, adhesive, QR video guide. 90-day warranty. Ships from Newcastle AU.",179.00 AUD,https://sc04.alicdn.com/kf/A4698a6c841b14cec8f1ce6fa878c0e0eN.png,Samsung,Electronics > Communications > Telephony > Mobile Phone Accessories
SRK-SAM-GalaxyA575G-SCR-INCELL,Galaxy A57 5G Screen,"DIY Galaxy A57 5G screen replacement kit with INCELL LCD display. Includes precision pentalobe & tri-point screwdrivers, suction cup, ESD-safe spudgers, pre-cut adhesive strips, and QR-linked step-by-step video guide. 90-day warranty. Ships same day from Newcastle Australia.",99.00 AUD,https://sc04.alicdn.com/kf/A4698a6c841b14cec8f1ce6fa878c0e0eN.png,Samsung,Electronics > Communications > Telephony > Mobile Phone Accessories
SRK-SAM-GalaxyA575G-SCR-OLED,Galaxy A57 5G Screen,"DIY Galaxy A57 5G screen replacement kit with aftermarket Soft OLED display — vivid colours, true blacks, flush fit with phone frame. Preserves Samsung fingerprint sensor. Includes all precision tools, adhesive, and QR video repair guide. Diagnosable on most models. 90-day warranty. Australian stock, same-day dispatch.",110.00 AUD,https://sc04.alicdn.com/kf/A4698a6c841b14cec8f1ce6fa878c0e0eN.png,Samsung,Electronics > Communications > Telephony > Mobile Phone Accessories
SRK-SAM-GalaxyA575G-SCR-OEM,Galaxy A57 5G Screen,"DIY Galaxy A57 5G screen replacement kit with factory-sealed OEM Service Pack display — identical to Apple/Samsung/Google original. Full True Tone, Face ID, biometric compatibility. Always diagnosable and pairable with System Configuration. Includes precision toolkit, adhesive, QR video guide. 90-day warranty. Ships from Newcastle AU.",179.00 AUD,https://sc04.alicdn.com/kf/A4698a6c841b14cec8f1ce6fa878c0e0eN.png,Samsung,Electronics > Communications > Telephony > Mobile Phone Accessories
SRK-SAM-GalaxyA70-SCR-INCELL,Galaxy A70 Screen,"DIY Galaxy A70 screen replacement kit with INCELL LCD display. Includes precision pentalobe & tri-point screwdrivers, suction cup, ESD-safe spudgers, pre-cut adhesive strips, and QR-linked step-by-step video guide. 90-day warranty. Ships same day from Newcastle Australia.",99.00 AUD,https://sc04.alicdn.com/kf/A4698a6c841b14cec8f1ce6fa878c0e0eN.png,Samsung,Electronics > Communications > Telephony > Mobile Phone Accessories
SRK-SAM-GalaxyA70-SCR-OLED,Galaxy A70 Screen,"DIY Galaxy A70 screen replacement kit with aftermarket Soft OLED display — vivid colours, true blacks, flush fit with phone frame. Preserves Samsung fingerprint sensor. Includes all precision tools, adhesive, and QR video repair guide. Diagnosable on most models. 90-day warranty. Australian stock, same-day dispatch.",110.00 AUD,https://sc04.alicdn.com/kf/A4698a6c841b14cec8f1ce6fa878c0e0eN.png,Samsung,Electronics > Communications > Telephony > Mobile Phone Accessories
SRK-SAM-GalaxyA70-SCR-OEM,Galaxy A70 Screen,"DIY Galaxy A70 screen replacement kit with factory-sealed OEM Service Pack display — identical to Apple/Samsung/Google original. Full True Tone, Face ID, biometric compatibility. Always diagnosable and pairable with System Configuration. Includes precision toolkit, adhesive, QR video guide. 90-day warranty. Ships from Newcastle AU.",149.00 AUD,https://sc04.alicdn.com/kf/A4698a6c841b14cec8f1ce6fa878c0e0eN.png,Samsung,Electronics > Communications > Telephony > Mobile Phone Accessories
SRK-SAM-GalaxyA71-SCR-INCELL,Galaxy A71 Screen,"DIY Galaxy A71 screen replacement kit with INCELL LCD display. Includes precision pentalobe & tri-point screwdrivers, suction cup, ESD-safe spudgers, pre-cut adhesive strips, and QR-linked step-by-step video guide. 90-day warranty. Ships same day from Newcastle Australia.",99.00 AUD,https://sc04.alicdn.com/kf/A4698a6c841b14cec8f1ce6fa878c0e0eN.png,Samsung,Electronics > Communications > Telephony > Mobile Phone Accessories
SRK-SAM-GalaxyA71-SCR-OLED,Galaxy A71 Screen,"DIY Galaxy A71 screen replacement kit with aftermarket Soft OLED display — vivid colours, true blacks, flush fit with phone frame. Preserves Samsung fingerprint sensor. Includes all precision tools, adhesive, and QR video repair guide. Diagnosable on most models. 90-day warranty. Australian stock, same-day dispatch.",110.00 AUD,https://sc04.alicdn.com/kf/A4698a6c841b14cec8f1ce6fa878c0e0eN.png,Samsung,Electronics > Communications > Telephony > Mobile Phone Accessories
SRK-SAM-GalaxyA71-SCR-OEM,Galaxy A71 Screen,"DIY Galaxy A71 screen replacement kit with factory-sealed OEM Service Pack display — identical to Apple/Samsung/Google original. Full True Tone, Face ID, biometric compatibility. Always diagnosable and pairable with System Configuration. Includes precision toolkit, adhesive, QR video guide. 90-day warranty. Ships from Newcastle AU.",149.00 AUD,https://sc04.alicdn.com/kf/A4698a6c841b14cec8f1ce6fa878c0e0eN.png,Samsung,Electronics > Communications > Telephony > Mobile Phone Accessories
SRK-SAM-GalaxyA725G-SCR-INCELL,Galaxy A72 5G Screen,"DIY Galaxy A72 5G screen replacement kit with INCELL LCD display. Includes precision pentalobe & tri-point screwdrivers, suction cup, ESD-safe spudgers, pre-cut adhesive strips, and QR-linked step-by-step video guide. 90-day warranty. Ships same day from Newcastle Australia.",99.00 AUD,https://sc04.alicdn.com/kf/A4698a6c841b14cec8f1ce6fa878c0e0eN.png,Samsung,Electronics > Communications > Telephony > Mobile Phone Accessories
SRK-SAM-GalaxyA725G-SCR-OLED,Galaxy A72 5G Screen,"DIY Galaxy A72 5G screen replacement kit with aftermarket Soft OLED display — vivid colours, true blacks, flush fit with phone frame. Preserves Samsung fingerprint sensor. Includes all precision tools, adhesive, and QR video repair guide. Diagnosable on most models. 90-day warranty. Australian stock, same-day dispatch.",110.00 AUD,https://sc04.alicdn.com/kf/A4698a6c841b14cec8f1ce6fa878c0e0eN.png,Samsung,Electronics > Communications > Telephony > Mobile Phone Accessories
SRK-SAM-GalaxyA725G-SCR-OEM,Galaxy A72 5G Screen,"DIY Galaxy A72 5G screen replacement kit with factory-sealed OEM Service Pack display — identical to Apple/Samsung/Google original. Full True Tone, Face ID, biometric compatibility. Always diagnosable and pairable with System Configuration. Includes precision toolkit, adhesive, QR video guide. 90-day warranty. Ships from Newcastle AU.",149.00 AUD,https://sc04.alicdn.com/kf/A4698a6c841b14cec8f1ce6fa878c0e0eN.png,Samsung,Electronics > Communications > Telephony > Mobile Phone Accessories
SRK-SAM-GalaxyA735G-SCR-INCELL,Galaxy A73 5G Screen,"DIY Galaxy A73 5G screen replacement kit with INCELL LCD display. Includes precision pentalobe & tri-point screwdrivers, suction cup, ESD-safe spudgers, pre-cut adhesive strips, and QR-linked step-by-step video guide. 90-day warranty. Ships same day from Newcastle Australia.",99.00 AUD,https://sc04.alicdn.com/kf/A4698a6c841b14cec8f1ce6fa878c0e0eN.png,Samsung,Electronics > Communications > Telephony > Mobile Phone Accessories
SRK-SAM-GalaxyA735G-SCR-OLED,Galaxy A73 5G Screen,"DIY Galaxy A73 5G screen replacement kit with aftermarket Soft OLED display — vivid colours, true blacks, flush fit with phone frame. Preserves Samsung fingerprint sensor. Includes all precision tools, adhesive, and QR video repair guide. Diagnosable on most models. 90-day warranty. Australian stock, same-day dispatch.",110.00 AUD,https://sc04.alicdn.com/kf/A4698a6c841b14cec8f1ce6fa878c0e0eN.png,Samsung,Electronics > Communications > Telephony > Mobile Phone Accessories
SRK-SAM-GalaxyA735G-SCR-OEM,Galaxy A73 5G Screen,"DIY Galaxy A73 5G screen replacement kit with factory-sealed OEM Service Pack display — identical to Apple/Samsung/Google original. Full True Tone, Face ID, biometric compatibility. Always diagnosable and pairable with System Configuration. Includes precision toolkit, adhesive, QR video guide. 90-day warranty. Ships from Newcastle AU.",149.00 AUD,https://sc04.alicdn.com/kf/A4698a6c841b14cec8f1ce6fa878c0e0eN.png,Samsung,Electronics > Communications > Telephony > Mobile Phone Accessories
SRK-SAM-GalaxyA745G-SCR-INCELL,Galaxy A74 5G Screen,"DIY Galaxy A74 5G screen replacement kit with INCELL LCD display. Includes precision pentalobe & tri-point screwdrivers, suction cup, ESD-safe spudgers, pre-cut adhesive strips, and QR-linked step-by-step video guide. 90-day warranty. Ships same day from Newcastle Australia.",99.00 AUD,https://sc04.alicdn.com/kf/A4698a6c841b14cec8f1ce6fa878c0e0eN.png,Samsung,Electronics > Communications > Telephony > Mobile Phone Accessories
SRK-SAM-GalaxyA745G-SCR-OLED,Galaxy A74 5G Screen,"DIY Galaxy A74 5G screen replacement kit with aftermarket Soft OLED display — vivid colours, true blacks, flush fit with phone frame. Preserves Samsung fingerprint sensor. Includes all precision tools, adhesive, and QR video repair guide. Diagnosable on most models. 90-day warranty. Australian stock, same-day dispatch.",110.00 AUD,https://sc04.alicdn.com/kf/A4698a6c841b14cec8f1ce6fa878c0e0eN.png,Samsung,Electronics > Communications > Telephony > Mobile Phone Accessories
SRK-SAM-GalaxyA745G-SCR-OEM,Galaxy A74 5G Screen,"DIY Galaxy A74 5G screen replacement kit with factory-sealed OEM Service Pack display — identical to Apple/Samsung/Google original. Full True Tone, Face ID, biometric compatibility. Always diagnosable and pairable with System Configuration. Includes precision toolkit, adhesive, QR video guide. 90-day warranty. Ships from Newcastle AU.",149.00 AUD,https://sc04.alicdn.com/kf/A4698a6c841b14cec8f1ce6fa878c0e0eN.png,Samsung,Electronics > Communications > Telephony > Mobile Phone Accessories
SRK-SAM-GalaxyA04-BAT-STD,Galaxy A04 Battery,"DIY Galaxy A04 battery replacement kit with quality lithium-ion cell matching original mAh capacity. Restores full-day battery life. Includes pentalobe screwdriver, suction cup, spudger, adhesive strips, and QR step-by-step video guide. 90-day warranty. Same-day dispatch from Newcastle Australia.",79.00 AUD,https://sc04.alicdn.com/kf/A4698a6c841b14cec8f1ce6fa878c0e0eN.png,Samsung,Electronics > Communications > Telephony > Mobile Phone Accessories
SRK-SAM-GalaxyA04-BAT-DIAG,Galaxy A04 Battery,"DIY Galaxy A04 diagnosable battery replacement kit — embedded serial chip pairs with Apple System Configuration to restore Battery Health percentage in Settings. Quality cell matching original capacity. Includes all precision tools, adhesive, QR video guide. Optimised Battery Charging restored after pairing. 90-day warranty. Australian stock.",129.00 AUD,https://sc04.alicdn.com/kf/A4698a6c841b14cec8f1ce6fa878c0e0eN.png,Samsung,Electronics > Communications > Telephony > Mobile Phone Accessories
SRK-SAM-GalaxyA05s-BAT-STD,Galaxy A05s Battery,"DIY Galaxy A05s battery replacement kit with quality lithium-ion cell matching original mAh capacity. Restores full-day battery life. Includes pentalobe screwdriver, suction cup, spudger, adhesive strips, and QR step-by-step video guide. 90-day warranty. Same-day dispatch from Newcastle Australia.",79.00 AUD,https://sc04.alicdn.com/kf/A4698a6c841b14cec8f1ce6fa878c0e0eN.png,Samsung,Electronics > Communications > Telephony > Mobile Phone Accessories
SRK-SAM-GalaxyA05s-BAT-DIAG,Galaxy A05s Battery,"DIY Galaxy A05s diagnosable battery replacement kit — embedded serial chip pairs with Apple System Configuration to restore Battery Health percentage in Settings. Quality cell matching original capacity. Includes all precision tools, adhesive, QR video guide. Optimised Battery Charging restored after pairing. 90-day warranty. Australian stock.",129.00 AUD,https://sc04.alicdn.com/kf/A4698a6c841b14cec8f1ce6fa878c0e0eN.png,Samsung,Electronics > Communications > Telephony > Mobile Phone Accessories
SRK-SAM-GalaxyA12-BAT-STD,Galaxy A12 Battery,"DIY Galaxy A12 battery replacement kit with quality lithium-ion cell matching original mAh capacity. Restores full-day battery life. Includes pentalobe screwdriver, suction cup, spudger, adhesive strips, and QR step-by-step video guide. 90-day warranty. Same-day dispatch from Newcastle Australia.",79.00 AUD,https://sc04.alicdn.com/kf/A4698a6c841b14cec8f1ce6fa878c0e0eN.png,Samsung,Electronics > Communications > Telephony > Mobile Phone Accessories
SRK-SAM-GalaxyA12-BAT-DIAG,Galaxy A12 Battery,"DIY Galaxy A12 diagnosable battery replacement kit — embedded serial chip pairs with Apple System Configuration to restore Battery Health percentage in Settings. Quality cell matching original capacity. Includes all precision tools, adhesive, QR video guide. Optimised Battery Charging restored after pairing. 90-day warranty. Australian stock.",129.00 AUD,https://sc04.alicdn.com/kf/A4698a6c841b14cec8f1ce6fa878c0e0eN.png,Samsung,Electronics > Communications > Telephony > Mobile Phone Accessories
SRK-SAM-GalaxyA134G-BAT-STD,Galaxy A13 4G Battery,"DIY Galaxy A13 4G battery replacement kit with quality lithium-ion cell matching original mAh capacity. Restores full-day battery life. Includes pentalobe screwdriver, suction cup, spudger, adhesive strips, and QR step-by-step video guide. 90-day warranty. Same-day dispatch from Newcastle Australia.",79.00 AUD,https://sc04.alicdn.com/kf/A4698a6c841b14cec8f1ce6fa878c0e0eN.png,Samsung,Electronics > Communications > Telephony > Mobile Phone Accessories
SRK-SAM-GalaxyA134G-BAT-DIAG,Galaxy A13 4G Battery,"DIY Galaxy A13 4G diagnosable battery replacement kit — embedded serial chip pairs with Apple System Configuration to restore Battery Health percentage in Settings. Quality cell matching original capacity. Includes all precision tools, adhesive, QR video guide. Optimised Battery Charging restored after pairing. 90-day warranty. Australian stock.",129.00 AUD,https://sc04.alicdn.com/kf/A4698a6c841b14cec8f1ce6fa878c0e0eN.png,Samsung,Electronics > Communications > Telephony > Mobile Phone Accessories
SRK-SAM-GalaxyA14-BAT-STD,Galaxy A14 Battery,"DIY Galaxy A14 battery replacement kit with quality lithium-ion cell matching original mAh capacity. Restores full-day battery life. Includes pentalobe screwdriver, suction cup, spudger, adhesive strips, and QR step-by-step video guide. 90-day warranty. Same-day dispatch from Newcastle Australia.",79.00 AUD,https://sc04.alicdn.com/kf/A4698a6c841b14cec8f1ce6fa878c0e0eN.png,Samsung,Electronics > Communications > Telephony > Mobile Phone Accessories
SRK-SAM-GalaxyA14-BAT-DIAG,Galaxy A14 Battery,"DIY Galaxy A14 diagnosable battery replacement kit — embedded serial chip pairs with Apple System Configuration to restore Battery Health percentage in Settings. Quality cell matching original capacity. Includes all precision tools, adhesive, QR video guide. Optimised Battery Charging restored after pairing. 90-day warranty. Australian stock.",129.00 AUD,https://sc04.alicdn.com/kf/A4698a6c841b14cec8f1ce6fa878c0e0eN.png,Samsung,Electronics > Communications > Telephony > Mobile Phone Accessories
SRK-SAM-GalaxyA155G-BAT-STD,Galaxy A15 5G Battery,"DIY Galaxy A15 5G battery replacement kit with quality lithium-ion cell matching original mAh capacity. Restores full-day battery life. Includes pentalobe screwdriver, suction cup, spudger, adhesive strips, and QR step-by-step video guide. 90-day warranty. Same-day dispatch from Newcastle Australia.",79.00 AUD,https://sc04.alicdn.com/kf/A4698a6c841b14cec8f1ce6fa878c0e0eN.png,Samsung,Electronics > Communications > Telephony > Mobile Phone Accessories
SRK-SAM-GalaxyA155G-BAT-DIAG,Galaxy A15 5G Battery,"DIY Galaxy A15 5G diagnosable battery replacement kit — embedded serial chip pairs with Apple System Configuration to restore Battery Health percentage in Settings. Quality cell matching original capacity. Includes all precision tools, adhesive, QR video guide. Optimised Battery Charging restored after pairing. 90-day warranty. Australian stock.",129.00 AUD,https://sc04.alicdn.com/kf/A4698a6c841b14cec8f1ce6fa878c0e0eN.png,Samsung,Electronics > Communications > Telephony > Mobile Phone Accessories
SRK-SAM-GalaxyA165G-BAT-STD,Galaxy A16 5G Battery,"DIY Galaxy A16 5G battery replacement kit with quality lithium-ion cell matching original mAh capacity. Restores full-day battery life. Includes pentalobe screwdriver, suction cup, spudger, adhesive strips, and QR step-by-step video guide. 90-day warranty. Same-day dispatch from Newcastle Australia.",79.00 AUD,https://sc04.alicdn.com/kf/A4698a6c841b14cec8f1ce6fa878c0e0eN.png,Samsung,Electronics > Communications > Telephony > Mobile Phone Accessories
SRK-SAM-GalaxyA165G-BAT-DIAG,Galaxy A16 5G Battery,"DIY Galaxy A16 5G diagnosable battery replacement kit — embedded serial chip pairs with Apple System Configuration to restore Battery Health percentage in Settings. Quality cell matching original capacity. Includes all precision tools, adhesive, QR video guide. Optimised Battery Charging restored after pairing. 90-day warranty. Australian stock.",129.00 AUD,https://sc04.alicdn.com/kf/A4698a6c841b14cec8f1ce6fa878c0e0eN.png,Samsung,Electronics > Communications > Telephony > Mobile Phone Accessories
SRK-SAM-GalaxyA175G-BAT-STD,Galaxy A17 5G Battery,"DIY Galaxy A17 5G battery replacement kit with quality lithium-ion cell matching original mAh capacity. Restores full-day battery life. Includes pentalobe screwdriver, suction cup, spudger, adhesive strips, and QR step-by-step video guide. 90-day warranty. Same-day dispatch from Newcastle Australia.",79.00 AUD,https://sc04.alicdn.com/kf/A4698a6c841b14cec8f1ce6fa878c0e0eN.png,Samsung,Electronics > Communications > Telephony > Mobile Phone Accessories
SRK-SAM-GalaxyA175G-BAT-DIAG,Galaxy A17 5G Battery,"DIY Galaxy A17 5G diagnosable battery replacement kit — embedded serial chip pairs with Apple System Configuration to restore Battery Health percentage in Settings. Quality cell matching original capacity. Includes all precision tools, adhesive, QR video guide. Optimised Battery Charging restored after pairing. 90-day warranty. Australian stock.",129.00 AUD,https://sc04.alicdn.com/kf/A4698a6c841b14cec8f1ce6fa878c0e0eN.png,Samsung,Electronics > Communications > Telephony > Mobile Phone Accessories
SRK-SAM-GalaxyA20-BAT-STD,Galaxy A20 Battery,"DIY Galaxy A20 battery replacement kit with quality lithium-ion cell matching original mAh capacity. Restores full-day battery life. Includes pentalobe screwdriver, suction cup, spudger, adhesive strips, and QR step-by-step video guide. 90-day warranty. Same-day dispatch from Newcastle Australia.",79.00 AUD,https://sc04.alicdn.com/kf/A4698a6c841b14cec8f1ce6fa878c0e0eN.png,Samsung,Electronics > Communications > Telephony > Mobile Phone Accessories
SRK-SAM-GalaxyA20-BAT-DIAG,Galaxy A20 Battery,"DIY Galaxy A20 diagnosable battery replacement kit — embedded serial chip pairs with Apple System Configuration to restore Battery Health percentage in Settings. Quality cell matching original capacity. Includes all precision tools, adhesive, QR video guide. Optimised Battery Charging restored after pairing. 90-day warranty. Australian stock.",129.00 AUD,https://sc04.alicdn.com/kf/A4698a6c841b14cec8f1ce6fa878c0e0eN.png,Samsung,Electronics > Communications > Telephony > Mobile Phone Accessories
SRK-SAM-GalaxyA30-BAT-STD,Galaxy A30 Battery,"DIY Galaxy A30 battery replacement kit with quality lithium-ion cell matching original mAh capacity. Restores full-day battery life. Includes pentalobe screwdriver, suction cup, spudger, adhesive strips, and QR step-by-step video guide. 90-day warranty. Same-day dispatch from Newcastle Australia.",79.00 AUD,https://sc04.alicdn.com/kf/A4698a6c841b14cec8f1ce6fa878c0e0eN.png,Samsung,Electronics > Communications > Telephony > Mobile Phone Accessories
SRK-SAM-GalaxyA30-BAT-DIAG,Galaxy A30 Battery,"DIY Galaxy A30 diagnosable battery replacement kit — embedded serial chip pairs with Apple System Configuration to restore Battery Health percentage in Settings. Quality cell matching original capacity. Includes all precision tools, adhesive, QR video guide. Optimised Battery Charging restored after pairing. 90-day warranty. Australian stock.",129.00 AUD,https://sc04.alicdn.com/kf/A4698a6c841b14cec8f1ce6fa878c0e0eN.png,Samsung,Electronics > Communications > Telephony > Mobile Phone Accessories
SRK-SAM-GalaxyA31-BAT-STD,Galaxy A31 Battery,"DIY Galaxy A31 battery replacement kit with quality lithium-ion cell matching original mAh capacity. Restores full-day battery life. Includes pentalobe screwdriver, suction cup, spudger, adhesive strips, and QR step-by-step video guide. 90-day warranty. Same-day dispatch from Newcastle Australia.",79.00 AUD,https://sc04.alicdn.com/kf/A4698a6c841b14cec8f1ce6fa878c0e0eN.png,Samsung,Electronics > Communications > Telephony > Mobile Phone Accessories
SRK-SAM-GalaxyA31-BAT-DIAG,Galaxy A31 Battery,"DIY Galaxy A31 diagnosable battery replacement kit — embedded serial chip pairs with Apple System Configuration to restore Battery Health percentage in Settings. Quality cell matching original capacity. Includes all precision tools, adhesive, QR video guide. Optimised Battery Charging restored after pairing. 90-day warranty. Australian stock.",129.00 AUD,https://sc04.alicdn.com/kf/A4698a6c841b14cec8f1ce6fa878c0e0eN.png,Samsung,Electronics > Communications > Telephony > Mobile Phone Accessories
SRK-SAM-GalaxyA32-BAT-STD,Galaxy A32 Battery,"DIY Galaxy A32 battery replacement kit with quality lithium-ion cell matching original mAh capacity. Restores full-day battery life. Includes pentalobe screwdriver, suction cup, spudger, adhesive strips, and QR step-by-step video guide. 90-day warranty. Same-day dispatch from Newcastle Australia.",79.00 AUD,https://sc04.alicdn.com/kf/A4698a6c841b14cec8f1ce6fa878c0e0eN.png,Samsung,Electronics > Communications > Telephony > Mobile Phone Accessories
SRK-SAM-GalaxyA32-BAT-DIAG,Galaxy A32 Battery,"DIY Galaxy A32 diagnosable battery replacement kit — embedded serial chip pairs with Apple System Configuration to restore Battery Health percentage in Settings. Quality cell matching original capacity. Includes all precision tools, adhesive, QR video guide. Optimised Battery Charging restored after pairing. 90-day warranty. Australian stock.",129.00 AUD,https://sc04.alicdn.com/kf/A4698a6c841b14cec8f1ce6fa878c0e0eN.png,Samsung,Electronics > Communications > Telephony > Mobile Phone Accessories
SRK-SAM-GalaxyA335G-BAT-STD,Galaxy A33 5G Battery,"DIY Galaxy A33 5G battery replacement kit with quality lithium-ion cell matching original mAh capacity. Restores full-day battery life. Includes pentalobe screwdriver, suction cup, spudger, adhesive strips, and QR step-by-step video guide. 90-day warranty. Same-day dispatch from Newcastle Australia.",79.00 AUD,https://sc04.alicdn.com/kf/A4698a6c841b14cec8f1ce6fa878c0e0eN.png,Samsung,Electronics > Communications > Telephony > Mobile Phone Accessories
SRK-SAM-GalaxyA335G-BAT-DIAG,Galaxy A33 5G Battery,"DIY Galaxy A33 5G diagnosable battery replacement kit — embedded serial chip pairs with Apple System Configuration to restore Battery Health percentage in Settings. Quality cell matching original capacity. Includes all precision tools, adhesive, QR video guide. Optimised Battery Charging restored after pairing. 90-day warranty. Australian stock.",129.00 AUD,https://sc04.alicdn.com/kf/A4698a6c841b14cec8f1ce6fa878c0e0eN.png,Samsung,Electronics > Communications > Telephony > Mobile Phone Accessories
SRK-SAM-GalaxyA345G-BAT-STD,Galaxy A34 5G Battery,"DIY Galaxy A34 5G battery replacement kit with quality lithium-ion cell matching original mAh capacity. Restores full-day battery life. Includes pentalobe screwdriver, suction cup, spudger, adhesive strips, and QR step-by-step video guide. 90-day warranty. Same-day dispatch from Newcastle Australia.",79.00 AUD,https://sc04.alicdn.com/kf/A4698a6c841b14cec8f1ce6fa878c0e0eN.png,Samsung,Electronics > Communications > Telephony > Mobile Phone Accessories
SRK-SAM-GalaxyA345G-BAT-DIAG,Galaxy A34 5G Battery,"DIY Galaxy A34 5G diagnosable battery replacement kit — embedded serial chip pairs with Apple System Configuration to restore Battery Health percentage in Settings. Quality cell matching original capacity. Includes all precision tools, adhesive, QR video guide. Optimised Battery Charging restored after pairing. 90-day warranty. Australian stock.",129.00 AUD,https://sc04.alicdn.com/kf/A4698a6c841b14cec8f1ce6fa878c0e0eN.png,Samsung,Electronics > Communications > Telephony > Mobile Phone Accessories
SRK-SAM-GalaxyA355G-BAT-STD,Galaxy A35 5G Battery,"DIY Galaxy A35 5G battery replacement kit with quality lithium-ion cell matching original mAh capacity. Restores full-day battery life. Includes pentalobe screwdriver, suction cup, spudger, adhesive strips, and QR step-by-step video guide. 90-day warranty. Same-day dispatch from Newcastle Australia.",79.00 AUD,https://sc04.alicdn.com/kf/A4698a6c841b14cec8f1ce6fa878c0e0eN.png,Samsung,Electronics > Communications > Telephony > Mobile Phone Accessories
SRK-SAM-GalaxyA355G-BAT-DIAG,Galaxy A35 5G Battery,"DIY Galaxy A35 5G diagnosable battery replacement kit — embedded serial chip pairs with Apple System Configuration to restore Battery Health percentage in Settings. Quality cell matching original capacity. Includes all precision tools, adhesive, QR video guide. Optimised Battery Charging restored after pairing. 90-day warranty. Australian stock.",129.00 AUD,https://sc04.alicdn.com/kf/A4698a6c841b14cec8f1ce6fa878c0e0eN.png,Samsung,Electronics > Communications > Telephony > Mobile Phone Accessories
SRK-SAM-GalaxyA365G-BAT-STD,Galaxy A36 5G Battery,"DIY Galaxy A36 5G battery replacement kit with quality lithium-ion cell matching original mAh capacity. Restores full-day battery life. Includes pentalobe screwdriver, suction cup, spudger, adhesive strips, and QR step-by-step video guide. 90-day warranty. Same-day dispatch from Newcastle Australia.",79.00 AUD,https://sc04.alicdn.com/kf/A4698a6c841b14cec8f1ce6fa878c0e0eN.png,Samsung,Electronics > Communications > Telephony > Mobile Phone Accessories
SRK-SAM-GalaxyA365G-BAT-DIAG,Galaxy A36 5G Battery,"DIY Galaxy A36 5G diagnosable battery replacement kit — embedded serial chip pairs with Apple System Configuration to restore Battery Health percentage in Settings. Quality cell matching original capacity. Includes all precision tools, adhesive, QR video guide. Optimised Battery Charging restored after pairing. 90-day warranty. Australian stock.",129.00 AUD,https://sc04.alicdn.com/kf/A4698a6c841b14cec8f1ce6fa878c0e0eN.png,Samsung,Electronics > Communications > Telephony > Mobile Phone Accessories
SRK-SAM-GalaxyA375G-BAT-STD,Galaxy A37 5G Battery,"DIY Galaxy A37 5G battery replacement kit with quality lithium-ion cell matching original mAh capacity. Restores full-day battery life. Includes pentalobe screwdriver, suction cup, spudger, adhesive strips, and QR step-by-step video guide. 90-day warranty. Same-day dispatch from Newcastle Australia.",79.00 AUD,https://sc04.alicdn.com/kf/A4698a6c841b14cec8f1ce6fa878c0e0eN.png,Samsung,Electronics > Communications > Telephony > Mobile Phone Accessories
SRK-SAM-GalaxyA375G-BAT-DIAG,Galaxy A37 5G Battery,"DIY Galaxy A37 5G diagnosable battery replacement kit — embedded serial chip pairs with Apple System Configuration to restore Battery Health percentage in Settings. Quality cell matching original capacity. Includes all precision tools, adhesive, QR video guide. Optimised Battery Charging restored after pairing. 90-day warranty. Australian stock.",129.00 AUD,https://sc04.alicdn.com/kf/A4698a6c841b14cec8f1ce6fa878c0e0eN.png,Samsung,Electronics > Communications > Telephony > Mobile Phone Accessories
SRK-SAM-GalaxyA50-BAT-STD,Galaxy A50 Battery,"DIY Galaxy A50 battery replacement kit with quality lithium-ion cell matching original mAh capacity. Restores full-day battery life. Includes pentalobe screwdriver, suction cup, spudger, adhesive strips, and QR step-by-step video guide. 90-day warranty. Same-day dispatch from Newcastle Australia.",79.00 AUD,https://sc04.alicdn.com/kf/A4698a6c841b14cec8f1ce6fa878c0e0eN.png,Samsung,Electronics > Communications > Telephony > Mobile Phone Accessories
SRK-SAM-GalaxyA50-BAT-DIAG,Galaxy A50 Battery,"DIY Galaxy A50 diagnosable battery replacement kit — embedded serial chip pairs with Apple System Configuration to restore Battery Health percentage in Settings. Quality cell matching original capacity. Includes all precision tools, adhesive, QR video guide. Optimised Battery Charging restored after pairing. 90-day warranty. Australian stock.",129.00 AUD,https://sc04.alicdn.com/kf/A4698a6c841b14cec8f1ce6fa878c0e0eN.png,Samsung,Electronics > Communications > Telephony > Mobile Phone Accessories
SRK-SAM-GalaxyA51-BAT-STD,Galaxy A51 Battery,"DIY Galaxy A51 battery replacement kit with quality lithium-ion cell matching original mAh capacity. Restores full-day battery life. Includes pentalobe screwdriver, suction cup, spudger, adhesive strips, and QR step-by-step video guide. 90-day warranty. Same-day dispatch from Newcastle Australia.",79.00 AUD,https://sc04.alicdn.com/kf/A4698a6c841b14cec8f1ce6fa878c0e0eN.png,Samsung,Electronics > Communications > Telephony > Mobile Phone Accessories
SRK-SAM-GalaxyA51-BAT-DIAG,Galaxy A51 Battery,"DIY Galaxy A51 diagnosable battery replacement kit — embedded serial chip pairs with Apple System Configuration to restore Battery Health percentage in Settings. Quality cell matching original capacity. Includes all precision tools, adhesive, QR video guide. Optimised Battery Charging restored after pairing. 90-day warranty. Australian stock.",129.00 AUD,https://sc04.alicdn.com/kf/A4698a6c841b14cec8f1ce6fa878c0e0eN.png,Samsung,Electronics > Communications > Telephony > Mobile Phone Accessories
SRK-SAM-GalaxyA52-BAT-STD,Galaxy A52 Battery,"DIY Galaxy A52 battery replacement kit with quality lithium-ion cell matching original mAh capacity. Restores full-day battery life. Includes pentalobe screwdriver, suction cup, spudger, adhesive strips, and QR step-by-step video guide. 90-day warranty. Same-day dispatch from Newcastle Australia.",79.00 AUD,https://sc04.alicdn.com/kf/A4698a6c841b14cec8f1ce6fa878c0e0eN.png,Samsung,Electronics > Communications > Telephony > Mobile Phone Accessories
SRK-SAM-GalaxyA52-BAT-DIAG,Galaxy A52 Battery,"DIY Galaxy A52 diagnosable battery replacement kit — embedded serial chip pairs with Apple System Configuration to restore Battery Health percentage in Settings. Quality cell matching original capacity. Includes all precision tools, adhesive, QR video guide. Optimised Battery Charging restored after pairing. 90-day warranty. Australian stock.",129.00 AUD,https://sc04.alicdn.com/kf/A4698a6c841b14cec8f1ce6fa878c0e0eN.png,Samsung,Electronics > Communications > Telephony > Mobile Phone Accessories
SRK-SAM-GalaxyA52s5G-BAT-STD,Galaxy A52s 5G Battery,"DIY Galaxy A52s 5G battery replacement kit with quality lithium-ion cell matching original mAh capacity. Restores full-day battery life. Includes pentalobe screwdriver, suction cup, spudger, adhesive strips, and QR step-by-step video guide. 90-day warranty. Same-day dispatch from Newcastle Australia.",79.00 AUD,https://sc04.alicdn.com/kf/A4698a6c841b14cec8f1ce6fa878c0e0eN.png,Samsung,Electronics > Communications > Telephony > Mobile Phone Accessories
SRK-SAM-GalaxyA52s5G-BAT-DIAG,Galaxy A52s 5G Battery,"DIY Galaxy A52s 5G diagnosable battery replacement kit — embedded serial chip pairs with Apple System Configuration to restore Battery Health percentage in Settings. Quality cell matching original capacity. Includes all precision tools, adhesive, QR video guide. Optimised Battery Charging restored after pairing. 90-day warranty. Australian stock.",129.00 AUD,https://sc04.alicdn.com/kf/A4698a6c841b14cec8f1ce6fa878c0e0eN.png,Samsung,Electronics > Communications > Telephony > Mobile Phone Accessories
SRK-SAM-GalaxyA535G-BAT-STD,Galaxy A53 5G Battery,"DIY Galaxy A53 5G battery replacement kit with quality lithium-ion cell matching original mAh capacity. Restores full-day battery life. Includes pentalobe screwdriver, suction cup, spudger, adhesive strips, and QR step-by-step video guide. 90-day warranty. Same-day dispatch from Newcastle Australia.",79.00 AUD,https://sc04.alicdn.com/kf/A4698a6c841b14cec8f1ce6fa878c0e0eN.png,Samsung,Electronics > Communications > Telephony > Mobile Phone Accessories
SRK-SAM-GalaxyA535G-BAT-DIAG,Galaxy A53 5G Battery,"DIY Galaxy A53 5G diagnosable battery replacement kit — embedded serial chip pairs with Apple System Configuration to restore Battery Health percentage in Settings. Quality cell matching original capacity. Includes all precision tools, adhesive, QR video guide. Optimised Battery Charging restored after pairing. 90-day warranty. Australian stock.",129.00 AUD,https://sc04.alicdn.com/kf/A4698a6c841b14cec8f1ce6fa878c0e0eN.png,Samsung,Electronics > Communications > Telephony > Mobile Phone Accessories
SRK-SAM-GalaxyA545G-BAT-STD,Galaxy A54 5G Battery,"DIY Galaxy A54 5G battery replacement kit with quality lithium-ion cell matching original mAh capacity. Restores full-day battery life. Includes pentalobe screwdriver, suction cup, spudger, adhesive strips, and QR step-by-step video guide. 90-day warranty. Same-day dispatch from Newcastle Australia.",79.00 AUD,https://sc04.alicdn.com/kf/A4698a6c841b14cec8f1ce6fa878c0e0eN.png,Samsung,Electronics > Communications > Telephony > Mobile Phone Accessories
SRK-SAM-GalaxyA545G-BAT-DIAG,Galaxy A54 5G Battery,"DIY Galaxy A54 5G diagnosable battery replacement kit — embedded serial chip pairs with Apple System Configuration to restore Battery Health percentage in Settings. Quality cell matching original capacity. Includes all precision tools, adhesive, QR video guide. Optimised Battery Charging restored after pairing. 90-day warranty. Australian stock.",129.00 AUD,https://sc04.alicdn.com/kf/A4698a6c841b14cec8f1ce6fa878c0e0eN.png,Samsung,Electronics > Communications > Telephony > Mobile Phone Accessories
SRK-SAM-GalaxyA555G-BAT-STD,Galaxy A55 5G Battery,"DIY Galaxy A55 5G battery replacement kit with quality lithium-ion cell matching original mAh capacity. Restores full-day battery life. Includes pentalobe screwdriver, suction cup, spudger, adhesive strips, and QR step-by-step video guide. 90-day warranty. Same-day dispatch from Newcastle Australia.",79.00 AUD,https://sc04.alicdn.com/kf/A4698a6c841b14cec8f1ce6fa878c0e0eN.png,Samsung,Electronics > Communications > Telephony > Mobile Phone Accessories
SRK-SAM-GalaxyA555G-BAT-DIAG,Galaxy A55 5G Battery,"DIY Galaxy A55 5G diagnosable battery replacement kit — embedded serial chip pairs with Apple System Configuration to restore Battery Health percentage in Settings. Quality cell matching original capacity. Includes all precision tools, adhesive, QR video guide. Optimised Battery Charging restored after pairing. 90-day warranty. Australian stock.",129.00 AUD,https://sc04.alicdn.com/kf/A4698a6c841b14cec8f1ce6fa878c0e0eN.png,Samsung,Electronics > Communications > Telephony > Mobile Phone Accessories
SRK-SAM-GalaxyA565G-BAT-STD,Galaxy A56 5G Battery,"DIY Galaxy A56 5G battery replacement kit with quality lithium-ion cell matching original mAh capacity. Restores full-day battery life. Includes pentalobe screwdriver, suction cup, spudger, adhesive strips, and QR step-by-step video guide. 90-day warranty. Same-day dispatch from Newcastle Australia.",79.00 AUD,https://sc04.alicdn.com/kf/A4698a6c841b14cec8f1ce6fa878c0e0eN.png,Samsung,Electronics > Communications > Telephony > Mobile Phone Accessories
SRK-SAM-GalaxyA565G-BAT-DIAG,Galaxy A56 5G Battery,"DIY Galaxy A56 5G diagnosable battery replacement kit — embedded serial chip pairs with Apple System Configuration to restore Battery Health percentage in Settings. Quality cell matching original capacity. Includes all precision tools, adhesive, QR video guide. Optimised Battery Charging restored after pairing. 90-day warranty. Australian stock.",129.00 AUD,https://sc04.alicdn.com/kf/A4698a6c841b14cec8f1ce6fa878c0e0eN.png,Samsung,Electronics > Communications > Telephony > Mobile Phone Accessories
SRK-SAM-GalaxyA575G-BAT-STD,Galaxy A57 5G Battery,"DIY Galaxy A57 5G battery replacement kit with quality lithium-ion cell matching original mAh capacity. Restores full-day battery life. Includes pentalobe screwdriver, suction cup, spudger, adhesive strips, and QR step-by-step video guide. 90-day warranty. Same-day dispatch from Newcastle Australia.",79.00 AUD,https://sc04.alicdn.com/kf/A4698a6c841b14cec8f1ce6fa878c0e0eN.png,Samsung,Electronics > Communications > Telephony > Mobile Phone Accessories
SRK-SAM-GalaxyA575G-BAT-DIAG,Galaxy A57 5G Battery,"DIY Galaxy A57 5G diagnosable battery replacement kit — embedded serial chip pairs with Apple System Configuration to restore Battery Health percentage in Settings. Quality cell matching original capacity. Includes all precision tools, adhesive, QR video guide. Optimised Battery Charging restored after pairing. 90-day warranty. Australian stock.",129.00 AUD,https://sc04.alicdn.com/kf/A4698a6c841b14cec8f1ce6fa878c0e0eN.png,Samsung,Electronics > Communications > Telephony > Mobile Phone Accessories
SRK-SAM-GalaxyA70-BAT-STD,Galaxy A70 Battery,"DIY Galaxy A70 battery replacement kit with quality lithium-ion cell matching original mAh capacity. Restores full-day battery life. Includes pentalobe screwdriver, suction cup, spudger, adhesive strips, and QR step-by-step video guide. 90-day warranty. Same-day dispatch from Newcastle Australia.",79.00 AUD,https://sc04.alicdn.com/kf/A4698a6c841b14cec8f1ce6fa878c0e0eN.png,Samsung,Electronics > Communications > Telephony > Mobile Phone Accessories
SRK-SAM-GalaxyA70-BAT-DIAG,Galaxy A70 Battery,"DIY Galaxy A70 diagnosable battery replacement kit — embedded serial chip pairs with Apple System Configuration to restore Battery Health percentage in Settings. Quality cell matching original capacity. Includes all precision tools, adhesive, QR video guide. Optimised Battery Charging restored after pairing. 90-day warranty. Australian stock.",129.00 AUD,https://sc04.alicdn.com/kf/A4698a6c841b14cec8f1ce6fa878c0e0eN.png,Samsung,Electronics > Communications > Telephony > Mobile Phone Accessories
SRK-SAM-GalaxyA71-BAT-STD,Galaxy A71 Battery,"DIY Galaxy A71 battery replacement kit with quality lithium-ion cell matching original mAh capacity. Restores full-day battery life. Includes pentalobe screwdriver, suction cup, spudger, adhesive strips, and QR step-by-step video guide. 90-day warranty. Same-day dispatch from Newcastle Australia.",79.00 AUD,https://sc04.alicdn.com/kf/A4698a6c841b14cec8f1ce6fa878c0e0eN.png,Samsung,Electronics > Communications > Telephony > Mobile Phone Accessories
SRK-SAM-GalaxyA71-BAT-DIAG,Galaxy A71 Battery,"DIY Galaxy A71 diagnosable battery replacement kit — embedded serial chip pairs with Apple System Configuration to restore Battery Health percentage in Settings. Quality cell matching original capacity. Includes all precision tools, adhesive, QR video guide. Optimised Battery Charging restored after pairing. 90-day warranty. Australian stock.",129.00 AUD,https://sc04.alicdn.com/kf/A4698a6c841b14cec8f1ce6fa878c0e0eN.png,Samsung,Electronics > Communications > Telephony > Mobile Phone Accessories
SRK-SAM-GalaxyA725G-BAT-STD,Galaxy A72 5G Battery,"DIY Galaxy A72 5G battery replacement kit with quality lithium-ion cell matching original mAh capacity. Restores full-day battery life. Includes pentalobe screwdriver, suction cup, spudger, adhesive strips, and QR step-by-step video guide. 90-day warranty. Same-day dispatch from Newcastle Australia.",79.00 AUD,https://sc04.alicdn.com/kf/A4698a6c841b14cec8f1ce6fa878c0e0eN.png,Samsung,Electronics > Communications > Telephony > Mobile Phone Accessories
SRK-SAM-GalaxyA725G-BAT-DIAG,Galaxy A72 5G Battery,"DIY Galaxy A72 5G diagnosable battery replacement kit — embedded serial chip pairs with Apple System Configuration to restore Battery Health percentage in Settings. Quality cell matching original capacity. Includes all precision tools, adhesive, QR video guide. Optimised Battery Charging restored after pairing. 90-day warranty. Australian stock.",129.00 AUD,https://sc04.alicdn.com/kf/A4698a6c841b14cec8f1ce6fa878c0e0eN.png,Samsung,Electronics > Communications > Telephony > Mobile Phone Accessories
SRK-SAM-GalaxyA735G-BAT-STD,Galaxy A73 5G Battery,"DIY Galaxy A73 5G battery replacement kit with quality lithium-ion cell matching original mAh capacity. Restores full-day battery life. Includes pentalobe screwdriver, suction cup, spudger, adhesive strips, and QR step-by-step video guide. 90-day warranty. Same-day dispatch from Newcastle Australia.",79.00 AUD,https://sc04.alicdn.com/kf/A4698a6c841b14cec8f1ce6fa878c0e0eN.png,Samsung,Electronics > Communications > Telephony > Mobile Phone Accessories
SRK-SAM-GalaxyA735G-BAT-DIAG,Galaxy A73 5G Battery,"DIY Galaxy A73 5G diagnosable battery replacement kit — embedded serial chip pairs with Apple System Configuration to restore Battery Health percentage in Settings. Quality cell matching original capacity. Includes all precision tools, adhesive, QR video guide. Optimised Battery Charging restored after pairing. 90-day warranty. Australian stock.",129.00 AUD,https://sc04.alicdn.com/kf/A4698a6c841b14cec8f1ce6fa878c0e0eN.png,Samsung,Electronics > Communications > Telephony > Mobile Phone Accessories
SRK-SAM-GalaxyA745G-BAT-STD,Galaxy A74 5G Battery,"DIY Galaxy A74 5G battery replacement kit with quality lithium-ion cell matching original mAh capacity. Restores full-day battery life. Includes pentalobe screwdriver, suction cup, spudger, adhesive strips, and QR step-by-step video guide. 90-day warranty. Same-day dispatch from Newcastle Australia.",79.00 AUD,https://sc04.alicdn.com/kf/A4698a6c841b14cec8f1ce6fa878c0e0eN.png,Samsung,Electronics > Communications > Telephony > Mobile Phone Accessories
SRK-SAM-GalaxyA745G-BAT-DIAG,Galaxy A74 5G Battery,"DIY Galaxy A74 5G diagnosable battery replacement kit — embedded serial chip pairs with Apple System Configuration to restore Battery Health percentage in Settings. Quality cell matching original capacity. Includes all precision tools, adhesive, QR video guide. Optimised Battery Charging restored after pairing. 90-day warranty. Australian stock.",129.00 AUD,https://sc04.alicdn.com/kf/A4698a6c841b14cec8f1ce6fa878c0e0eN.png,Samsung,Electronics > Communications > Telephony > Mobile Phone Accessories
SRK-OPP-OPPOA17-SCR-INCELL,OPPO A17 Screen,"DIY OPPO A17 screen replacement kit with INCELL LCD display. Includes precision pentalobe & tri-point screwdrivers, suction cup, ESD-safe spudgers, pre-cut adhesive strips, and QR-linked step-by-step video guide. 90-day warranty. Ships same day from Newcastle Australia.",99.00 AUD,https://sc04.alicdn.com/kf/A4698a6c841b14cec8f1ce6fa878c0e0eN.png,OPPO,Electronics > Communications > Telephony > Mobile Phone Accessories
SRK-OPP-OPPOA18-SCR-INCELL,OPPO A18 Screen,"DIY OPPO A18 screen replacement kit with INCELL LCD display. Includes precision pentalobe & tri-point screwdrivers, suction cup, ESD-safe spudgers, pre-cut adhesive strips, and QR-linked step-by-step video guide. 90-day warranty. Ships same day from Newcastle Australia.",99.00 AUD,https://sc04.alicdn.com/kf/A4698a6c841b14cec8f1ce6fa878c0e0eN.png,OPPO,Electronics > Communications > Telephony > Mobile Phone Accessories
SRK-OPP-OPPOA38-SCR-INCELL,OPPO A38 Screen,"DIY OPPO A38 screen replacement kit with INCELL LCD display. Includes precision pentalobe & tri-point screwdrivers, suction cup, ESD-safe spudgers, pre-cut adhesive strips, and QR-linked step-by-step video guide. 90-day warranty. Ships same day from Newcastle Australia.",99.00 AUD,https://sc04.alicdn.com/kf/A4698a6c841b14cec8f1ce6fa878c0e0eN.png,OPPO,Electronics > Communications > Telephony > Mobile Phone Accessories
SRK-OPP-OPPOA40-SCR-INCELL,OPPO A40 Screen,"DIY OPPO A40 screen replacement kit with INCELL LCD display. Includes precision pentalobe & tri-point screwdrivers, suction cup, ESD-safe spudgers, pre-cut adhesive strips, and QR-linked step-by-step video guide. 90-day warranty. Ships same day from Newcastle Australia.",99.00 AUD,https://sc04.alicdn.com/kf/A4698a6c841b14cec8f1ce6fa878c0e0eN.png,OPPO,Electronics > Communications > Telephony > Mobile Phone Accessories
SRK-OPP-OPPOA53s-SCR-INCELL,OPPO A53s Screen,"DIY OPPO A53s screen replacement kit with INCELL LCD display. Includes precision pentalobe & tri-point screwdrivers, suction cup, ESD-safe spudgers, pre-cut adhesive strips, and QR-linked step-by-step video guide. 90-day warranty. Ships same day from Newcastle Australia.",99.00 AUD,https://sc04.alicdn.com/kf/A4698a6c841b14cec8f1ce6fa878c0e0eN.png,OPPO,Electronics > Communications > Telephony > Mobile Phone Accessories
SRK-OPP-OPPOA54-SCR-INCELL,OPPO A54 Screen,"DIY OPPO A54 screen replacement kit with INCELL LCD display. Includes precision pentalobe & tri-point screwdrivers, suction cup, ESD-safe spudgers, pre-cut adhesive strips, and QR-linked step-by-step video guide. 90-day warranty. Ships same day from Newcastle Australia.",99.00 AUD,https://sc04.alicdn.com/kf/A4698a6c841b14cec8f1ce6fa878c0e0eN.png,OPPO,Electronics > Communications > Telephony > Mobile Phone Accessories
SRK-OPP-OPPOA57-SCR-INCELL,OPPO A57 Screen,"DIY OPPO A57 screen replacement kit with INCELL LCD display. Includes precision pentalobe & tri-point screwdrivers, suction cup, ESD-safe spudgers, pre-cut adhesive strips, and QR-linked step-by-step video guide. 90-day warranty. Ships same day from Newcastle Australia.",99.00 AUD,https://sc04.alicdn.com/kf/A4698a6c841b14cec8f1ce6fa878c0e0eN.png,OPPO,Electronics > Communications > Telephony > Mobile Phone Accessories
SRK-OPP-OPPOA58-SCR-INCELL,OPPO A58 Screen,"DIY OPPO A58 screen replacement kit with INCELL LCD display. Includes precision pentalobe & tri-point screwdrivers, suction cup, ESD-safe spudgers, pre-cut adhesive strips, and QR-linked step-by-step video guide. 90-day warranty. Ships same day from Newcastle Australia.",99.00 AUD,https://sc04.alicdn.com/kf/A4698a6c841b14cec8f1ce6fa878c0e0eN.png,OPPO,Electronics > Communications > Telephony > Mobile Phone Accessories
SRK-OPP-OPPOA60-SCR-INCELL,OPPO A60 Screen,"DIY OPPO A60 screen replacement kit with INCELL LCD display. Includes precision pentalobe & tri-point screwdrivers, suction cup, ESD-safe spudgers, pre-cut adhesive strips, and QR-linked step-by-step video guide. 90-day warranty. Ships same day from Newcastle Australia.",99.00 AUD,https://sc04.alicdn.com/kf/A4698a6c841b14cec8f1ce6fa878c0e0eN.png,OPPO,Electronics > Communications > Telephony > Mobile Phone Accessories
SRK-OPP-OPPOA77-SCR-INCELL,OPPO A77 Screen,"DIY OPPO A77 screen replacement kit with INCELL LCD display. Includes precision pentalobe & tri-point screwdrivers, suction cup, ESD-safe spudgers, pre-cut adhesive strips, and QR-linked step-by-step video guide. 90-day warranty. Ships same day from Newcastle Australia.",99.00 AUD,https://sc04.alicdn.com/kf/A4698a6c841b14cec8f1ce6fa878c0e0eN.png,OPPO,Electronics > Communications > Telephony > Mobile Phone Accessories
SRK-OPP-OPPOA78-SCR-INCELL,OPPO A78 Screen,"DIY OPPO A78 screen replacement kit with INCELL LCD display. Includes precision pentalobe & tri-point screwdrivers, suction cup, ESD-safe spudgers, pre-cut adhesive strips, and QR-linked step-by-step video guide. 90-day warranty. Ships same day from Newcastle Australia.",99.00 AUD,https://sc04.alicdn.com/kf/A4698a6c841b14cec8f1ce6fa878c0e0eN.png,OPPO,Electronics > Communications > Telephony > Mobile Phone Accessories
SRK-OPP-OPPOA79-SCR-INCELL,OPPO A79 Screen,"DIY OPPO A79 screen replacement kit with INCELL LCD display. Includes precision pentalobe & tri-point screwdrivers, suction cup, ESD-safe spudgers, pre-cut adhesive strips, and QR-linked step-by-step video guide. 90-day warranty. Ships same day from Newcastle Australia.",99.00 AUD,https://sc04.alicdn.com/kf/A4698a6c841b14cec8f1ce6fa878c0e0eN.png,OPPO,Electronics > Communications > Telephony > Mobile Phone Accessories
SRK-OPP-OPPOA80-SCR-INCELL,OPPO A80 Screen,"DIY OPPO A80 screen replacement kit with INCELL LCD display. Includes precision pentalobe & tri-point screwdrivers, suction cup, ESD-safe spudgers, pre-cut adhesive strips, and QR-linked step-by-step video guide. 90-day warranty. Ships same day from Newcastle Australia.",99.00 AUD,https://sc04.alicdn.com/kf/A4698a6c841b14cec8f1ce6fa878c0e0eN.png,OPPO,Electronics > Communications > Telephony > Mobile Phone Accessories
SRK-OPP-OPPOA94-SCR-INCELL,OPPO A94 Screen,"DIY OPPO A94 screen replacement kit with INCELL LCD display. Includes precision pentalobe & tri-point screwdrivers, suction cup, ESD-safe spudgers, pre-cut adhesive strips, and QR-linked step-by-step video guide. 90-day warranty. Ships same day from Newcastle Australia.",99.00 AUD,https://sc04.alicdn.com/kf/A4698a6c841b14cec8f1ce6fa878c0e0eN.png,OPPO,Electronics > Communications > Telephony > Mobile Phone Accessories
SRK-OPP-OPPOA96-SCR-INCELL,OPPO A96 Screen,"DIY OPPO A96 screen replacement kit with INCELL LCD display. Includes precision pentalobe & tri-point screwdrivers, suction cup, ESD-safe spudgers, pre-cut adhesive strips, and QR-linked step-by-step video guide. 90-day warranty. Ships same day from Newcastle Australia.",99.00 AUD,https://sc04.alicdn.com/kf/A4698a6c841b14cec8f1ce6fa878c0e0eN.png,OPPO,Electronics > Communications > Telephony > Mobile Phone Accessories
SRK-OPP-OPPOA98-SCR-INCELL,OPPO A98 Screen,"DIY OPPO A98 screen replacement kit with INCELL LCD display. Includes precision pentalobe & tri-point screwdrivers, suction cup, ESD-safe spudgers, pre-cut adhesive strips, and QR-linked step-by-step video guide. 90-day warranty. Ships same day from Newcastle Australia.",99.00 AUD,https://sc04.alicdn.com/kf/A4698a6c841b14cec8f1ce6fa878c0e0eN.png,OPPO,Electronics > Communications > Telephony > Mobile Phone Accessories
SRK-OPP-OPPOA3-SCR-INCELL,OPPO A3 Screen,"DIY OPPO A3 screen replacement kit with INCELL LCD display. Includes precision pentalobe & tri-point screwdrivers, suction cup, ESD-safe spudgers, pre-cut adhesive strips, and QR-linked step-by-step video guide. 90-day warranty. Ships same day from Newcastle Australia.",99.00 AUD,https://sc04.alicdn.com/kf/A4698a6c841b14cec8f1ce6fa878c0e0eN.png,OPPO,Electronics > Communications > Telephony > Mobile Phone Accessories
SRK-OPP-OPPOA5Pro-SCR-INCELL,OPPO A5 Pro Screen,"DIY OPPO A5 Pro screen replacement kit with INCELL LCD display. Includes precision pentalobe & tri-point screwdrivers, suction cup, ESD-safe spudgers, pre-cut adhesive strips, and QR-linked step-by-step video guide. 90-day warranty. Ships same day from Newcastle Australia.",99.00 AUD,https://sc04.alicdn.com/kf/A4698a6c841b14cec8f1ce6fa878c0e0eN.png,OPPO,Electronics > Communications > Telephony > Mobile Phone Accessories
SRK-OPP-OPPOA17-BAT-STD,OPPO A17 Battery,"DIY OPPO A17 battery replacement kit with quality lithium-ion cell matching original mAh capacity. Restores full-day battery life. Includes pentalobe screwdriver, suction cup, spudger, adhesive strips, and QR step-by-step video guide. 90-day warranty. Same-day dispatch from Newcastle Australia.",79.00 AUD,https://sc04.alicdn.com/kf/A4698a6c841b14cec8f1ce6fa878c0e0eN.png,OPPO,Electronics > Communications > Telephony > Mobile Phone Accessories
SRK-OPP-OPPOA18-BAT-STD,OPPO A18 Battery,"DIY OPPO A18 battery replacement kit with quality lithium-ion cell matching original mAh capacity. Restores full-day battery life. Includes pentalobe screwdriver, suction cup, spudger, adhesive strips, and QR step-by-step video guide. 90-day warranty. Same-day dispatch from Newcastle Australia.",79.00 AUD,https://sc04.alicdn.com/kf/A4698a6c841b14cec8f1ce6fa878c0e0eN.png,OPPO,Electronics > Communications > Telephony > Mobile Phone Accessories
SRK-OPP-OPPOA38-BAT-STD,OPPO A38 Battery,"DIY OPPO A38 battery replacement kit with quality lithium-ion cell matching original mAh capacity. Restores full-day battery life. Includes pentalobe screwdriver, suction cup, spudger, adhesive strips, and QR step-by-step video guide. 90-day warranty. Same-day dispatch from Newcastle Australia.",79.00 AUD,https://sc04.alicdn.com/kf/A4698a6c841b14cec8f1ce6fa878c0e0eN.png,OPPO,Electronics > Communications > Telephony > Mobile Phone Accessories
SRK-OPP-OPPOA40-BAT-STD,OPPO A40 Battery,"DIY OPPO A40 battery replacement kit with quality lithium-ion cell matching original mAh capacity. Restores full-day battery life. Includes pentalobe screwdriver, suction cup, spudger, adhesive strips, and QR step-by-step video guide. 90-day warranty. Same-day dispatch from Newcastle Australia.",79.00 AUD,https://sc04.alicdn.com/kf/A4698a6c841b14cec8f1ce6fa878c0e0eN.png,OPPO,Electronics > Communications > Telephony > Mobile Phone Accessories
SRK-OPP-OPPOA53s-BAT-STD,OPPO A53s Battery,"DIY OPPO A53s battery replacement kit with quality lithium-ion cell matching original mAh capacity. Restores full-day battery life. Includes pentalobe screwdriver, suction cup, spudger, adhesive strips, and QR step-by-step video guide. 90-day warranty. Same-day dispatch from Newcastle Australia.",79.00 AUD,https://sc04.alicdn.com/kf/A4698a6c841b14cec8f1ce6fa878c0e0eN.png,OPPO,Electronics > Communications > Telephony > Mobile Phone Accessories
SRK-OPP-OPPOA54-BAT-STD,OPPO A54 Battery,"DIY OPPO A54 battery replacement kit with quality lithium-ion cell matching original mAh capacity. Restores full-day battery life. Includes pentalobe screwdriver, suction cup, spudger, adhesive strips, and QR step-by-step video guide. 90-day warranty. Same-day dispatch from Newcastle Australia.",79.00 AUD,https://sc04.alicdn.com/kf/A4698a6c841b14cec8f1ce6fa878c0e0eN.png,OPPO,Electronics > Communications > Telephony > Mobile Phone Accessories
SRK-OPP-OPPOA57-BAT-STD,OPPO A57 Battery,"DIY OPPO A57 battery replacement kit with quality lithium-ion cell matching original mAh capacity. Restores full-day battery life. Includes pentalobe screwdriver, suction cup, spudger, adhesive strips, and QR step-by-step video guide. 90-day warranty. Same-day dispatch from Newcastle Australia.",79.00 AUD,https://sc04.alicdn.com/kf/A4698a6c841b14cec8f1ce6fa878c0e0eN.png,OPPO,Electronics > Communications > Telephony > Mobile Phone Accessories
SRK-OPP-OPPOA58-BAT-STD,OPPO A58 Battery,"DIY OPPO A58 battery replacement kit with quality lithium-ion cell matching original mAh capacity. Restores full-day battery life. Includes pentalobe screwdriver, suction cup, spudger, adhesive strips, and QR step-by-step video guide. 90-day warranty. Same-day dispatch from Newcastle Australia.",79.00 AUD,https://sc04.alicdn.com/kf/A4698a6c841b14cec8f1ce6fa878c0e0eN.png,OPPO,Electronics > Communications > Telephony > Mobile Phone Accessories
SRK-OPP-OPPOA60-BAT-STD,OPPO A60 Battery,"DIY OPPO A60 battery replacement kit with quality lithium-ion cell matching original mAh capacity. Restores full-day battery life. Includes pentalobe screwdriver, suction cup, spudger, adhesive strips, and QR step-by-step video guide. 90-day warranty. Same-day dispatch from Newcastle Australia.",79.00 AUD,https://sc04.alicdn.com/kf/A4698a6c841b14cec8f1ce6fa878c0e0eN.png,OPPO,Electronics > Communications > Telephony > Mobile Phone Accessories
SRK-OPP-OPPOA77-BAT-STD,OPPO A77 Battery,"DIY OPPO A77 battery replacement kit with quality lithium-ion cell matching original mAh capacity. Restores full-day battery life. Includes pentalobe screwdriver, suction cup, spudger, adhesive strips, and QR step-by-step video guide. 90-day warranty. Same-day dispatch from Newcastle Australia.",79.00 AUD,https://sc04.alicdn.com/kf/A4698a6c841b14cec8f1ce6fa878c0e0eN.png,OPPO,Electronics > Communications > Telephony > Mobile Phone Accessories
SRK-OPP-OPPOA78-BAT-STD,OPPO A78 Battery,"DIY OPPO A78 battery replacement kit with quality lithium-ion cell matching original mAh capacity. Restores full-day battery life. Includes pentalobe screwdriver, suction cup, spudger, adhesive strips, and QR step-by-step video guide. 90-day warranty. Same-day dispatch from Newcastle Australia.",79.00 AUD,https://sc04.alicdn.com/kf/A4698a6c841b14cec8f1ce6fa878c0e0eN.png,OPPO,Electronics > Communications > Telephony > Mobile Phone Accessories
SRK-OPP-OPPOA79-BAT-STD,OPPO A79 Battery,"DIY OPPO A79 battery replacement kit with quality lithium-ion cell matching original mAh capacity. Restores full-day battery life. Includes pentalobe screwdriver, suction cup, spudger, adhesive strips, and QR step-by-step video guide. 90-day warranty. Same-day dispatch from Newcastle Australia.",79.00 AUD,https://sc04.alicdn.com/kf/A4698a6c841b14cec8f1ce6fa878c0e0eN.png,OPPO,Electronics > Communications > Telephony > Mobile Phone Accessories
SRK-OPP-OPPOA80-BAT-STD,OPPO A80 Battery,"DIY OPPO A80 battery replacement kit with quality lithium-ion cell matching original mAh capacity. Restores full-day battery life. Includes pentalobe screwdriver, suction cup, spudger, adhesive strips, and QR step-by-step video guide. 90-day warranty. Same-day dispatch from Newcastle Australia.",79.00 AUD,https://sc04.alicdn.com/kf/A4698a6c841b14cec8f1ce6fa878c0e0eN.png,OPPO,Electronics > Communications > Telephony > Mobile Phone Accessories
SRK-OPP-OPPOA94-BAT-STD,OPPO A94 Battery,"DIY OPPO A94 battery replacement kit with quality lithium-ion cell matching original mAh capacity. Restores full-day battery life. Includes pentalobe screwdriver, suction cup, spudger, adhesive strips, and QR step-by-step video guide. 90-day warranty. Same-day dispatch from Newcastle Australia.",79.00 AUD,https://sc04.alicdn.com/kf/A4698a6c841b14cec8f1ce6fa878c0e0eN.png,OPPO,Electronics > Communications > Telephony > Mobile Phone Accessories
SRK-OPP-OPPOA96-BAT-STD,OPPO A96 Battery,"DIY OPPO A96 battery replacement kit with quality lithium-ion cell matching original mAh capacity. Restores full-day battery life. Includes pentalobe screwdriver, suction cup, spudger, adhesive strips, and QR step-by-step video guide. 90-day warranty. Same-day dispatch from Newcastle Australia.",79.00 AUD,https://sc04.alicdn.com/kf/A4698a6c841b14cec8f1ce6fa878c0e0eN.png,OPPO,Electronics > Communications > Telephony > Mobile Phone Accessories
SRK-OPP-OPPOA98-BAT-STD,OPPO A98 Battery,"DIY OPPO A98 battery replacement kit with quality lithium-ion cell matching original mAh capacity. Restores full-day battery life. Includes pentalobe screwdriver, suction cup, spudger, adhesive strips, and QR step-by-step video guide. 90-day warranty. Same-day dispatch from Newcastle Australia.",79.00 AUD,https://sc04.alicdn.com/kf/A4698a6c841b14cec8f1ce6fa878c0e0eN.png,OPPO,Electronics > Communications > Telephony > Mobile Phone Accessories
SRK-OPP-OPPOA3-BAT-STD,OPPO A3 Battery,"DIY OPPO A3 battery replacement kit with quality lithium-ion cell matching original mAh capacity. Restores full-day battery life. Includes pentalobe screwdriver, suction cup, spudger, adhesive strips, and QR step-by-step video guide. 90-day warranty. Same-day dispatch from Newcastle Australia.",79.00 AUD,https://sc04.alicdn.com/kf/A4698a6c841b14cec8f1ce6fa878c0e0eN.png,OPPO,Electronics > Communications > Telephony > Mobile Phone Accessories
SRK-OPP-OPPOA5Pro-BAT-STD,OPPO A5 Pro Battery,"DIY OPPO A5 Pro battery replacement kit with quality lithium-ion cell matching original mAh capacity. Restores full-day battery life. Includes pentalobe screwdriver, suction cup, spudger, adhesive strips, and QR step-by-step video guide. 90-day warranty. Same-day dispatch from Newcastle Australia.",79.00 AUD,https://sc04.alicdn.com/kf/A4698a6c841b14cec8f1ce6fa878c0e0eN.png,OPPO,Electronics > Communications > Telephony > Mobile Phone Accessories
SRK-GOO-Pixel3-SCR-OEM,Pixel 3 Screen,"DIY Pixel 3 screen replacement kit with factory-sealed OEM Service Pack display — identical to Apple/Samsung/Google original. Full True Tone, Face ID, biometric compatibility. Always diagnosable and pairable with System Configuration. Includes precision toolkit, adhesive, QR video guide. 90-day warranty. Ships from Newcastle AU.",129.00 AUD,https://sc04.alicdn.com/kf/A4698a6c841b14cec8f1ce6fa878c0e0eN.png,Google,Electronics > Communications > Telephony > Mobile Phone Accessories
SRK-GOO-Pixel3XL-SCR-OEM,Pixel 3 XL Screen,"DIY Pixel 3 XL screen replacement kit with factory-sealed OEM Service Pack display — identical to Apple/Samsung/Google original. Full True Tone, Face ID, biometric compatibility. Always diagnosable and pairable with System Configuration. Includes precision toolkit, adhesive, QR video guide. 90-day warranty. Ships from Newcastle AU.",149.00 AUD,https://sc04.alicdn.com/kf/A4698a6c841b14cec8f1ce6fa878c0e0eN.png,Google,Electronics > Communications > Telephony > Mobile Phone Accessories
SRK-GOO-Pixel3a-SCR-OEM,Pixel 3a Screen,"DIY Pixel 3a screen replacement kit with factory-sealed OEM Service Pack display — identical to Apple/Samsung/Google original. Full True Tone, Face ID, biometric compatibility. Always diagnosable and pairable with System Configuration. Includes precision toolkit, adhesive, QR video guide. 90-day warranty. Ships from Newcastle AU.",149.00 AUD,https://sc04.alicdn.com/kf/A4698a6c841b14cec8f1ce6fa878c0e0eN.png,Google,Electronics > Communications > Telephony > Mobile Phone Accessories
SRK-GOO-Pixel3aXL-SCR-OEM,Pixel 3a XL Screen,"DIY Pixel 3a XL screen replacement kit with factory-sealed OEM Service Pack display — identical to Apple/Samsung/Google original. Full True Tone, Face ID, biometric compatibility. Always diagnosable and pairable with System Configuration. Includes precision toolkit, adhesive, QR video guide. 90-day warranty. Ships from Newcastle AU.",159.00 AUD,https://sc04.alicdn.com/kf/A4698a6c841b14cec8f1ce6fa878c0e0eN.png,Google,Electronics > Communications > Telephony > Mobile Phone Accessories
SRK-GOO-Pixel4-SCR-OEM,Pixel 4 Screen,"DIY Pixel 4 screen replacement kit with factory-sealed OEM Service Pack display — identical to Apple/Samsung/Google original. Full True Tone, Face ID, biometric compatibility. Always diagnosable and pairable with System Configuration. Includes precision toolkit, adhesive, QR video guide. 90-day warranty. Ships from Newcastle AU.",159.00 AUD,https://sc04.alicdn.com/kf/A4698a6c841b14cec8f1ce6fa878c0e0eN.png,Google,Electronics > Communications > Telephony > Mobile Phone Accessories
SRK-GOO-Pixel4XL-SCR-OEM,Pixel 4 XL Screen,"DIY Pixel 4 XL screen replacement kit with factory-sealed OEM Service Pack display — identical to Apple/Samsung/Google original. Full True Tone, Face ID, biometric compatibility. Always diagnosable and pairable with System Configuration. Includes precision toolkit, adhesive, QR video guide. 90-day warranty. Ships from Newcastle AU.",159.00 AUD,https://sc04.alicdn.com/kf/A4698a6c841b14cec8f1ce6fa878c0e0eN.png,Google,Electronics > Communications > Telephony > Mobile Phone Accessories
SRK-GOO-Pixel4a-SCR-OEM,Pixel 4a Screen,"DIY Pixel 4a screen replacement kit with factory-sealed OEM Service Pack display — identical to Apple/Samsung/Google original. Full True Tone, Face ID, biometric compatibility. Always diagnosable and pairable with System Configuration. Includes precision toolkit, adhesive, QR video guide. 90-day warranty. Ships from Newcastle AU.",179.00 AUD,https://sc04.alicdn.com/kf/A4698a6c841b14cec8f1ce6fa878c0e0eN.png,Google,Electronics > Communications > Telephony > Mobile Phone Accessories
SRK-GOO-Pixel4a5G-SCR-OEM,Pixel 4a (5G) Screen,"DIY Pixel 4a (5G) screen replacement kit with factory-sealed OEM Service Pack display — identical to Apple/Samsung/Google original. Full True Tone, Face ID, biometric compatibility. Always diagnosable and pairable with System Configuration. Includes precision toolkit, adhesive, QR video guide. 90-day warranty. Ships from Newcastle AU.",179.00 AUD,https://sc04.alicdn.com/kf/A4698a6c841b14cec8f1ce6fa878c0e0eN.png,Google,Electronics > Communications > Telephony > Mobile Phone Accessories
SRK-GOO-Pixel5-SCR-OEM,Pixel 5 Screen,"DIY Pixel 5 screen replacement kit with factory-sealed OEM Service Pack display — identical to Apple/Samsung/Google original. Full True Tone, Face ID, biometric compatibility. Always diagnosable and pairable with System Configuration. Includes precision toolkit, adhesive, QR video guide. 90-day warranty. Ships from Newcastle AU.",199.00 AUD,https://sc04.alicdn.com/kf/A4698a6c841b14cec8f1ce6fa878c0e0eN.png,Google,Electronics > Communications > Telephony > Mobile Phone Accessories
SRK-GOO-Pixel5a-SCR-OEM,Pixel 5a Screen,"DIY Pixel 5a screen replacement kit with factory-sealed OEM Service Pack display — identical to Apple/Samsung/Google original. Full True Tone, Face ID, biometric compatibility. Always diagnosable and pairable with System Configuration. Includes precision toolkit, adhesive, QR video guide. 90-day warranty. Ships from Newcastle AU.",159.00 AUD,https://sc04.alicdn.com/kf/A4698a6c841b14cec8f1ce6fa878c0e0eN.png,Google,Electronics > Communications > Telephony > Mobile Phone Accessories
SRK-GOO-Pixel6-SCR-OEM,Pixel 6 Screen,"DIY Pixel 6 screen replacement kit with factory-sealed OEM Service Pack display — identical to Apple/Samsung/Google original. Full True Tone, Face ID, biometric compatibility. Always diagnosable and pairable with System Configuration. Includes precision toolkit, adhesive, QR video guide. 90-day warranty. Ships from Newcastle AU.",199.00 AUD,https://sc04.alicdn.com/kf/A4698a6c841b14cec8f1ce6fa878c0e0eN.png,Google,Electronics > Communications > Telephony > Mobile Phone Accessories
SRK-GOO-Pixel6Pro-SCR-OEM,Pixel 6 Pro Screen,"DIY Pixel 6 Pro screen replacement kit with factory-sealed OEM Service Pack display — identical to Apple/Samsung/Google original. Full True Tone, Face ID, biometric compatibility. Always diagnosable and pairable with System Configuration. Includes precision toolkit, adhesive, QR video guide. 90-day warranty. Ships from Newcastle AU.",229.00 AUD,https://sc04.alicdn.com/kf/A4698a6c841b14cec8f1ce6fa878c0e0eN.png,Google,Electronics > Communications > Telephony > Mobile Phone Accessories
SRK-GOO-Pixel6a-SCR-OEM,Pixel 6a Screen,"DIY Pixel 6a screen replacement kit with factory-sealed OEM Service Pack display — identical to Apple/Samsung/Google original. Full True Tone, Face ID, biometric compatibility. Always diagnosable and pairable with System Configuration. Includes precision toolkit, adhesive, QR video guide. 90-day warranty. Ships from Newcastle AU.",199.00 AUD,https://sc04.alicdn.com/kf/A4698a6c841b14cec8f1ce6fa878c0e0eN.png,Google,Electronics > Communications > Telephony > Mobile Phone Accessories
SRK-GOO-Pixel7-SCR-OEM,Pixel 7 Screen,"DIY Pixel 7 screen replacement kit with factory-sealed OEM Service Pack display — identical to Apple/Samsung/Google original. Full True Tone, Face ID, biometric compatibility. Always diagnosable and pairable with System Configuration. Includes precision toolkit, adhesive, QR video guide. 90-day warranty. Ships from Newcastle AU.",259.00 AUD,https://sc04.alicdn.com/kf/A4698a6c841b14cec8f1ce6fa878c0e0eN.png,Google,Electronics > Communications > Telephony > Mobile Phone Accessories
SRK-GOO-Pixel7Pro-SCR-OEM,Pixel 7 Pro Screen,"DIY Pixel 7 Pro screen replacement kit with factory-sealed OEM Service Pack display — identical to Apple/Samsung/Google original. Full True Tone, Face ID, biometric compatibility. Always diagnosable and pairable with System Configuration. Includes precision toolkit, adhesive, QR video guide. 90-day warranty. Ships from Newcastle AU.",329.00 AUD,https://sc04.alicdn.com/kf/A4698a6c841b14cec8f1ce6fa878c0e0eN.png,Google,Electronics > Communications > Telephony > Mobile Phone Accessories
SRK-GOO-Pixel7a-SCR-OEM,Pixel 7a Screen,"DIY Pixel 7a screen replacement kit with factory-sealed OEM Service Pack display — identical to Apple/Samsung/Google original. Full True Tone, Face ID, biometric compatibility. Always diagnosable and pairable with System Configuration. Includes precision toolkit, adhesive, QR video guide. 90-day warranty. Ships from Newcastle AU.",259.00 AUD,https://sc04.alicdn.com/kf/A4698a6c841b14cec8f1ce6fa878c0e0eN.png,Google,Electronics > Communications > Telephony > Mobile Phone Accessories
SRK-GOO-Pixel8-SCR-OEM,Pixel 8 Screen,"DIY Pixel 8 screen replacement kit with factory-sealed OEM Service Pack display — identical to Apple/Samsung/Google original. Full True Tone, Face ID, biometric compatibility. Always diagnosable and pairable with System Configuration. Includes precision toolkit, adhesive, QR video guide. 90-day warranty. Ships from Newcastle AU.",259.00 AUD,https://sc04.alicdn.com/kf/A4698a6c841b14cec8f1ce6fa878c0e0eN.png,Google,Electronics > Communications > Telephony > Mobile Phone Accessories
SRK-GOO-Pixel8Pro-SCR-OEM,Pixel 8 Pro Screen,"DIY Pixel 8 Pro screen replacement kit with factory-sealed OEM Service Pack display — identical to Apple/Samsung/Google original. Full True Tone, Face ID, biometric compatibility. Always diagnosable and pairable with System Configuration. Includes precision toolkit, adhesive, QR video guide. 90-day warranty. Ships from Newcastle AU.",499.00 AUD,https://sc04.alicdn.com/kf/A4698a6c841b14cec8f1ce6fa878c0e0eN.png,Google,Electronics > Communications > Telephony > Mobile Phone Accessories
SRK-GOO-Pixel8a-SCR-OEM,Pixel 8a Screen,"DIY Pixel 8a screen replacement kit with factory-sealed OEM Service Pack display — identical to Apple/Samsung/Google original. Full True Tone, Face ID, biometric compatibility. Always diagnosable and pairable with System Configuration. Includes precision toolkit, adhesive, QR video guide. 90-day warranty. Ships from Newcastle AU.",259.00 AUD,https://sc04.alicdn.com/kf/A4698a6c841b14cec8f1ce6fa878c0e0eN.png,Google,Electronics > Communications > Telephony > Mobile Phone Accessories
SRK-GOO-Pixel9-SCR-OEM,Pixel 9 Screen,"DIY Pixel 9 screen replacement kit with factory-sealed OEM Service Pack display — identical to Apple/Samsung/Google original. Full True Tone, Face ID, biometric compatibility. Always diagnosable and pairable with System Configuration. Includes precision toolkit, adhesive, QR video guide. 90-day warranty. Ships from Newcastle AU.",269.00 AUD,https://sc04.alicdn.com/kf/A4698a6c841b14cec8f1ce6fa878c0e0eN.png,Google,Electronics > Communications > Telephony > Mobile Phone Accessories
SRK-GOO-Pixel9Pro-SCR-OEM,Pixel 9 Pro Screen,"DIY Pixel 9 Pro screen replacement kit with factory-sealed OEM Service Pack display — identical to Apple/Samsung/Google original. Full True Tone, Face ID, biometric compatibility. Always diagnosable and pairable with System Configuration. Includes precision toolkit, adhesive, QR video guide. 90-day warranty. Ships from Newcastle AU.",259.00 AUD,https://sc04.alicdn.com/kf/A4698a6c841b14cec8f1ce6fa878c0e0eN.png,Google,Electronics > Communications > Telephony > Mobile Phone Accessories
SRK-GOO-Pixel9ProXL-SCR-OEM,Pixel 9 Pro XL Screen,"DIY Pixel 9 Pro XL screen replacement kit with factory-sealed OEM Service Pack display — identical to Apple/Samsung/Google original. Full True Tone, Face ID, biometric compatibility. Always diagnosable and pairable with System Configuration. Includes precision toolkit, adhesive, QR video guide. 90-day warranty. Ships from Newcastle AU.",399.00 AUD,https://sc04.alicdn.com/kf/A4698a6c841b14cec8f1ce6fa878c0e0eN.png,Google,Electronics > Communications > Telephony > Mobile Phone Accessories
SRK-GOO-Pixel9ProFol-SCR-OEM,Pixel 9 Pro Fold Screen,"DIY Pixel 9 Pro Fold screen replacement kit with factory-sealed OEM Service Pack display — identical to Apple/Samsung/Google original. Full True Tone, Face ID, biometric compatibility. Always diagnosable and pairable with System Configuration. Includes precision toolkit, adhesive, QR video guide. 90-day warranty. Ships from Newcastle AU.",699.00 AUD,https://sc04.alicdn.com/kf/A4698a6c841b14cec8f1ce6fa878c0e0eN.png,Google,Electronics > Communications > Telephony > Mobile Phone Accessories
SRK-GOO-Pixel9a-SCR-OEM,Pixel 9a Screen,"DIY Pixel 9a screen replacement kit with factory-sealed OEM Service Pack display — identical to Apple/Samsung/Google original. Full True Tone, Face ID, biometric compatibility. Always diagnosable and pairable with System Configuration. Includes precision toolkit, adhesive, QR video guide. 90-day warranty. Ships from Newcastle AU.",259.00 AUD,https://sc04.alicdn.com/kf/A4698a6c841b14cec8f1ce6fa878c0e0eN.png,Google,Electronics > Communications > Telephony > Mobile Phone Accessories
SRK-GOO-Pixel10-SCR-OEM,Pixel 10 Screen,"DIY Pixel 10 screen replacement kit with factory-sealed OEM Service Pack display — identical to Apple/Samsung/Google original. Full True Tone, Face ID, biometric compatibility. Always diagnosable and pairable with System Configuration. Includes precision toolkit, adhesive, QR video guide. 90-day warranty. Ships from Newcastle AU.",269.00 AUD,https://sc04.alicdn.com/kf/A4698a6c841b14cec8f1ce6fa878c0e0eN.png,Google,Electronics > Communications > Telephony > Mobile Phone Accessories
SRK-GOO-Pixel10Pro-SCR-OEM,Pixel 10 Pro Screen,"DIY Pixel 10 Pro screen replacement kit with factory-sealed OEM Service Pack display — identical to Apple/Samsung/Google original. Full True Tone, Face ID, biometric compatibility. Always diagnosable and pairable with System Configuration. Includes precision toolkit, adhesive, QR video guide. 90-day warranty. Ships from Newcastle AU.",359.00 AUD,https://sc04.alicdn.com/kf/A4698a6c841b14cec8f1ce6fa878c0e0eN.png,Google,Electronics > Communications > Telephony > Mobile Phone Accessories
SRK-GOO-Pixel10ProXL-SCR-OEM,Pixel 10 Pro XL Screen,"DIY Pixel 10 Pro XL screen replacement kit with factory-sealed OEM Service Pack display — identical to Apple/Samsung/Google original. Full True Tone, Face ID, biometric compatibility. Always diagnosable and pairable with System Configuration. Includes precision toolkit, adhesive, QR video guide. 90-day warranty. Ships from Newcastle AU.",329.00 AUD,https://sc04.alicdn.com/kf/A4698a6c841b14cec8f1ce6fa878c0e0eN.png,Google,Electronics > Communications > Telephony > Mobile Phone Accessories
SRK-GOO-Pixel10ProFo-SCR-OEM,Pixel 10 Pro Fold Screen,"DIY Pixel 10 Pro Fold screen replacement kit with factory-sealed OEM Service Pack display — identical to Apple/Samsung/Google original. Full True Tone, Face ID, biometric compatibility. Always diagnosable and pairable with System Configuration. Includes precision toolkit, adhesive, QR video guide. 90-day warranty. Ships from Newcastle AU.",899.00 AUD,https://sc04.alicdn.com/kf/A4698a6c841b14cec8f1ce6fa878c0e0eN.png,Google,Electronics > Communications > Telephony > Mobile Phone Accessories
SRK-GOO-Pixel10a-SCR-OEM,Pixel 10a Screen,"DIY Pixel 10a screen replacement kit with factory-sealed OEM Service Pack display — identical to Apple/Samsung/Google original. Full True Tone, Face ID, biometric compatibility. Always diagnosable and pairable with System Configuration. Includes precision toolkit, adhesive, QR video guide. 90-day warranty. Ships from Newcastle AU.",259.00 AUD,https://sc04.alicdn.com/kf/A4698a6c841b14cec8f1ce6fa878c0e0eN.png,Google,Electronics > Communications > Telephony > Mobile Phone Accessories
