Brand,Model,Repair_Type,Quality_Tier,Price_AUD,Warranty,Stock_Status,Description
Apple,iPhone 7,Screen,Budget INCELL LCD,89,90 Days,In Stock,"DIY iPhone 7 screen replacement kit with INCELL LCD display. Includes precision pentalobe & tri-point screwdrivers, suction cup, ESD-safe spudgers, pre-cut adhesive strips, and QR-linked step-by-step video guide. 90-day warranty. Ships same day from Newcastle Australia."
Apple,iPhone 7,Screen,Pro Soft OLED,120,90 Days,In Stock,"DIY iPhone 7 screen replacement kit with aftermarket Soft OLED display — vivid colours, true blacks, flush fit with phone frame. Preserves Samsung fingerprint sensor. Includes all precision tools, adhesive, and QR video repair guide. Diagnosable on most models. 90-day warranty. Australian stock, same-day dispatch."
Apple,iPhone 7,Screen,Elite OEM Service Pack,159,90 Days,In Stock,"DIY iPhone 7 screen replacement kit with factory-sealed OEM Service Pack display — identical to Apple/Samsung/Google original. Full True Tone, Face ID, biometric compatibility. Always diagnosable and pairable with System Configuration. Includes precision toolkit, adhesive, QR video guide. 90-day warranty. Ships from Newcastle AU."
Apple,iPhone 8,Screen,Budget INCELL LCD,89,90 Days,In Stock,"DIY iPhone 8 screen replacement kit with INCELL LCD display. Includes precision pentalobe & tri-point screwdrivers, suction cup, ESD-safe spudgers, pre-cut adhesive strips, and QR-linked step-by-step video guide. 90-day warranty. Ships same day from Newcastle Australia."
Apple,iPhone 8,Screen,Pro Soft OLED,120,90 Days,In Stock,"DIY iPhone 8 screen replacement kit with aftermarket Soft OLED display — vivid colours, true blacks, flush fit with phone frame. Preserves Samsung fingerprint sensor. Includes all precision tools, adhesive, and QR video repair guide. Diagnosable on most models. 90-day warranty. Australian stock, same-day dispatch."
Apple,iPhone 8,Screen,Elite OEM Service Pack,159,90 Days,In Stock,"DIY iPhone 8 screen replacement kit with factory-sealed OEM Service Pack display — identical to Apple/Samsung/Google original. Full True Tone, Face ID, biometric compatibility. Always diagnosable and pairable with System Configuration. Includes precision toolkit, adhesive, QR video guide. 90-day warranty. Ships from Newcastle AU."
Apple,iPhone 8 Plus,Screen,Budget INCELL LCD,89,90 Days,In Stock,"DIY iPhone 8 Plus screen replacement kit with INCELL LCD display. Includes precision pentalobe & tri-point screwdrivers, suction cup, ESD-safe spudgers, pre-cut adhesive strips, and QR-linked step-by-step video guide. 90-day warranty. Ships same day from Newcastle Australia."
Apple,iPhone 8 Plus,Screen,Pro Soft OLED,120,90 Days,In Stock,"DIY iPhone 8 Plus screen replacement kit with aftermarket Soft OLED display — vivid colours, true blacks, flush fit with phone frame. Preserves Samsung fingerprint sensor. Includes all precision tools, adhesive, and QR video repair guide. Diagnosable on most models. 90-day warranty. Australian stock, same-day dispatch."
Apple,iPhone 8 Plus,Screen,Elite OEM Service Pack,159,90 Days,In Stock,"DIY iPhone 8 Plus screen replacement kit with factory-sealed OEM Service Pack display — identical to Apple/Samsung/Google original. Full True Tone, Face ID, biometric compatibility. Always diagnosable and pairable with System Configuration. Includes precision toolkit, adhesive, QR video guide. 90-day warranty. Ships from Newcastle AU."
Apple,iPhone SE 2020,Screen,Budget INCELL LCD,89,90 Days,In Stock,"DIY iPhone SE 2020 screen replacement kit with INCELL LCD display. Includes precision pentalobe & tri-point screwdrivers, suction cup, ESD-safe spudgers, pre-cut adhesive strips, and QR-linked step-by-step video guide. 90-day warranty. Ships same day from Newcastle Australia."
Apple,iPhone SE 2020,Screen,Pro Soft OLED,120,90 Days,In Stock,"DIY iPhone SE 2020 screen replacement kit with aftermarket Soft OLED display — vivid colours, true blacks, flush fit with phone frame. Preserves Samsung fingerprint sensor. Includes all precision tools, adhesive, and QR video repair guide. Diagnosable on most models. 90-day warranty. Australian stock, same-day dispatch."
Apple,iPhone SE 2020,Screen,Elite OEM Service Pack,159,90 Days,In Stock,"DIY iPhone SE 2020 screen replacement kit with factory-sealed OEM Service Pack display — identical to Apple/Samsung/Google original. Full True Tone, Face ID, biometric compatibility. Always diagnosable and pairable with System Configuration. Includes precision toolkit, adhesive, QR video guide. 90-day warranty. Ships from Newcastle AU."
Apple,iPhone SE 2022,Screen,Budget INCELL LCD,89,90 Days,In Stock,"DIY iPhone SE 2022 screen replacement kit with INCELL LCD display. Includes precision pentalobe & tri-point screwdrivers, suction cup, ESD-safe spudgers, pre-cut adhesive strips, and QR-linked step-by-step video guide. 90-day warranty. Ships same day from Newcastle Australia."
Apple,iPhone SE 2022,Screen,Pro Soft OLED,120,90 Days,In Stock,"DIY iPhone SE 2022 screen replacement kit with aftermarket Soft OLED display — vivid colours, true blacks, flush fit with phone frame. Preserves Samsung fingerprint sensor. Includes all precision tools, adhesive, and QR video repair guide. Diagnosable on most models. 90-day warranty. Australian stock, same-day dispatch."
Apple,iPhone SE 2022,Screen,Elite OEM Service Pack,159,90 Days,In Stock,"DIY iPhone SE 2022 screen replacement kit with factory-sealed OEM Service Pack display — identical to Apple/Samsung/Google original. Full True Tone, Face ID, biometric compatibility. Always diagnosable and pairable with System Configuration. Includes precision toolkit, adhesive, QR video guide. 90-day warranty. Ships from Newcastle AU."
Apple,iPhone 7,Battery,Standard,69,90 Days,In Stock,"DIY iPhone 7 battery replacement kit with quality lithium-ion cell matching original mAh capacity. Restores full-day battery life. Includes pentalobe screwdriver, suction cup, spudger, adhesive strips, and QR step-by-step video guide. 90-day warranty. Same-day dispatch from Newcastle Australia."
Apple,iPhone 8,Battery,Standard,69,90 Days,In Stock,"DIY iPhone 8 battery replacement kit with quality lithium-ion cell matching original mAh capacity. Restores full-day battery life. Includes pentalobe screwdriver, suction cup, spudger, adhesive strips, and QR step-by-step video guide. 90-day warranty. Same-day dispatch from Newcastle Australia."
Apple,iPhone 8 Plus,Battery,Standard,69,90 Days,In Stock,"DIY iPhone 8 Plus battery replacement kit with quality lithium-ion cell matching original mAh capacity. Restores full-day battery life. Includes pentalobe screwdriver, suction cup, spudger, adhesive strips, and QR step-by-step video guide. 90-day warranty. Same-day dispatch from Newcastle Australia."
Apple,iPhone SE 2020,Battery,Standard,69,90 Days,In Stock,"DIY iPhone SE 2020 battery replacement kit with quality lithium-ion cell matching original mAh capacity. Restores full-day battery life. Includes pentalobe screwdriver, suction cup, spudger, adhesive strips, and QR step-by-step video guide. 90-day warranty. Same-day dispatch from Newcastle Australia."
Apple,iPhone SE 2022,Battery,Standard,69,90 Days,In Stock,"DIY iPhone SE 2022 battery replacement kit with quality lithium-ion cell matching original mAh capacity. Restores full-day battery life. Includes pentalobe screwdriver, suction cup, spudger, adhesive strips, and QR step-by-step video guide. 90-day warranty. Same-day dispatch from Newcastle Australia."
Apple,iPhone X,Screen,Budget INCELL LCD,99,90 Days,In Stock,"DIY iPhone X screen replacement kit with INCELL LCD display. Includes precision pentalobe & tri-point screwdrivers, suction cup, ESD-safe spudgers, pre-cut adhesive strips, and QR-linked step-by-step video guide. 90-day warranty. Ships same day from Newcastle Australia."
Apple,iPhone X,Screen,Pro Soft OLED,120,90 Days,In Stock,"DIY iPhone X screen replacement kit with aftermarket Soft OLED display — vivid colours, true blacks, flush fit with phone frame. Preserves Samsung fingerprint sensor. Includes all precision tools, adhesive, and QR video repair guide. Diagnosable on most models. 90-day warranty. Australian stock, same-day dispatch."
Apple,iPhone X,Screen,Elite OEM Service Pack,180,90 Days,In Stock,"DIY iPhone X screen replacement kit with factory-sealed OEM Service Pack display — identical to Apple/Samsung/Google original. Full True Tone, Face ID, biometric compatibility. Always diagnosable and pairable with System Configuration. Includes precision toolkit, adhesive, QR video guide. 90-day warranty. Ships from Newcastle AU."
Apple,iPhone XS,Screen,Budget INCELL LCD,99,90 Days,In Stock,"DIY iPhone XS screen replacement kit with INCELL LCD display. Includes precision pentalobe & tri-point screwdrivers, suction cup, ESD-safe spudgers, pre-cut adhesive strips, and QR-linked step-by-step video guide. 90-day warranty. Ships same day from Newcastle Australia."
Apple,iPhone XS,Screen,Pro Soft OLED,120,90 Days,In Stock,"DIY iPhone XS screen replacement kit with aftermarket Soft OLED display — vivid colours, true blacks, flush fit with phone frame. Preserves Samsung fingerprint sensor. Includes all precision tools, adhesive, and QR video repair guide. Diagnosable on most models. 90-day warranty. Australian stock, same-day dispatch."
Apple,iPhone XS,Screen,Elite OEM Service Pack,180,90 Days,In Stock,"DIY iPhone XS screen replacement kit with factory-sealed OEM Service Pack display — identical to Apple/Samsung/Google original. Full True Tone, Face ID, biometric compatibility. Always diagnosable and pairable with System Configuration. Includes precision toolkit, adhesive, QR video guide. 90-day warranty. Ships from Newcastle AU."
Apple,iPhone XS Max,Screen,Budget INCELL LCD,99,90 Days,In Stock,"DIY iPhone XS Max screen replacement kit with INCELL LCD display. Includes precision pentalobe & tri-point screwdrivers, suction cup, ESD-safe spudgers, pre-cut adhesive strips, and QR-linked step-by-step video guide. 90-day warranty. Ships same day from Newcastle Australia."
Apple,iPhone XS Max,Screen,Pro Soft OLED,120,90 Days,In Stock,"DIY iPhone XS Max screen replacement kit with aftermarket Soft OLED display — vivid colours, true blacks, flush fit with phone frame. Preserves Samsung fingerprint sensor. Includes all precision tools, adhesive, and QR video repair guide. Diagnosable on most models. 90-day warranty. Australian stock, same-day dispatch."
Apple,iPhone XS Max,Screen,Elite OEM Service Pack,180,90 Days,In Stock,"DIY iPhone XS Max screen replacement kit with factory-sealed OEM Service Pack display — identical to Apple/Samsung/Google original. Full True Tone, Face ID, biometric compatibility. Always diagnosable and pairable with System Configuration. Includes precision toolkit, adhesive, QR video guide. 90-day warranty. Ships from Newcastle AU."
Apple,iPhone XR,Screen,Budget INCELL LCD,99,90 Days,In Stock,"DIY iPhone XR screen replacement kit with INCELL LCD display. Includes precision pentalobe & tri-point screwdrivers, suction cup, ESD-safe spudgers, pre-cut adhesive strips, and QR-linked step-by-step video guide. 90-day warranty. Ships same day from Newcastle Australia."
Apple,iPhone XR,Screen,Pro Soft OLED,120,90 Days,In Stock,"DIY iPhone XR screen replacement kit with aftermarket Soft OLED display — vivid colours, true blacks, flush fit with phone frame. Preserves Samsung fingerprint sensor. Includes all precision tools, adhesive, and QR video repair guide. Diagnosable on most models. 90-day warranty. Australian stock, same-day dispatch."
Apple,iPhone XR,Screen,Elite OEM Service Pack,180,90 Days,In Stock,"DIY iPhone XR screen replacement kit with factory-sealed OEM Service Pack display — identical to Apple/Samsung/Google original. Full True Tone, Face ID, biometric compatibility. Always diagnosable and pairable with System Configuration. Includes precision toolkit, adhesive, QR video guide. 90-day warranty. Ships from Newcastle AU."
Apple,iPhone 11,Screen,Budget INCELL LCD,99,90 Days,In Stock,"DIY iPhone 11 screen replacement kit with INCELL LCD display. Includes precision pentalobe & tri-point screwdrivers, suction cup, ESD-safe spudgers, pre-cut adhesive strips, and QR-linked step-by-step video guide. 90-day warranty. Ships same day from Newcastle Australia."
Apple,iPhone 11,Screen,Pro Soft OLED,120,90 Days,In Stock,"DIY iPhone 11 screen replacement kit with aftermarket Soft OLED display — vivid colours, true blacks, flush fit with phone frame. Preserves Samsung fingerprint sensor. Includes all precision tools, adhesive, and QR video repair guide. Diagnosable on most models. 90-day warranty. Australian stock, same-day dispatch."
Apple,iPhone 11,Screen,Elite OEM Service Pack,180,90 Days,In Stock,"DIY iPhone 11 screen replacement kit with factory-sealed OEM Service Pack display — identical to Apple/Samsung/Google original. Full True Tone, Face ID, biometric compatibility. Always diagnosable and pairable with System Configuration. Includes precision toolkit, adhesive, QR video guide. 90-day warranty. Ships from Newcastle AU."
Apple,iPhone 11 Pro,Screen,Budget INCELL LCD,99,90 Days,In Stock,"DIY iPhone 11 Pro screen replacement kit with INCELL LCD display. Includes precision pentalobe & tri-point screwdrivers, suction cup, ESD-safe spudgers, pre-cut adhesive strips, and QR-linked step-by-step video guide. 90-day warranty. Ships same day from Newcastle Australia."
Apple,iPhone 11 Pro,Screen,Pro Soft OLED,120,90 Days,In Stock,"DIY iPhone 11 Pro screen replacement kit with aftermarket Soft OLED display — vivid colours, true blacks, flush fit with phone frame. Preserves Samsung fingerprint sensor. Includes all precision tools, adhesive, and QR video repair guide. Diagnosable on most models. 90-day warranty. Australian stock, same-day dispatch."
Apple,iPhone 11 Pro,Screen,Elite OEM Service Pack,180,90 Days,In Stock,"DIY iPhone 11 Pro screen replacement kit with factory-sealed OEM Service Pack display — identical to Apple/Samsung/Google original. Full True Tone, Face ID, biometric compatibility. Always diagnosable and pairable with System Configuration. Includes precision toolkit, adhesive, QR video guide. 90-day warranty. Ships from Newcastle AU."
Apple,iPhone 11 Pro Max,Screen,Budget INCELL LCD,99,90 Days,In Stock,"DIY iPhone 11 Pro Max screen replacement kit with INCELL LCD display. Includes precision pentalobe & tri-point screwdrivers, suction cup, ESD-safe spudgers, pre-cut adhesive strips, and QR-linked step-by-step video guide. 90-day warranty. Ships same day from Newcastle Australia."
Apple,iPhone 11 Pro Max,Screen,Pro Soft OLED,120,90 Days,In Stock,"DIY iPhone 11 Pro Max screen replacement kit with aftermarket Soft OLED display — vivid colours, true blacks, flush fit with phone frame. Preserves Samsung fingerprint sensor. Includes all precision tools, adhesive, and QR video repair guide. Diagnosable on most models. 90-day warranty. Australian stock, same-day dispatch."
Apple,iPhone 11 Pro Max,Screen,Elite OEM Service Pack,180,90 Days,In Stock,"DIY iPhone 11 Pro Max screen replacement kit with factory-sealed OEM Service Pack display — identical to Apple/Samsung/Google original. Full True Tone, Face ID, biometric compatibility. Always diagnosable and pairable with System Configuration. Includes precision toolkit, adhesive, QR video guide. 90-day warranty. Ships from Newcastle AU."
Apple,iPhone X,Battery,Standard,69,90 Days,In Stock,"DIY iPhone X battery replacement kit with quality lithium-ion cell matching original mAh capacity. Restores full-day battery life. Includes pentalobe screwdriver, suction cup, spudger, adhesive strips, and QR step-by-step video guide. 90-day warranty. Same-day dispatch from Newcastle Australia."
Apple,iPhone X,Battery,Diagnosable,99,90 Days,In Stock,"DIY iPhone X diagnosable battery replacement kit — embedded serial chip pairs with Apple System Configuration to restore Battery Health percentage in Settings. Quality cell matching original capacity. Includes all precision tools, adhesive, QR video guide. Optimised Battery Charging restored after pairing. 90-day warranty. Australian stock."
Apple,iPhone XS,Battery,Standard,69,90 Days,In Stock,"DIY iPhone XS battery replacement kit with quality lithium-ion cell matching original mAh capacity. Restores full-day battery life. Includes pentalobe screwdriver, suction cup, spudger, adhesive strips, and QR step-by-step video guide. 90-day warranty. Same-day dispatch from Newcastle Australia."
Apple,iPhone XS,Battery,Diagnosable,99,90 Days,In Stock,"DIY iPhone XS diagnosable battery replacement kit — embedded serial chip pairs with Apple System Configuration to restore Battery Health percentage in Settings. Quality cell matching original capacity. Includes all precision tools, adhesive, QR video guide. Optimised Battery Charging restored after pairing. 90-day warranty. Australian stock."
Apple,iPhone XS Max,Battery,Standard,69,90 Days,In Stock,"DIY iPhone XS Max battery replacement kit with quality lithium-ion cell matching original mAh capacity. Restores full-day battery life. Includes pentalobe screwdriver, suction cup, spudger, adhesive strips, and QR step-by-step video guide. 90-day warranty. Same-day dispatch from Newcastle Australia."
Apple,iPhone XS Max,Battery,Diagnosable,99,90 Days,In Stock,"DIY iPhone XS Max diagnosable battery replacement kit — embedded serial chip pairs with Apple System Configuration to restore Battery Health percentage in Settings. Quality cell matching original capacity. Includes all precision tools, adhesive, QR video guide. Optimised Battery Charging restored after pairing. 90-day warranty. Australian stock."
Apple,iPhone XR,Battery,Standard,69,90 Days,In Stock,"DIY iPhone XR battery replacement kit with quality lithium-ion cell matching original mAh capacity. Restores full-day battery life. Includes pentalobe screwdriver, suction cup, spudger, adhesive strips, and QR step-by-step video guide. 90-day warranty. Same-day dispatch from Newcastle Australia."
Apple,iPhone XR,Battery,Diagnosable,99,90 Days,In Stock,"DIY iPhone XR diagnosable battery replacement kit — embedded serial chip pairs with Apple System Configuration to restore Battery Health percentage in Settings. Quality cell matching original capacity. Includes all precision tools, adhesive, QR video guide. Optimised Battery Charging restored after pairing. 90-day warranty. Australian stock."
Apple,iPhone 11,Battery,Standard,69,90 Days,In Stock,"DIY iPhone 11 battery replacement kit with quality lithium-ion cell matching original mAh capacity. Restores full-day battery life. Includes pentalobe screwdriver, suction cup, spudger, adhesive strips, and QR step-by-step video guide. 90-day warranty. Same-day dispatch from Newcastle Australia."
Apple,iPhone 11,Battery,Diagnosable,99,90 Days,In Stock,"DIY iPhone 11 diagnosable battery replacement kit — embedded serial chip pairs with Apple System Configuration to restore Battery Health percentage in Settings. Quality cell matching original capacity. Includes all precision tools, adhesive, QR video guide. Optimised Battery Charging restored after pairing. 90-day warranty. Australian stock."
Apple,iPhone 11 Pro,Battery,Standard,69,90 Days,In Stock,"DIY iPhone 11 Pro battery replacement kit with quality lithium-ion cell matching original mAh capacity. Restores full-day battery life. Includes pentalobe screwdriver, suction cup, spudger, adhesive strips, and QR step-by-step video guide. 90-day warranty. Same-day dispatch from Newcastle Australia."
Apple,iPhone 11 Pro,Battery,Diagnosable,99,90 Days,In Stock,"DIY iPhone 11 Pro diagnosable battery replacement kit — embedded serial chip pairs with Apple System Configuration to restore Battery Health percentage in Settings. Quality cell matching original capacity. Includes all precision tools, adhesive, QR video guide. Optimised Battery Charging restored after pairing. 90-day warranty. Australian stock."
Apple,iPhone 11 Pro Max,Battery,Standard,69,90 Days,In Stock,"DIY iPhone 11 Pro Max battery replacement kit with quality lithium-ion cell matching original mAh capacity. Restores full-day battery life. Includes pentalobe screwdriver, suction cup, spudger, adhesive strips, and QR step-by-step video guide. 90-day warranty. Same-day dispatch from Newcastle Australia."
Apple,iPhone 11 Pro Max,Battery,Diagnosable,99,90 Days,In Stock,"DIY iPhone 11 Pro Max diagnosable battery replacement kit — embedded serial chip pairs with Apple System Configuration to restore Battery Health percentage in Settings. Quality cell matching original capacity. Includes all precision tools, adhesive, QR video guide. Optimised Battery Charging restored after pairing. 90-day warranty. Australian stock."
Apple,iPhone 12 Mini,Screen,Budget INCELL LCD,99,90 Days,In Stock,"DIY iPhone 12 Mini screen replacement kit with INCELL LCD display. Includes precision pentalobe & tri-point screwdrivers, suction cup, ESD-safe spudgers, pre-cut adhesive strips, and QR-linked step-by-step video guide. 90-day warranty. Ships same day from Newcastle Australia."
Apple,iPhone 12 Mini,Screen,Pro Soft OLED,139,90 Days,In Stock,"DIY iPhone 12 Mini screen replacement kit with aftermarket Soft OLED display — vivid colours, true blacks, flush fit with phone frame. Preserves Samsung fingerprint sensor. Includes all precision tools, adhesive, and QR video repair guide. Diagnosable on most models. 90-day warranty. Australian stock, same-day dispatch."
Apple,iPhone 12 Mini,Screen,Elite OEM Service Pack,180,90 Days,In Stock,"DIY iPhone 12 Mini screen replacement kit with factory-sealed OEM Service Pack display — identical to Apple/Samsung/Google original. Full True Tone, Face ID, biometric compatibility. Always diagnosable and pairable with System Configuration. Includes precision toolkit, adhesive, QR video guide. 90-day warranty. Ships from Newcastle AU."
Apple,iPhone 12,Screen,Budget INCELL LCD,99,90 Days,In Stock,"DIY iPhone 12 screen replacement kit with INCELL LCD display. Includes precision pentalobe & tri-point screwdrivers, suction cup, ESD-safe spudgers, pre-cut adhesive strips, and QR-linked step-by-step video guide. 90-day warranty. Ships same day from Newcastle Australia."
Apple,iPhone 12,Screen,Pro Soft OLED,139,90 Days,In Stock,"DIY iPhone 12 screen replacement kit with aftermarket Soft OLED display — vivid colours, true blacks, flush fit with phone frame. Preserves Samsung fingerprint sensor. Includes all precision tools, adhesive, and QR video repair guide. Diagnosable on most models. 90-day warranty. Australian stock, same-day dispatch."
Apple,iPhone 12,Screen,Elite OEM Service Pack,180,90 Days,In Stock,"DIY iPhone 12 screen replacement kit with factory-sealed OEM Service Pack display — identical to Apple/Samsung/Google original. Full True Tone, Face ID, biometric compatibility. Always diagnosable and pairable with System Configuration. Includes precision toolkit, adhesive, QR video guide. 90-day warranty. Ships from Newcastle AU."
Apple,iPhone 12 Pro,Screen,Budget INCELL LCD,99,90 Days,In Stock,"DIY iPhone 12 Pro screen replacement kit with INCELL LCD display. Includes precision pentalobe & tri-point screwdrivers, suction cup, ESD-safe spudgers, pre-cut adhesive strips, and QR-linked step-by-step video guide. 90-day warranty. Ships same day from Newcastle Australia."
Apple,iPhone 12 Pro,Screen,Pro Soft OLED,139,90 Days,In Stock,"DIY iPhone 12 Pro screen replacement kit with aftermarket Soft OLED display — vivid colours, true blacks, flush fit with phone frame. Preserves Samsung fingerprint sensor. Includes all precision tools, adhesive, and QR video repair guide. Diagnosable on most models. 90-day warranty. Australian stock, same-day dispatch."
Apple,iPhone 12 Pro,Screen,Elite OEM Service Pack,180,90 Days,In Stock,"DIY iPhone 12 Pro screen replacement kit with factory-sealed OEM Service Pack display — identical to Apple/Samsung/Google original. Full True Tone, Face ID, biometric compatibility. Always diagnosable and pairable with System Configuration. Includes precision toolkit, adhesive, QR video guide. 90-day warranty. Ships from Newcastle AU."
Apple,iPhone 12 Pro Max,Screen,Budget INCELL LCD,99,90 Days,In Stock,"DIY iPhone 12 Pro Max screen replacement kit with INCELL LCD display. Includes precision pentalobe & tri-point screwdrivers, suction cup, ESD-safe spudgers, pre-cut adhesive strips, and QR-linked step-by-step video guide. 90-day warranty. Ships same day from Newcastle Australia."
Apple,iPhone 12 Pro Max,Screen,Pro Soft OLED,139,90 Days,In Stock,"DIY iPhone 12 Pro Max screen replacement kit with aftermarket Soft OLED display — vivid colours, true blacks, flush fit with phone frame. Preserves Samsung fingerprint sensor. Includes all precision tools, adhesive, and QR video repair guide. Diagnosable on most models. 90-day warranty. Australian stock, same-day dispatch."
Apple,iPhone 12 Pro Max,Screen,Elite OEM Service Pack,180,90 Days,In Stock,"DIY iPhone 12 Pro Max screen replacement kit with factory-sealed OEM Service Pack display — identical to Apple/Samsung/Google original. Full True Tone, Face ID, biometric compatibility. Always diagnosable and pairable with System Configuration. Includes precision toolkit, adhesive, QR video guide. 90-day warranty. Ships from Newcastle AU."
Apple,iPhone 12 Mini,Battery,Standard,79,90 Days,In Stock,"DIY iPhone 12 Mini battery replacement kit with quality lithium-ion cell matching original mAh capacity. Restores full-day battery life. Includes pentalobe screwdriver, suction cup, spudger, adhesive strips, and QR step-by-step video guide. 90-day warranty. Same-day dispatch from Newcastle Australia."
Apple,iPhone 12 Mini,Battery,Diagnosable,99,90 Days,In Stock,"DIY iPhone 12 Mini diagnosable battery replacement kit — embedded serial chip pairs with Apple System Configuration to restore Battery Health percentage in Settings. Quality cell matching original capacity. Includes all precision tools, adhesive, QR video guide. Optimised Battery Charging restored after pairing. 90-day warranty. Australian stock."
Apple,iPhone 12,Battery,Standard,79,90 Days,In Stock,"DIY iPhone 12 battery replacement kit with quality lithium-ion cell matching original mAh capacity. Restores full-day battery life. Includes pentalobe screwdriver, suction cup, spudger, adhesive strips, and QR step-by-step video guide. 90-day warranty. Same-day dispatch from Newcastle Australia."
Apple,iPhone 12,Battery,Diagnosable,99,90 Days,In Stock,"DIY iPhone 12 diagnosable battery replacement kit — embedded serial chip pairs with Apple System Configuration to restore Battery Health percentage in Settings. Quality cell matching original capacity. Includes all precision tools, adhesive, QR video guide. Optimised Battery Charging restored after pairing. 90-day warranty. Australian stock."
Apple,iPhone 12 Pro,Battery,Standard,79,90 Days,In Stock,"DIY iPhone 12 Pro battery replacement kit with quality lithium-ion cell matching original mAh capacity. Restores full-day battery life. Includes pentalobe screwdriver, suction cup, spudger, adhesive strips, and QR step-by-step video guide. 90-day warranty. Same-day dispatch from Newcastle Australia."
Apple,iPhone 12 Pro,Battery,Diagnosable,99,90 Days,In Stock,"DIY iPhone 12 Pro diagnosable battery replacement kit — embedded serial chip pairs with Apple System Configuration to restore Battery Health percentage in Settings. Quality cell matching original capacity. Includes all precision tools, adhesive, QR video guide. Optimised Battery Charging restored after pairing. 90-day warranty. Australian stock."
Apple,iPhone 12 Pro Max,Battery,Standard,79,90 Days,In Stock,"DIY iPhone 12 Pro Max battery replacement kit with quality lithium-ion cell matching original mAh capacity. Restores full-day battery life. Includes pentalobe screwdriver, suction cup, spudger, adhesive strips, and QR step-by-step video guide. 90-day warranty. Same-day dispatch from Newcastle Australia."
Apple,iPhone 12 Pro Max,Battery,Diagnosable,99,90 Days,In Stock,"DIY iPhone 12 Pro Max diagnosable battery replacement kit — embedded serial chip pairs with Apple System Configuration to restore Battery Health percentage in Settings. Quality cell matching original capacity. Includes all precision tools, adhesive, QR video guide. Optimised Battery Charging restored after pairing. 90-day warranty. Australian stock."
Apple,iPhone 13 Mini,Screen,Budget INCELL LCD,99,90 Days,In Stock,"DIY iPhone 13 Mini screen replacement kit with INCELL LCD display. Includes precision pentalobe & tri-point screwdrivers, suction cup, ESD-safe spudgers, pre-cut adhesive strips, and QR-linked step-by-step video guide. 90-day warranty. Ships same day from Newcastle Australia."
Apple,iPhone 13 Mini,Screen,Pro Soft OLED,120,90 Days,In Stock,"DIY iPhone 13 Mini screen replacement kit with aftermarket Soft OLED display — vivid colours, true blacks, flush fit with phone frame. Preserves Samsung fingerprint sensor. Includes all precision tools, adhesive, and QR video repair guide. Diagnosable on most models. 90-day warranty. Australian stock, same-day dispatch."
Apple,iPhone 13 Mini,Screen,Elite OEM Service Pack,180,90 Days,In Stock,"DIY iPhone 13 Mini screen replacement kit with factory-sealed OEM Service Pack display — identical to Apple/Samsung/Google original. Full True Tone, Face ID, biometric compatibility. Always diagnosable and pairable with System Configuration. Includes precision toolkit, adhesive, QR video guide. 90-day warranty. Ships from Newcastle AU."
Apple,iPhone 13,Screen,Budget INCELL LCD,99,90 Days,In Stock,"DIY iPhone 13 screen replacement kit with INCELL LCD display. Includes precision pentalobe & tri-point screwdrivers, suction cup, ESD-safe spudgers, pre-cut adhesive strips, and QR-linked step-by-step video guide. 90-day warranty. Ships same day from Newcastle Australia."
Apple,iPhone 13,Screen,Pro Soft OLED,120,90 Days,In Stock,"DIY iPhone 13 screen replacement kit with aftermarket Soft OLED display — vivid colours, true blacks, flush fit with phone frame. Preserves Samsung fingerprint sensor. Includes all precision tools, adhesive, and QR video repair guide. Diagnosable on most models. 90-day warranty. Australian stock, same-day dispatch."
Apple,iPhone 13,Screen,Elite OEM Service Pack,180,90 Days,In Stock,"DIY iPhone 13 screen replacement kit with factory-sealed OEM Service Pack display — identical to Apple/Samsung/Google original. Full True Tone, Face ID, biometric compatibility. Always diagnosable and pairable with System Configuration. Includes precision toolkit, adhesive, QR video guide. 90-day warranty. Ships from Newcastle AU."
Apple,iPhone 13 Pro,Screen,Budget INCELL LCD,99,90 Days,In Stock,"DIY iPhone 13 Pro screen replacement kit with INCELL LCD display. Includes precision pentalobe & tri-point screwdrivers, suction cup, ESD-safe spudgers, pre-cut adhesive strips, and QR-linked step-by-step video guide. 90-day warranty. Ships same day from Newcastle Australia."
Apple,iPhone 13 Pro,Screen,Pro Soft OLED,120,90 Days,In Stock,"DIY iPhone 13 Pro screen replacement kit with aftermarket Soft OLED display — vivid colours, true blacks, flush fit with phone frame. Preserves Samsung fingerprint sensor. Includes all precision tools, adhesive, and QR video repair guide. Diagnosable on most models. 90-day warranty. Australian stock, same-day dispatch."
Apple,iPhone 13 Pro,Screen,Elite OEM Service Pack,180,90 Days,In Stock,"DIY iPhone 13 Pro screen replacement kit with factory-sealed OEM Service Pack display — identical to Apple/Samsung/Google original. Full True Tone, Face ID, biometric compatibility. Always diagnosable and pairable with System Configuration. Includes precision toolkit, adhesive, QR video guide. 90-day warranty. Ships from Newcastle AU."
Apple,iPhone 13 Pro Max,Screen,Budget INCELL LCD,99,90 Days,In Stock,"DIY iPhone 13 Pro Max screen replacement kit with INCELL LCD display. Includes precision pentalobe & tri-point screwdrivers, suction cup, ESD-safe spudgers, pre-cut adhesive strips, and QR-linked step-by-step video guide. 90-day warranty. Ships same day from Newcastle Australia."
Apple,iPhone 13 Pro Max,Screen,Pro Soft OLED,120,90 Days,In Stock,"DIY iPhone 13 Pro Max screen replacement kit with aftermarket Soft OLED display — vivid colours, true blacks, flush fit with phone frame. Preserves Samsung fingerprint sensor. Includes all precision tools, adhesive, and QR video repair guide. Diagnosable on most models. 90-day warranty. Australian stock, same-day dispatch."
Apple,iPhone 13 Pro Max,Screen,Elite OEM Service Pack,180,90 Days,In Stock,"DIY iPhone 13 Pro Max screen replacement kit with factory-sealed OEM Service Pack display — identical to Apple/Samsung/Google original. Full True Tone, Face ID, biometric compatibility. Always diagnosable and pairable with System Configuration. Includes precision toolkit, adhesive, QR video guide. 90-day warranty. Ships from Newcastle AU."
Apple,iPhone 13 Mini,Battery,Standard,79,90 Days,In Stock,"DIY iPhone 13 Mini battery replacement kit with quality lithium-ion cell matching original mAh capacity. Restores full-day battery life. Includes pentalobe screwdriver, suction cup, spudger, adhesive strips, and QR step-by-step video guide. 90-day warranty. Same-day dispatch from Newcastle Australia."
Apple,iPhone 13 Mini,Battery,Diagnosable,99,90 Days,In Stock,"DIY iPhone 13 Mini diagnosable battery replacement kit — embedded serial chip pairs with Apple System Configuration to restore Battery Health percentage in Settings. Quality cell matching original capacity. Includes all precision tools, adhesive, QR video guide. Optimised Battery Charging restored after pairing. 90-day warranty. Australian stock."
Apple,iPhone 13,Battery,Standard,79,90 Days,In Stock,"DIY iPhone 13 battery replacement kit with quality lithium-ion cell matching original mAh capacity. Restores full-day battery life. Includes pentalobe screwdriver, suction cup, spudger, adhesive strips, and QR step-by-step video guide. 90-day warranty. Same-day dispatch from Newcastle Australia."
Apple,iPhone 13,Battery,Diagnosable,99,90 Days,In Stock,"DIY iPhone 13 diagnosable battery replacement kit — embedded serial chip pairs with Apple System Configuration to restore Battery Health percentage in Settings. Quality cell matching original capacity. Includes all precision tools, adhesive, QR video guide. Optimised Battery Charging restored after pairing. 90-day warranty. Australian stock."
Apple,iPhone 13 Pro,Battery,Standard,79,90 Days,In Stock,"DIY iPhone 13 Pro battery replacement kit with quality lithium-ion cell matching original mAh capacity. Restores full-day battery life. Includes pentalobe screwdriver, suction cup, spudger, adhesive strips, and QR step-by-step video guide. 90-day warranty. Same-day dispatch from Newcastle Australia."
Apple,iPhone 13 Pro,Battery,Diagnosable,99,90 Days,In Stock,"DIY iPhone 13 Pro diagnosable battery replacement kit — embedded serial chip pairs with Apple System Configuration to restore Battery Health percentage in Settings. Quality cell matching original capacity. Includes all precision tools, adhesive, QR video guide. Optimised Battery Charging restored after pairing. 90-day warranty. Australian stock."
Apple,iPhone 13 Pro Max,Battery,Standard,79,90 Days,In Stock,"DIY iPhone 13 Pro Max battery replacement kit with quality lithium-ion cell matching original mAh capacity. Restores full-day battery life. Includes pentalobe screwdriver, suction cup, spudger, adhesive strips, and QR step-by-step video guide. 90-day warranty. Same-day dispatch from Newcastle Australia."
Apple,iPhone 13 Pro Max,Battery,Diagnosable,99,90 Days,In Stock,"DIY iPhone 13 Pro Max diagnosable battery replacement kit — embedded serial chip pairs with Apple System Configuration to restore Battery Health percentage in Settings. Quality cell matching original capacity. Includes all precision tools, adhesive, QR video guide. Optimised Battery Charging restored after pairing. 90-day warranty. Australian stock."
Apple,iPhone 14,Screen,Budget INCELL LCD,99,90 Days,In Stock,"DIY iPhone 14 screen replacement kit with INCELL LCD display. Includes precision pentalobe & tri-point screwdrivers, suction cup, ESD-safe spudgers, pre-cut adhesive strips, and QR-linked step-by-step video guide. 90-day warranty. Ships same day from Newcastle Australia."
Apple,iPhone 14,Screen,Pro Soft OLED,120,90 Days,In Stock,"DIY iPhone 14 screen replacement kit with aftermarket Soft OLED display — vivid colours, true blacks, flush fit with phone frame. Preserves Samsung fingerprint sensor. Includes all precision tools, adhesive, and QR video repair guide. Diagnosable on most models. 90-day warranty. Australian stock, same-day dispatch."
Apple,iPhone 14,Screen,Elite OEM Service Pack,180,90 Days,In Stock,"DIY iPhone 14 screen replacement kit with factory-sealed OEM Service Pack display — identical to Apple/Samsung/Google original. Full True Tone, Face ID, biometric compatibility. Always diagnosable and pairable with System Configuration. Includes precision toolkit, adhesive, QR video guide. 90-day warranty. Ships from Newcastle AU."
Apple,iPhone 14 Plus,Screen,Budget INCELL LCD,99,90 Days,In Stock,"DIY iPhone 14 Plus screen replacement kit with INCELL LCD display. Includes precision pentalobe & tri-point screwdrivers, suction cup, ESD-safe spudgers, pre-cut adhesive strips, and QR-linked step-by-step video guide. 90-day warranty. Ships same day from Newcastle Australia."
Apple,iPhone 14 Plus,Screen,Pro Soft OLED,120,90 Days,In Stock,"DIY iPhone 14 Plus screen replacement kit with aftermarket Soft OLED display — vivid colours, true blacks, flush fit with phone frame. Preserves Samsung fingerprint sensor. Includes all precision tools, adhesive, and QR video repair guide. Diagnosable on most models. 90-day warranty. Australian stock, same-day dispatch."
Apple,iPhone 14 Plus,Screen,Elite OEM Service Pack,180,90 Days,In Stock,"DIY iPhone 14 Plus screen replacement kit with factory-sealed OEM Service Pack display — identical to Apple/Samsung/Google original. Full True Tone, Face ID, biometric compatibility. Always diagnosable and pairable with System Configuration. Includes precision toolkit, adhesive, QR video guide. 90-day warranty. Ships from Newcastle AU."
Apple,iPhone 14 Pro,Screen,Budget INCELL LCD,99,90 Days,In Stock,"DIY iPhone 14 Pro screen replacement kit with INCELL LCD display. Includes precision pentalobe & tri-point screwdrivers, suction cup, ESD-safe spudgers, pre-cut adhesive strips, and QR-linked step-by-step video guide. 90-day warranty. Ships same day from Newcastle Australia."
Apple,iPhone 14 Pro,Screen,Pro Soft OLED,120,90 Days,In Stock,"DIY iPhone 14 Pro screen replacement kit with aftermarket Soft OLED display — vivid colours, true blacks, flush fit with phone frame. Preserves Samsung fingerprint sensor. Includes all precision tools, adhesive, and QR video repair guide. Diagnosable on most models. 90-day warranty. Australian stock, same-day dispatch."
Apple,iPhone 14 Pro,Screen,Elite OEM Service Pack,180,90 Days,In Stock,"DIY iPhone 14 Pro screen replacement kit with factory-sealed OEM Service Pack display — identical to Apple/Samsung/Google original. Full True Tone, Face ID, biometric compatibility. Always diagnosable and pairable with System Configuration. Includes precision toolkit, adhesive, QR video guide. 90-day warranty. Ships from Newcastle AU."
Apple,iPhone 14 Pro Max,Screen,Budget INCELL LCD,99,90 Days,In Stock,"DIY iPhone 14 Pro Max screen replacement kit with INCELL LCD display. Includes precision pentalobe & tri-point screwdrivers, suction cup, ESD-safe spudgers, pre-cut adhesive strips, and QR-linked step-by-step video guide. 90-day warranty. Ships same day from Newcastle Australia."
Apple,iPhone 14 Pro Max,Screen,Pro Soft OLED,120,90 Days,In Stock,"DIY iPhone 14 Pro Max screen replacement kit with aftermarket Soft OLED display — vivid colours, true blacks, flush fit with phone frame. Preserves Samsung fingerprint sensor. Includes all precision tools, adhesive, and QR video repair guide. Diagnosable on most models. 90-day warranty. Australian stock, same-day dispatch."
Apple,iPhone 14 Pro Max,Screen,Elite OEM Service Pack,180,90 Days,In Stock,"DIY iPhone 14 Pro Max screen replacement kit with factory-sealed OEM Service Pack display — identical to Apple/Samsung/Google original. Full True Tone, Face ID, biometric compatibility. Always diagnosable and pairable with System Configuration. Includes precision toolkit, adhesive, QR video guide. 90-day warranty. Ships from Newcastle AU."
Apple,iPhone 14,Battery,Standard,79,90 Days,In Stock,"DIY iPhone 14 battery replacement kit with quality lithium-ion cell matching original mAh capacity. Restores full-day battery life. Includes pentalobe screwdriver, suction cup, spudger, adhesive strips, and QR step-by-step video guide. 90-day warranty. Same-day dispatch from Newcastle Australia."
Apple,iPhone 14,Battery,Diagnosable,99,90 Days,In Stock,"DIY iPhone 14 diagnosable battery replacement kit — embedded serial chip pairs with Apple System Configuration to restore Battery Health percentage in Settings. Quality cell matching original capacity. Includes all precision tools, adhesive, QR video guide. Optimised Battery Charging restored after pairing. 90-day warranty. Australian stock."
Apple,iPhone 14 Plus,Battery,Standard,79,90 Days,In Stock,"DIY iPhone 14 Plus battery replacement kit with quality lithium-ion cell matching original mAh capacity. Restores full-day battery life. Includes pentalobe screwdriver, suction cup, spudger, adhesive strips, and QR step-by-step video guide. 90-day warranty. Same-day dispatch from Newcastle Australia."
Apple,iPhone 14 Plus,Battery,Diagnosable,99,90 Days,In Stock,"DIY iPhone 14 Plus diagnosable battery replacement kit — embedded serial chip pairs with Apple System Configuration to restore Battery Health percentage in Settings. Quality cell matching original capacity. Includes all precision tools, adhesive, QR video guide. Optimised Battery Charging restored after pairing. 90-day warranty. Australian stock."
Apple,iPhone 14 Pro,Battery,Standard,79,90 Days,In Stock,"DIY iPhone 14 Pro battery replacement kit with quality lithium-ion cell matching original mAh capacity. Restores full-day battery life. Includes pentalobe screwdriver, suction cup, spudger, adhesive strips, and QR step-by-step video guide. 90-day warranty. Same-day dispatch from Newcastle Australia."
Apple,iPhone 14 Pro,Battery,Diagnosable,99,90 Days,In Stock,"DIY iPhone 14 Pro diagnosable battery replacement kit — embedded serial chip pairs with Apple System Configuration to restore Battery Health percentage in Settings. Quality cell matching original capacity. Includes all precision tools, adhesive, QR video guide. Optimised Battery Charging restored after pairing. 90-day warranty. Australian stock."
Apple,iPhone 14 Pro Max,Battery,Standard,79,90 Days,In Stock,"DIY iPhone 14 Pro Max battery replacement kit with quality lithium-ion cell matching original mAh capacity. Restores full-day battery life. Includes pentalobe screwdriver, suction cup, spudger, adhesive strips, and QR step-by-step video guide. 90-day warranty. Same-day dispatch from Newcastle Australia."
Apple,iPhone 14 Pro Max,Battery,Diagnosable,99,90 Days,In Stock,"DIY iPhone 14 Pro Max diagnosable battery replacement kit — embedded serial chip pairs with Apple System Configuration to restore Battery Health percentage in Settings. Quality cell matching original capacity. Includes all precision tools, adhesive, QR video guide. Optimised Battery Charging restored after pairing. 90-day warranty. Australian stock."
Apple,iPhone 15,Screen,Budget INCELL LCD,99,90 Days,In Stock,"DIY iPhone 15 screen replacement kit with INCELL LCD display. Includes precision pentalobe & tri-point screwdrivers, suction cup, ESD-safe spudgers, pre-cut adhesive strips, and QR-linked step-by-step video guide. 90-day warranty. Ships same day from Newcastle Australia."
Apple,iPhone 15,Screen,Pro Soft OLED,120,90 Days,In Stock,"DIY iPhone 15 screen replacement kit with aftermarket Soft OLED display — vivid colours, true blacks, flush fit with phone frame. Preserves Samsung fingerprint sensor. Includes all precision tools, adhesive, and QR video repair guide. Diagnosable on most models. 90-day warranty. Australian stock, same-day dispatch."
Apple,iPhone 15,Screen,Elite OEM Service Pack,189,90 Days,In Stock,"DIY iPhone 15 screen replacement kit with factory-sealed OEM Service Pack display — identical to Apple/Samsung/Google original. Full True Tone, Face ID, biometric compatibility. Always diagnosable and pairable with System Configuration. Includes precision toolkit, adhesive, QR video guide. 90-day warranty. Ships from Newcastle AU."
Apple,iPhone 15 Pro,Screen,Budget INCELL LCD,99,90 Days,In Stock,"DIY iPhone 15 Pro screen replacement kit with INCELL LCD display. Includes precision pentalobe & tri-point screwdrivers, suction cup, ESD-safe spudgers, pre-cut adhesive strips, and QR-linked step-by-step video guide. 90-day warranty. Ships same day from Newcastle Australia."
Apple,iPhone 15 Pro,Screen,Pro Soft OLED,120,90 Days,In Stock,"DIY iPhone 15 Pro screen replacement kit with aftermarket Soft OLED display — vivid colours, true blacks, flush fit with phone frame. Preserves Samsung fingerprint sensor. Includes all precision tools, adhesive, and QR video repair guide. Diagnosable on most models. 90-day warranty. Australian stock, same-day dispatch."
Apple,iPhone 15 Pro,Screen,Elite OEM Service Pack,189,90 Days,In Stock,"DIY iPhone 15 Pro screen replacement kit with factory-sealed OEM Service Pack display — identical to Apple/Samsung/Google original. Full True Tone, Face ID, biometric compatibility. Always diagnosable and pairable with System Configuration. Includes precision toolkit, adhesive, QR video guide. 90-day warranty. Ships from Newcastle AU."
Apple,iPhone 15 Pro Max,Screen,Budget INCELL LCD,99,90 Days,In Stock,"DIY iPhone 15 Pro Max screen replacement kit with INCELL LCD display. Includes precision pentalobe & tri-point screwdrivers, suction cup, ESD-safe spudgers, pre-cut adhesive strips, and QR-linked step-by-step video guide. 90-day warranty. Ships same day from Newcastle Australia."
Apple,iPhone 15 Pro Max,Screen,Pro Soft OLED,120,90 Days,In Stock,"DIY iPhone 15 Pro Max screen replacement kit with aftermarket Soft OLED display — vivid colours, true blacks, flush fit with phone frame. Preserves Samsung fingerprint sensor. Includes all precision tools, adhesive, and QR video repair guide. Diagnosable on most models. 90-day warranty. Australian stock, same-day dispatch."
Apple,iPhone 15 Pro Max,Screen,Elite OEM Service Pack,189,90 Days,In Stock,"DIY iPhone 15 Pro Max screen replacement kit with factory-sealed OEM Service Pack display — identical to Apple/Samsung/Google original. Full True Tone, Face ID, biometric compatibility. Always diagnosable and pairable with System Configuration. Includes precision toolkit, adhesive, QR video guide. 90-day warranty. Ships from Newcastle AU."
Apple,iPhone 16,Screen,Budget INCELL LCD,110,90 Days,In Stock,"DIY iPhone 16 screen replacement kit with INCELL LCD display. Includes precision pentalobe & tri-point screwdrivers, suction cup, ESD-safe spudgers, pre-cut adhesive strips, and QR-linked step-by-step video guide. 90-day warranty. Ships same day from Newcastle Australia."
Apple,iPhone 16,Screen,Pro Soft OLED,150,90 Days,In Stock,"DIY iPhone 16 screen replacement kit with aftermarket Soft OLED display — vivid colours, true blacks, flush fit with phone frame. Preserves Samsung fingerprint sensor. Includes all precision tools, adhesive, and QR video repair guide. Diagnosable on most models. 90-day warranty. Australian stock, same-day dispatch."
Apple,iPhone 16,Screen,Elite OEM Service Pack,225,90 Days,In Stock,"DIY iPhone 16 screen replacement kit with factory-sealed OEM Service Pack display — identical to Apple/Samsung/Google original. Full True Tone, Face ID, biometric compatibility. Always diagnosable and pairable with System Configuration. Includes precision toolkit, adhesive, QR video guide. 90-day warranty. Ships from Newcastle AU."
Apple,iPhone 16 Pro,Screen,Budget INCELL LCD,110,90 Days,In Stock,"DIY iPhone 16 Pro screen replacement kit with INCELL LCD display. Includes precision pentalobe & tri-point screwdrivers, suction cup, ESD-safe spudgers, pre-cut adhesive strips, and QR-linked step-by-step video guide. 90-day warranty. Ships same day from Newcastle Australia."
Apple,iPhone 16 Pro,Screen,Pro Soft OLED,150,90 Days,In Stock,"DIY iPhone 16 Pro screen replacement kit with aftermarket Soft OLED display — vivid colours, true blacks, flush fit with phone frame. Preserves Samsung fingerprint sensor. Includes all precision tools, adhesive, and QR video repair guide. Diagnosable on most models. 90-day warranty. Australian stock, same-day dispatch."
Apple,iPhone 16 Pro,Screen,Elite OEM Service Pack,225,90 Days,In Stock,"DIY iPhone 16 Pro screen replacement kit with factory-sealed OEM Service Pack display — identical to Apple/Samsung/Google original. Full True Tone, Face ID, biometric compatibility. Always diagnosable and pairable with System Configuration. Includes precision toolkit, adhesive, QR video guide. 90-day warranty. Ships from Newcastle AU."
Apple,iPhone 16 Pro Max,Screen,Budget INCELL LCD,110,90 Days,In Stock,"DIY iPhone 16 Pro Max screen replacement kit with INCELL LCD display. Includes precision pentalobe & tri-point screwdrivers, suction cup, ESD-safe spudgers, pre-cut adhesive strips, and QR-linked step-by-step video guide. 90-day warranty. Ships same day from Newcastle Australia."
Apple,iPhone 16 Pro Max,Screen,Pro Soft OLED,150,90 Days,In Stock,"DIY iPhone 16 Pro Max screen replacement kit with aftermarket Soft OLED display — vivid colours, true blacks, flush fit with phone frame. Preserves Samsung fingerprint sensor. Includes all precision tools, adhesive, and QR video repair guide. Diagnosable on most models. 90-day warranty. Australian stock, same-day dispatch."
Apple,iPhone 16 Pro Max,Screen,Elite OEM Service Pack,225,90 Days,In Stock,"DIY iPhone 16 Pro Max screen replacement kit with factory-sealed OEM Service Pack display — identical to Apple/Samsung/Google original. Full True Tone, Face ID, biometric compatibility. Always diagnosable and pairable with System Configuration. Includes precision toolkit, adhesive, QR video guide. 90-day warranty. Ships from Newcastle AU."
Apple,iPhone 17,Screen,Budget INCELL LCD,115,90 Days,In Stock,"DIY iPhone 17 screen replacement kit with INCELL LCD display. Includes precision pentalobe & tri-point screwdrivers, suction cup, ESD-safe spudgers, pre-cut adhesive strips, and QR-linked step-by-step video guide. 90-day warranty. Ships same day from Newcastle Australia."
Apple,iPhone 17,Screen,Pro Soft OLED,150,90 Days,In Stock,"DIY iPhone 17 screen replacement kit with aftermarket Soft OLED display — vivid colours, true blacks, flush fit with phone frame. Preserves Samsung fingerprint sensor. Includes all precision tools, adhesive, and QR video repair guide. Diagnosable on most models. 90-day warranty. Australian stock, same-day dispatch."
Apple,iPhone 17,Screen,Elite OEM Service Pack,279,90 Days,In Stock,"DIY iPhone 17 screen replacement kit with factory-sealed OEM Service Pack display — identical to Apple/Samsung/Google original. Full True Tone, Face ID, biometric compatibility. Always diagnosable and pairable with System Configuration. Includes precision toolkit, adhesive, QR video guide. 90-day warranty. Ships from Newcastle AU."
Apple,iPhone 17 Pro,Screen,Budget INCELL LCD,115,90 Days,In Stock,"DIY iPhone 17 Pro screen replacement kit with INCELL LCD display. Includes precision pentalobe & tri-point screwdrivers, suction cup, ESD-safe spudgers, pre-cut adhesive strips, and QR-linked step-by-step video guide. 90-day warranty. Ships same day from Newcastle Australia."
Apple,iPhone 17 Pro,Screen,Pro Soft OLED,150,90 Days,In Stock,"DIY iPhone 17 Pro screen replacement kit with aftermarket Soft OLED display — vivid colours, true blacks, flush fit with phone frame. Preserves Samsung fingerprint sensor. Includes all precision tools, adhesive, and QR video repair guide. Diagnosable on most models. 90-day warranty. Australian stock, same-day dispatch."
Apple,iPhone 17 Pro,Screen,Elite OEM Service Pack,279,90 Days,In Stock,"DIY iPhone 17 Pro screen replacement kit with factory-sealed OEM Service Pack display — identical to Apple/Samsung/Google original. Full True Tone, Face ID, biometric compatibility. Always diagnosable and pairable with System Configuration. Includes precision toolkit, adhesive, QR video guide. 90-day warranty. Ships from Newcastle AU."
Apple,iPhone 17 Pro Max,Screen,Budget INCELL LCD,115,90 Days,In Stock,"DIY iPhone 17 Pro Max screen replacement kit with INCELL LCD display. Includes precision pentalobe & tri-point screwdrivers, suction cup, ESD-safe spudgers, pre-cut adhesive strips, and QR-linked step-by-step video guide. 90-day warranty. Ships same day from Newcastle Australia."
Apple,iPhone 17 Pro Max,Screen,Pro Soft OLED,150,90 Days,In Stock,"DIY iPhone 17 Pro Max screen replacement kit with aftermarket Soft OLED display — vivid colours, true blacks, flush fit with phone frame. Preserves Samsung fingerprint sensor. Includes all precision tools, adhesive, and QR video repair guide. Diagnosable on most models. 90-day warranty. Australian stock, same-day dispatch."
Apple,iPhone 17 Pro Max,Screen,Elite OEM Service Pack,279,90 Days,In Stock,"DIY iPhone 17 Pro Max screen replacement kit with factory-sealed OEM Service Pack display — identical to Apple/Samsung/Google original. Full True Tone, Face ID, biometric compatibility. Always diagnosable and pairable with System Configuration. Includes precision toolkit, adhesive, QR video guide. 90-day warranty. Ships from Newcastle AU."
Apple,iPhone 15,Battery,Standard,79,90 Days,In Stock,"DIY iPhone 15 battery replacement kit with quality lithium-ion cell matching original mAh capacity. Restores full-day battery life. Includes pentalobe screwdriver, suction cup, spudger, adhesive strips, and QR step-by-step video guide. 90-day warranty. Same-day dispatch from Newcastle Australia."
Apple,iPhone 15,Battery,Diagnosable,129,90 Days,In Stock,"DIY iPhone 15 diagnosable battery replacement kit — embedded serial chip pairs with Apple System Configuration to restore Battery Health percentage in Settings. Quality cell matching original capacity. Includes all precision tools, adhesive, QR video guide. Optimised Battery Charging restored after pairing. 90-day warranty. Australian stock."
Apple,iPhone 15 Pro,Battery,Standard,79,90 Days,In Stock,"DIY iPhone 15 Pro battery replacement kit with quality lithium-ion cell matching original mAh capacity. Restores full-day battery life. Includes pentalobe screwdriver, suction cup, spudger, adhesive strips, and QR step-by-step video guide. 90-day warranty. Same-day dispatch from Newcastle Australia."
Apple,iPhone 15 Pro,Battery,Diagnosable,129,90 Days,In Stock,"DIY iPhone 15 Pro diagnosable battery replacement kit — embedded serial chip pairs with Apple System Configuration to restore Battery Health percentage in Settings. Quality cell matching original capacity. Includes all precision tools, adhesive, QR video guide. Optimised Battery Charging restored after pairing. 90-day warranty. Australian stock."
Apple,iPhone 15 Pro Max,Battery,Standard,79,90 Days,In Stock,"DIY iPhone 15 Pro Max battery replacement kit with quality lithium-ion cell matching original mAh capacity. Restores full-day battery life. Includes pentalobe screwdriver, suction cup, spudger, adhesive strips, and QR step-by-step video guide. 90-day warranty. Same-day dispatch from Newcastle Australia."
Apple,iPhone 15 Pro Max,Battery,Diagnosable,129,90 Days,In Stock,"DIY iPhone 15 Pro Max diagnosable battery replacement kit — embedded serial chip pairs with Apple System Configuration to restore Battery Health percentage in Settings. Quality cell matching original capacity. Includes all precision tools, adhesive, QR video guide. Optimised Battery Charging restored after pairing. 90-day warranty. Australian stock."
Apple,iPhone 16,Battery,Standard,79,90 Days,In Stock,"DIY iPhone 16 battery replacement kit with quality lithium-ion cell matching original mAh capacity. Restores full-day battery life. Includes pentalobe screwdriver, suction cup, spudger, adhesive strips, and QR step-by-step video guide. 90-day warranty. Same-day dispatch from Newcastle Australia."
Apple,iPhone 16,Battery,Diagnosable,129,90 Days,In Stock,"DIY iPhone 16 diagnosable battery replacement kit — embedded serial chip pairs with Apple System Configuration to restore Battery Health percentage in Settings. Quality cell matching original capacity. Includes all precision tools, adhesive, QR video guide. Optimised Battery Charging restored after pairing. 90-day warranty. Australian stock."
Apple,iPhone 16 Pro,Battery,Standard,79,90 Days,In Stock,"DIY iPhone 16 Pro battery replacement kit with quality lithium-ion cell matching original mAh capacity. Restores full-day battery life. Includes pentalobe screwdriver, suction cup, spudger, adhesive strips, and QR step-by-step video guide. 90-day warranty. Same-day dispatch from Newcastle Australia."
Apple,iPhone 16 Pro,Battery,Diagnosable,129,90 Days,In Stock,"DIY iPhone 16 Pro diagnosable battery replacement kit — embedded serial chip pairs with Apple System Configuration to restore Battery Health percentage in Settings. Quality cell matching original capacity. Includes all precision tools, adhesive, QR video guide. Optimised Battery Charging restored after pairing. 90-day warranty. Australian stock."
Apple,iPhone 16 Pro Max,Battery,Standard,79,90 Days,In Stock,"DIY iPhone 16 Pro Max battery replacement kit with quality lithium-ion cell matching original mAh capacity. Restores full-day battery life. Includes pentalobe screwdriver, suction cup, spudger, adhesive strips, and QR step-by-step video guide. 90-day warranty. Same-day dispatch from Newcastle Australia."
Apple,iPhone 16 Pro Max,Battery,Diagnosable,129,90 Days,In Stock,"DIY iPhone 16 Pro Max diagnosable battery replacement kit — embedded serial chip pairs with Apple System Configuration to restore Battery Health percentage in Settings. Quality cell matching original capacity. Includes all precision tools, adhesive, QR video guide. Optimised Battery Charging restored after pairing. 90-day warranty. Australian stock."
Apple,iPhone 17,Battery,Standard,79,90 Days,In Stock,"DIY iPhone 17 battery replacement kit with quality lithium-ion cell matching original mAh capacity. Restores full-day battery life. Includes pentalobe screwdriver, suction cup, spudger, adhesive strips, and QR step-by-step video guide. 90-day warranty. Same-day dispatch from Newcastle Australia."
Apple,iPhone 17,Battery,Diagnosable,129,90 Days,In Stock,"DIY iPhone 17 diagnosable battery replacement kit — embedded serial chip pairs with Apple System Configuration to restore Battery Health percentage in Settings. Quality cell matching original capacity. Includes all precision tools, adhesive, QR video guide. Optimised Battery Charging restored after pairing. 90-day warranty. Australian stock."
Apple,iPhone 17 Pro,Battery,Standard,79,90 Days,In Stock,"DIY iPhone 17 Pro battery replacement kit with quality lithium-ion cell matching original mAh capacity. Restores full-day battery life. Includes pentalobe screwdriver, suction cup, spudger, adhesive strips, and QR step-by-step video guide. 90-day warranty. Same-day dispatch from Newcastle Australia."
Apple,iPhone 17 Pro,Battery,Diagnosable,129,90 Days,In Stock,"DIY iPhone 17 Pro diagnosable battery replacement kit — embedded serial chip pairs with Apple System Configuration to restore Battery Health percentage in Settings. Quality cell matching original capacity. Includes all precision tools, adhesive, QR video guide. Optimised Battery Charging restored after pairing. 90-day warranty. Australian stock."
Apple,iPhone 17 Pro Max,Battery,Standard,79,90 Days,In Stock,"DIY iPhone 17 Pro Max battery replacement kit with quality lithium-ion cell matching original mAh capacity. Restores full-day battery life. Includes pentalobe screwdriver, suction cup, spudger, adhesive strips, and QR step-by-step video guide. 90-day warranty. Same-day dispatch from Newcastle Australia."
Apple,iPhone 17 Pro Max,Battery,Diagnosable,129,90 Days,In Stock,"DIY iPhone 17 Pro Max diagnosable battery replacement kit — embedded serial chip pairs with Apple System Configuration to restore Battery Health percentage in Settings. Quality cell matching original capacity. Includes all precision tools, adhesive, QR video guide. Optimised Battery Charging restored after pairing. 90-day warranty. Australian stock."
Samsung,Galaxy S21,Screen,Budget INCELL LCD,189,90 Days,In Stock,"DIY Galaxy S21 screen replacement kit with INCELL LCD display. Includes precision pentalobe & tri-point screwdrivers, suction cup, ESD-safe spudgers, pre-cut adhesive strips, and QR-linked step-by-step video guide. 90-day warranty. Ships same day from Newcastle Australia."
Samsung,Galaxy S21,Screen,Elite OEM Service Pack,249,90 Days,In Stock,"DIY Galaxy S21 screen replacement kit with factory-sealed OEM Service Pack display — identical to Apple/Samsung/Google original. Full True Tone, Face ID, biometric compatibility. Always diagnosable and pairable with System Configuration. Includes precision toolkit, adhesive, QR video guide. 90-day warranty. Ships from Newcastle AU."
Samsung,Galaxy S21 Ultra,Screen,Budget INCELL LCD,189,90 Days,In Stock,"DIY Galaxy S21 Ultra screen replacement kit with INCELL LCD display. Includes precision pentalobe & tri-point screwdrivers, suction cup, ESD-safe spudgers, pre-cut adhesive strips, and QR-linked step-by-step video guide. 90-day warranty. Ships same day from Newcastle Australia."
Samsung,Galaxy S21 Ultra,Screen,Elite OEM Service Pack,359,90 Days,In Stock,"DIY Galaxy S21 Ultra screen replacement kit with factory-sealed OEM Service Pack display — identical to Apple/Samsung/Google original. Full True Tone, Face ID, biometric compatibility. Always diagnosable and pairable with System Configuration. Includes precision toolkit, adhesive, QR video guide. 90-day warranty. Ships from Newcastle AU."
Samsung,Galaxy S22,Screen,Budget INCELL LCD,249,90 Days,In Stock,"DIY Galaxy S22 screen replacement kit with INCELL LCD display. Includes precision pentalobe & tri-point screwdrivers, suction cup, ESD-safe spudgers, pre-cut adhesive strips, and QR-linked step-by-step video guide. 90-day warranty. Ships same day from Newcastle Australia."
Samsung,Galaxy S22,Screen,Elite OEM Service Pack,359,90 Days,In Stock,"DIY Galaxy S22 screen replacement kit with factory-sealed OEM Service Pack display — identical to Apple/Samsung/Google original. Full True Tone, Face ID, biometric compatibility. Always diagnosable and pairable with System Configuration. Includes precision toolkit, adhesive, QR video guide. 90-day warranty. Ships from Newcastle AU."
Samsung,Galaxy S22 Plus,Screen,Budget INCELL LCD,249,90 Days,In Stock,"DIY Galaxy S22 Plus screen replacement kit with INCELL LCD display. Includes precision pentalobe & tri-point screwdrivers, suction cup, ESD-safe spudgers, pre-cut adhesive strips, and QR-linked step-by-step video guide. 90-day warranty. Ships same day from Newcastle Australia."
Samsung,Galaxy S22 Plus,Screen,Elite OEM Service Pack,359,90 Days,In Stock,"DIY Galaxy S22 Plus screen replacement kit with factory-sealed OEM Service Pack display — identical to Apple/Samsung/Google original. Full True Tone, Face ID, biometric compatibility. Always diagnosable and pairable with System Configuration. Includes precision toolkit, adhesive, QR video guide. 90-day warranty. Ships from Newcastle AU."
Samsung,Galaxy S22 FE,Screen,Budget INCELL LCD,249,90 Days,In Stock,"DIY Galaxy S22 FE screen replacement kit with INCELL LCD display. Includes precision pentalobe & tri-point screwdrivers, suction cup, ESD-safe spudgers, pre-cut adhesive strips, and QR-linked step-by-step video guide. 90-day warranty. Ships same day from Newcastle Australia."
Samsung,Galaxy S22 FE,Screen,Elite OEM Service Pack,359,90 Days,In Stock,"DIY Galaxy S22 FE screen replacement kit with factory-sealed OEM Service Pack display — identical to Apple/Samsung/Google original. Full True Tone, Face ID, biometric compatibility. Always diagnosable and pairable with System Configuration. Includes precision toolkit, adhesive, QR video guide. 90-day warranty. Ships from Newcastle AU."
Samsung,Galaxy S22 Ultra,Screen,Budget INCELL LCD,249,90 Days,In Stock,"DIY Galaxy S22 Ultra screen replacement kit with INCELL LCD display. Includes precision pentalobe & tri-point screwdrivers, suction cup, ESD-safe spudgers, pre-cut adhesive strips, and QR-linked step-by-step video guide. 90-day warranty. Ships same day from Newcastle Australia."
Samsung,Galaxy S22 Ultra,Screen,Elite OEM Service Pack,359,90 Days,In Stock,"DIY Galaxy S22 Ultra screen replacement kit with factory-sealed OEM Service Pack display — identical to Apple/Samsung/Google original. Full True Tone, Face ID, biometric compatibility. Always diagnosable and pairable with System Configuration. Includes precision toolkit, adhesive, QR video guide. 90-day warranty. Ships from Newcastle AU."
Samsung,Galaxy S23,Screen,Budget INCELL LCD,259,90 Days,In Stock,"DIY Galaxy S23 screen replacement kit with INCELL LCD display. Includes precision pentalobe & tri-point screwdrivers, suction cup, ESD-safe spudgers, pre-cut adhesive strips, and QR-linked step-by-step video guide. 90-day warranty. Ships same day from Newcastle Australia."
Samsung,Galaxy S23,Screen,Elite OEM Service Pack,359,90 Days,In Stock,"DIY Galaxy S23 screen replacement kit with factory-sealed OEM Service Pack display — identical to Apple/Samsung/Google original. Full True Tone, Face ID, biometric compatibility. Always diagnosable and pairable with System Configuration. Includes precision toolkit, adhesive, QR video guide. 90-day warranty. Ships from Newcastle AU."
Samsung,Galaxy S23 FE,Screen,Budget INCELL LCD,259,90 Days,In Stock,"DIY Galaxy S23 FE screen replacement kit with INCELL LCD display. Includes precision pentalobe & tri-point screwdrivers, suction cup, ESD-safe spudgers, pre-cut adhesive strips, and QR-linked step-by-step video guide. 90-day warranty. Ships same day from Newcastle Australia."
Samsung,Galaxy S23 FE,Screen,Elite OEM Service Pack,359,90 Days,In Stock,"DIY Galaxy S23 FE screen replacement kit with factory-sealed OEM Service Pack display — identical to Apple/Samsung/Google original. Full True Tone, Face ID, biometric compatibility. Always diagnosable and pairable with System Configuration. Includes precision toolkit, adhesive, QR video guide. 90-day warranty. Ships from Newcastle AU."
Samsung,Galaxy S23 Plus,Screen,Budget INCELL LCD,259,90 Days,In Stock,"DIY Galaxy S23 Plus screen replacement kit with INCELL LCD display. Includes precision pentalobe & tri-point screwdrivers, suction cup, ESD-safe spudgers, pre-cut adhesive strips, and QR-linked step-by-step video guide. 90-day warranty. Ships same day from Newcastle Australia."
Samsung,Galaxy S23 Plus,Screen,Elite OEM Service Pack,359,90 Days,In Stock,"DIY Galaxy S23 Plus screen replacement kit with factory-sealed OEM Service Pack display — identical to Apple/Samsung/Google original. Full True Tone, Face ID, biometric compatibility. Always diagnosable and pairable with System Configuration. Includes precision toolkit, adhesive, QR video guide. 90-day warranty. Ships from Newcastle AU."
Samsung,Galaxy S23 Ultra,Screen,Budget INCELL LCD,259,90 Days,In Stock,"DIY Galaxy S23 Ultra screen replacement kit with INCELL LCD display. Includes precision pentalobe & tri-point screwdrivers, suction cup, ESD-safe spudgers, pre-cut adhesive strips, and QR-linked step-by-step video guide. 90-day warranty. Ships same day from Newcastle Australia."
Samsung,Galaxy S23 Ultra,Screen,Elite OEM Service Pack,359,90 Days,In Stock,"DIY Galaxy S23 Ultra screen replacement kit with factory-sealed OEM Service Pack display — identical to Apple/Samsung/Google original. Full True Tone, Face ID, biometric compatibility. Always diagnosable and pairable with System Configuration. Includes precision toolkit, adhesive, QR video guide. 90-day warranty. Ships from Newcastle AU."
Samsung,Galaxy S24,Screen,Budget INCELL LCD,259,90 Days,In Stock,"DIY Galaxy S24 screen replacement kit with INCELL LCD display. Includes precision pentalobe & tri-point screwdrivers, suction cup, ESD-safe spudgers, pre-cut adhesive strips, and QR-linked step-by-step video guide. 90-day warranty. Ships same day from Newcastle Australia."
Samsung,Galaxy S24,Screen,Elite OEM Service Pack,359,90 Days,In Stock,"DIY Galaxy S24 screen replacement kit with factory-sealed OEM Service Pack display — identical to Apple/Samsung/Google original. Full True Tone, Face ID, biometric compatibility. Always diagnosable and pairable with System Configuration. Includes precision toolkit, adhesive, QR video guide. 90-day warranty. Ships from Newcastle AU."
Samsung,Galaxy S24 Plus,Screen,Budget INCELL LCD,259,90 Days,In Stock,"DIY Galaxy S24 Plus screen replacement kit with INCELL LCD display. Includes precision pentalobe & tri-point screwdrivers, suction cup, ESD-safe spudgers, pre-cut adhesive strips, and QR-linked step-by-step video guide. 90-day warranty. Ships same day from Newcastle Australia."
Samsung,Galaxy S24 Plus,Screen,Elite OEM Service Pack,359,90 Days,In Stock,"DIY Galaxy S24 Plus screen replacement kit with factory-sealed OEM Service Pack display — identical to Apple/Samsung/Google original. Full True Tone, Face ID, biometric compatibility. Always diagnosable and pairable with System Configuration. Includes precision toolkit, adhesive, QR video guide. 90-day warranty. Ships from Newcastle AU."
Samsung,Galaxy S24 FE,Screen,Budget INCELL LCD,259,90 Days,In Stock,"DIY Galaxy S24 FE screen replacement kit with INCELL LCD display. Includes precision pentalobe & tri-point screwdrivers, suction cup, ESD-safe spudgers, pre-cut adhesive strips, and QR-linked step-by-step video guide. 90-day warranty. Ships same day from Newcastle Australia."
Samsung,Galaxy S24 FE,Screen,Elite OEM Service Pack,359,90 Days,In Stock,"DIY Galaxy S24 FE screen replacement kit with factory-sealed OEM Service Pack display — identical to Apple/Samsung/Google original. Full True Tone, Face ID, biometric compatibility. Always diagnosable and pairable with System Configuration. Includes precision toolkit, adhesive, QR video guide. 90-day warranty. Ships from Newcastle AU."
Samsung,Galaxy S24 Ultra,Screen,Budget INCELL LCD,259,90 Days,In Stock,"DIY Galaxy S24 Ultra screen replacement kit with INCELL LCD display. Includes precision pentalobe & tri-point screwdrivers, suction cup, ESD-safe spudgers, pre-cut adhesive strips, and QR-linked step-by-step video guide. 90-day warranty. Ships same day from Newcastle Australia."
Samsung,Galaxy S24 Ultra,Screen,Elite OEM Service Pack,359,90 Days,In Stock,"DIY Galaxy S24 Ultra screen replacement kit with factory-sealed OEM Service Pack display — identical to Apple/Samsung/Google original. Full True Tone, Face ID, biometric compatibility. Always diagnosable and pairable with System Configuration. Includes precision toolkit, adhesive, QR video guide. 90-day warranty. Ships from Newcastle AU."
Samsung,Galaxy S25 FE,Screen,Budget INCELL LCD,259,90 Days,In Stock,"DIY Galaxy S25 FE screen replacement kit with INCELL LCD display. Includes precision pentalobe & tri-point screwdrivers, suction cup, ESD-safe spudgers, pre-cut adhesive strips, and QR-linked step-by-step video guide. 90-day warranty. Ships same day from Newcastle Australia."
Samsung,Galaxy S25 FE,Screen,Elite OEM Service Pack,359,90 Days,In Stock,"DIY Galaxy S25 FE screen replacement kit with factory-sealed OEM Service Pack display — identical to Apple/Samsung/Google original. Full True Tone, Face ID, biometric compatibility. Always diagnosable and pairable with System Configuration. Includes precision toolkit, adhesive, QR video guide. 90-day warranty. Ships from Newcastle AU."
Samsung,Galaxy S25,Screen,Budget INCELL LCD,259,90 Days,In Stock,"DIY Galaxy S25 screen replacement kit with INCELL LCD display. Includes precision pentalobe & tri-point screwdrivers, suction cup, ESD-safe spudgers, pre-cut adhesive strips, and QR-linked step-by-step video guide. 90-day warranty. Ships same day from Newcastle Australia."
Samsung,Galaxy S25,Screen,Elite OEM Service Pack,359,90 Days,In Stock,"DIY Galaxy S25 screen replacement kit with factory-sealed OEM Service Pack display — identical to Apple/Samsung/Google original. Full True Tone, Face ID, biometric compatibility. Always diagnosable and pairable with System Configuration. Includes precision toolkit, adhesive, QR video guide. 90-day warranty. Ships from Newcastle AU."
Samsung,Galaxy S25 Plus,Screen,Budget INCELL LCD,259,90 Days,In Stock,"DIY Galaxy S25 Plus screen replacement kit with INCELL LCD display. Includes precision pentalobe & tri-point screwdrivers, suction cup, ESD-safe spudgers, pre-cut adhesive strips, and QR-linked step-by-step video guide. 90-day warranty. Ships same day from Newcastle Australia."
Samsung,Galaxy S25 Plus,Screen,Elite OEM Service Pack,359,90 Days,In Stock,"DIY Galaxy S25 Plus screen replacement kit with factory-sealed OEM Service Pack display — identical to Apple/Samsung/Google original. Full True Tone, Face ID, biometric compatibility. Always diagnosable and pairable with System Configuration. Includes precision toolkit, adhesive, QR video guide. 90-day warranty. Ships from Newcastle AU."
Samsung,Galaxy S25 Ultra,Screen,Budget INCELL LCD,259,90 Days,In Stock,"DIY Galaxy S25 Ultra screen replacement kit with INCELL LCD display. Includes precision pentalobe & tri-point screwdrivers, suction cup, ESD-safe spudgers, pre-cut adhesive strips, and QR-linked step-by-step video guide. 90-day warranty. Ships same day from Newcastle Australia."
Samsung,Galaxy S25 Ultra,Screen,Elite OEM Service Pack,359,90 Days,In Stock,"DIY Galaxy S25 Ultra screen replacement kit with factory-sealed OEM Service Pack display — identical to Apple/Samsung/Google original. Full True Tone, Face ID, biometric compatibility. Always diagnosable and pairable with System Configuration. Includes precision toolkit, adhesive, QR video guide. 90-day warranty. Ships from Newcastle AU."
Samsung,Galaxy S26,Screen,Budget INCELL LCD,259,90 Days,In Stock,"DIY Galaxy S26 screen replacement kit with INCELL LCD display. Includes precision pentalobe & tri-point screwdrivers, suction cup, ESD-safe spudgers, pre-cut adhesive strips, and QR-linked step-by-step video guide. 90-day warranty. Ships same day from Newcastle Australia."
Samsung,Galaxy S26,Screen,Elite OEM Service Pack,359,90 Days,In Stock,"DIY Galaxy S26 screen replacement kit with factory-sealed OEM Service Pack display — identical to Apple/Samsung/Google original. Full True Tone, Face ID, biometric compatibility. Always diagnosable and pairable with System Configuration. Includes precision toolkit, adhesive, QR video guide. 90-day warranty. Ships from Newcastle AU."
Samsung,Galaxy S26 FE,Screen,Budget INCELL LCD,259,90 Days,In Stock,"DIY Galaxy S26 FE screen replacement kit with INCELL LCD display. Includes precision pentalobe & tri-point screwdrivers, suction cup, ESD-safe spudgers, pre-cut adhesive strips, and QR-linked step-by-step video guide. 90-day warranty. Ships same day from Newcastle Australia."
Samsung,Galaxy S26 FE,Screen,Elite OEM Service Pack,359,90 Days,In Stock,"DIY Galaxy S26 FE screen replacement kit with factory-sealed OEM Service Pack display — identical to Apple/Samsung/Google original. Full True Tone, Face ID, biometric compatibility. Always diagnosable and pairable with System Configuration. Includes precision toolkit, adhesive, QR video guide. 90-day warranty. Ships from Newcastle AU."
Samsung,Galaxy S26 Plus,Screen,Budget INCELL LCD,259,90 Days,In Stock,"DIY Galaxy S26 Plus screen replacement kit with INCELL LCD display. Includes precision pentalobe & tri-point screwdrivers, suction cup, ESD-safe spudgers, pre-cut adhesive strips, and QR-linked step-by-step video guide. 90-day warranty. Ships same day from Newcastle Australia."
Samsung,Galaxy S26 Plus,Screen,Elite OEM Service Pack,359,90 Days,In Stock,"DIY Galaxy S26 Plus screen replacement kit with factory-sealed OEM Service Pack display — identical to Apple/Samsung/Google original. Full True Tone, Face ID, biometric compatibility. Always diagnosable and pairable with System Configuration. Includes precision toolkit, adhesive, QR video guide. 90-day warranty. Ships from Newcastle AU."
Samsung,Galaxy S26 Ultra,Screen,Budget INCELL LCD,259,90 Days,In Stock,"DIY Galaxy S26 Ultra screen replacement kit with INCELL LCD display. Includes precision pentalobe & tri-point screwdrivers, suction cup, ESD-safe spudgers, pre-cut adhesive strips, and QR-linked step-by-step video guide. 90-day warranty. Ships same day from Newcastle Australia."
Samsung,Galaxy S26 Ultra,Screen,Elite OEM Service Pack,359,90 Days,In Stock,"DIY Galaxy S26 Ultra screen replacement kit with factory-sealed OEM Service Pack display — identical to Apple/Samsung/Google original. Full True Tone, Face ID, biometric compatibility. Always diagnosable and pairable with System Configuration. Includes precision toolkit, adhesive, QR video guide. 90-day warranty. Ships from Newcastle AU."
Samsung,Galaxy S21,Battery,Standard,79,90 Days,In Stock,"DIY Galaxy S21 battery replacement kit with quality lithium-ion cell matching original mAh capacity. Restores full-day battery life. Includes pentalobe screwdriver, suction cup, spudger, adhesive strips, and QR step-by-step video guide. 90-day warranty. Same-day dispatch from Newcastle Australia."
Samsung,Galaxy S21,Battery,Diagnosable,129,90 Days,In Stock,"DIY Galaxy S21 diagnosable battery replacement kit — embedded serial chip pairs with Apple System Configuration to restore Battery Health percentage in Settings. Quality cell matching original capacity. Includes all precision tools, adhesive, QR video guide. Optimised Battery Charging restored after pairing. 90-day warranty. Australian stock."
Samsung,Galaxy S21 Ultra,Battery,Standard,79,90 Days,In Stock,"DIY Galaxy S21 Ultra battery replacement kit with quality lithium-ion cell matching original mAh capacity. Restores full-day battery life. Includes pentalobe screwdriver, suction cup, spudger, adhesive strips, and QR step-by-step video guide. 90-day warranty. Same-day dispatch from Newcastle Australia."
Samsung,Galaxy S21 Ultra,Battery,Diagnosable,129,90 Days,In Stock,"DIY Galaxy S21 Ultra diagnosable battery replacement kit — embedded serial chip pairs with Apple System Configuration to restore Battery Health percentage in Settings. Quality cell matching original capacity. Includes all precision tools, adhesive, QR video guide. Optimised Battery Charging restored after pairing. 90-day warranty. Australian stock."
Samsung,Galaxy S22,Battery,Standard,79,90 Days,In Stock,"DIY Galaxy S22 battery replacement kit with quality lithium-ion cell matching original mAh capacity. Restores full-day battery life. Includes pentalobe screwdriver, suction cup, spudger, adhesive strips, and QR step-by-step video guide. 90-day warranty. Same-day dispatch from Newcastle Australia."
Samsung,Galaxy S22,Battery,Diagnosable,129,90 Days,In Stock,"DIY Galaxy S22 diagnosable battery replacement kit — embedded serial chip pairs with Apple System Configuration to restore Battery Health percentage in Settings. Quality cell matching original capacity. Includes all precision tools, adhesive, QR video guide. Optimised Battery Charging restored after pairing. 90-day warranty. Australian stock."
Samsung,Galaxy S22 Plus,Battery,Standard,79,90 Days,In Stock,"DIY Galaxy S22 Plus battery replacement kit with quality lithium-ion cell matching original mAh capacity. Restores full-day battery life. Includes pentalobe screwdriver, suction cup, spudger, adhesive strips, and QR step-by-step video guide. 90-day warranty. Same-day dispatch from Newcastle Australia."
Samsung,Galaxy S22 Plus,Battery,Diagnosable,129,90 Days,In Stock,"DIY Galaxy S22 Plus diagnosable battery replacement kit — embedded serial chip pairs with Apple System Configuration to restore Battery Health percentage in Settings. Quality cell matching original capacity. Includes all precision tools, adhesive, QR video guide. Optimised Battery Charging restored after pairing. 90-day warranty. Australian stock."
Samsung,Galaxy S22 FE,Battery,Standard,79,90 Days,In Stock,"DIY Galaxy S22 FE battery replacement kit with quality lithium-ion cell matching original mAh capacity. Restores full-day battery life. Includes pentalobe screwdriver, suction cup, spudger, adhesive strips, and QR step-by-step video guide. 90-day warranty. Same-day dispatch from Newcastle Australia."
Samsung,Galaxy S22 FE,Battery,Diagnosable,129,90 Days,In Stock,"DIY Galaxy S22 FE diagnosable battery replacement kit — embedded serial chip pairs with Apple System Configuration to restore Battery Health percentage in Settings. Quality cell matching original capacity. Includes all precision tools, adhesive, QR video guide. Optimised Battery Charging restored after pairing. 90-day warranty. Australian stock."
Samsung,Galaxy S22 Ultra,Battery,Standard,79,90 Days,In Stock,"DIY Galaxy S22 Ultra battery replacement kit with quality lithium-ion cell matching original mAh capacity. Restores full-day battery life. Includes pentalobe screwdriver, suction cup, spudger, adhesive strips, and QR step-by-step video guide. 90-day warranty. Same-day dispatch from Newcastle Australia."
Samsung,Galaxy S22 Ultra,Battery,Diagnosable,129,90 Days,In Stock,"DIY Galaxy S22 Ultra diagnosable battery replacement kit — embedded serial chip pairs with Apple System Configuration to restore Battery Health percentage in Settings. Quality cell matching original capacity. Includes all precision tools, adhesive, QR video guide. Optimised Battery Charging restored after pairing. 90-day warranty. Australian stock."
Samsung,Galaxy S23,Battery,Standard,79,90 Days,In Stock,"DIY Galaxy S23 battery replacement kit with quality lithium-ion cell matching original mAh capacity. Restores full-day battery life. Includes pentalobe screwdriver, suction cup, spudger, adhesive strips, and QR step-by-step video guide. 90-day warranty. Same-day dispatch from Newcastle Australia."
Samsung,Galaxy S23,Battery,Diagnosable,129,90 Days,In Stock,"DIY Galaxy S23 diagnosable battery replacement kit — embedded serial chip pairs with Apple System Configuration to restore Battery Health percentage in Settings. Quality cell matching original capacity. Includes all precision tools, adhesive, QR video guide. Optimised Battery Charging restored after pairing. 90-day warranty. Australian stock."
Samsung,Galaxy S23 FE,Battery,Standard,79,90 Days,In Stock,"DIY Galaxy S23 FE battery replacement kit with quality lithium-ion cell matching original mAh capacity. Restores full-day battery life. Includes pentalobe screwdriver, suction cup, spudger, adhesive strips, and QR step-by-step video guide. 90-day warranty. Same-day dispatch from Newcastle Australia."
Samsung,Galaxy S23 FE,Battery,Diagnosable,129,90 Days,In Stock,"DIY Galaxy S23 FE diagnosable battery replacement kit — embedded serial chip pairs with Apple System Configuration to restore Battery Health percentage in Settings. Quality cell matching original capacity. Includes all precision tools, adhesive, QR video guide. Optimised Battery Charging restored after pairing. 90-day warranty. Australian stock."
Samsung,Galaxy S23 Plus,Battery,Standard,79,90 Days,In Stock,"DIY Galaxy S23 Plus battery replacement kit with quality lithium-ion cell matching original mAh capacity. Restores full-day battery life. Includes pentalobe screwdriver, suction cup, spudger, adhesive strips, and QR step-by-step video guide. 90-day warranty. Same-day dispatch from Newcastle Australia."
Samsung,Galaxy S23 Plus,Battery,Diagnosable,129,90 Days,In Stock,"DIY Galaxy S23 Plus diagnosable battery replacement kit — embedded serial chip pairs with Apple System Configuration to restore Battery Health percentage in Settings. Quality cell matching original capacity. Includes all precision tools, adhesive, QR video guide. Optimised Battery Charging restored after pairing. 90-day warranty. Australian stock."
Samsung,Galaxy S23 Ultra,Battery,Standard,79,90 Days,In Stock,"DIY Galaxy S23 Ultra battery replacement kit with quality lithium-ion cell matching original mAh capacity. Restores full-day battery life. Includes pentalobe screwdriver, suction cup, spudger, adhesive strips, and QR step-by-step video guide. 90-day warranty. Same-day dispatch from Newcastle Australia."
Samsung,Galaxy S23 Ultra,Battery,Diagnosable,129,90 Days,In Stock,"DIY Galaxy S23 Ultra diagnosable battery replacement kit — embedded serial chip pairs with Apple System Configuration to restore Battery Health percentage in Settings. Quality cell matching original capacity. Includes all precision tools, adhesive, QR video guide. Optimised Battery Charging restored after pairing. 90-day warranty. Australian stock."
Samsung,Galaxy S24,Battery,Standard,79,90 Days,In Stock,"DIY Galaxy S24 battery replacement kit with quality lithium-ion cell matching original mAh capacity. Restores full-day battery life. Includes pentalobe screwdriver, suction cup, spudger, adhesive strips, and QR step-by-step video guide. 90-day warranty. Same-day dispatch from Newcastle Australia."
Samsung,Galaxy S24,Battery,Diagnosable,129,90 Days,In Stock,"DIY Galaxy S24 diagnosable battery replacement kit — embedded serial chip pairs with Apple System Configuration to restore Battery Health percentage in Settings. Quality cell matching original capacity. Includes all precision tools, adhesive, QR video guide. Optimised Battery Charging restored after pairing. 90-day warranty. Australian stock."
Samsung,Galaxy S24 Plus,Battery,Standard,79,90 Days,In Stock,"DIY Galaxy S24 Plus battery replacement kit with quality lithium-ion cell matching original mAh capacity. Restores full-day battery life. Includes pentalobe screwdriver, suction cup, spudger, adhesive strips, and QR step-by-step video guide. 90-day warranty. Same-day dispatch from Newcastle Australia."
Samsung,Galaxy S24 Plus,Battery,Diagnosable,129,90 Days,In Stock,"DIY Galaxy S24 Plus diagnosable battery replacement kit — embedded serial chip pairs with Apple System Configuration to restore Battery Health percentage in Settings. Quality cell matching original capacity. Includes all precision tools, adhesive, QR video guide. Optimised Battery Charging restored after pairing. 90-day warranty. Australian stock."
Samsung,Galaxy S24 FE,Battery,Standard,79,90 Days,In Stock,"DIY Galaxy S24 FE battery replacement kit with quality lithium-ion cell matching original mAh capacity. Restores full-day battery life. Includes pentalobe screwdriver, suction cup, spudger, adhesive strips, and QR step-by-step video guide. 90-day warranty. Same-day dispatch from Newcastle Australia."
Samsung,Galaxy S24 FE,Battery,Diagnosable,129,90 Days,In Stock,"DIY Galaxy S24 FE diagnosable battery replacement kit — embedded serial chip pairs with Apple System Configuration to restore Battery Health percentage in Settings. Quality cell matching original capacity. Includes all precision tools, adhesive, QR video guide. Optimised Battery Charging restored after pairing. 90-day warranty. Australian stock."
Samsung,Galaxy S24 Ultra,Battery,Standard,79,90 Days,In Stock,"DIY Galaxy S24 Ultra battery replacement kit with quality lithium-ion cell matching original mAh capacity. Restores full-day battery life. Includes pentalobe screwdriver, suction cup, spudger, adhesive strips, and QR step-by-step video guide. 90-day warranty. Same-day dispatch from Newcastle Australia."
Samsung,Galaxy S24 Ultra,Battery,Diagnosable,129,90 Days,In Stock,"DIY Galaxy S24 Ultra diagnosable battery replacement kit — embedded serial chip pairs with Apple System Configuration to restore Battery Health percentage in Settings. Quality cell matching original capacity. Includes all precision tools, adhesive, QR video guide. Optimised Battery Charging restored after pairing. 90-day warranty. Australian stock."
Samsung,Galaxy S25 FE,Battery,Standard,79,90 Days,In Stock,"DIY Galaxy S25 FE battery replacement kit with quality lithium-ion cell matching original mAh capacity. Restores full-day battery life. Includes pentalobe screwdriver, suction cup, spudger, adhesive strips, and QR step-by-step video guide. 90-day warranty. Same-day dispatch from Newcastle Australia."
Samsung,Galaxy S25 FE,Battery,Diagnosable,129,90 Days,In Stock,"DIY Galaxy S25 FE diagnosable battery replacement kit — embedded serial chip pairs with Apple System Configuration to restore Battery Health percentage in Settings. Quality cell matching original capacity. Includes all precision tools, adhesive, QR video guide. Optimised Battery Charging restored after pairing. 90-day warranty. Australian stock."
Samsung,Galaxy S25,Battery,Standard,79,90 Days,In Stock,"DIY Galaxy S25 battery replacement kit with quality lithium-ion cell matching original mAh capacity. Restores full-day battery life. Includes pentalobe screwdriver, suction cup, spudger, adhesive strips, and QR step-by-step video guide. 90-day warranty. Same-day dispatch from Newcastle Australia."
Samsung,Galaxy S25,Battery,Diagnosable,129,90 Days,In Stock,"DIY Galaxy S25 diagnosable battery replacement kit — embedded serial chip pairs with Apple System Configuration to restore Battery Health percentage in Settings. Quality cell matching original capacity. Includes all precision tools, adhesive, QR video guide. Optimised Battery Charging restored after pairing. 90-day warranty. Australian stock."
Samsung,Galaxy S25 Plus,Battery,Standard,79,90 Days,In Stock,"DIY Galaxy S25 Plus battery replacement kit with quality lithium-ion cell matching original mAh capacity. Restores full-day battery life. Includes pentalobe screwdriver, suction cup, spudger, adhesive strips, and QR step-by-step video guide. 90-day warranty. Same-day dispatch from Newcastle Australia."
Samsung,Galaxy S25 Plus,Battery,Diagnosable,129,90 Days,In Stock,"DIY Galaxy S25 Plus diagnosable battery replacement kit — embedded serial chip pairs with Apple System Configuration to restore Battery Health percentage in Settings. Quality cell matching original capacity. Includes all precision tools, adhesive, QR video guide. Optimised Battery Charging restored after pairing. 90-day warranty. Australian stock."
Samsung,Galaxy S25 Ultra,Battery,Standard,79,90 Days,In Stock,"DIY Galaxy S25 Ultra battery replacement kit with quality lithium-ion cell matching original mAh capacity. Restores full-day battery life. Includes pentalobe screwdriver, suction cup, spudger, adhesive strips, and QR step-by-step video guide. 90-day warranty. Same-day dispatch from Newcastle Australia."
Samsung,Galaxy S25 Ultra,Battery,Diagnosable,129,90 Days,In Stock,"DIY Galaxy S25 Ultra diagnosable battery replacement kit — embedded serial chip pairs with Apple System Configuration to restore Battery Health percentage in Settings. Quality cell matching original capacity. Includes all precision tools, adhesive, QR video guide. Optimised Battery Charging restored after pairing. 90-day warranty. Australian stock."
Samsung,Galaxy S26,Battery,Standard,79,90 Days,In Stock,"DIY Galaxy S26 battery replacement kit with quality lithium-ion cell matching original mAh capacity. Restores full-day battery life. Includes pentalobe screwdriver, suction cup, spudger, adhesive strips, and QR step-by-step video guide. 90-day warranty. Same-day dispatch from Newcastle Australia."
Samsung,Galaxy S26,Battery,Diagnosable,129,90 Days,In Stock,"DIY Galaxy S26 diagnosable battery replacement kit — embedded serial chip pairs with Apple System Configuration to restore Battery Health percentage in Settings. Quality cell matching original capacity. Includes all precision tools, adhesive, QR video guide. Optimised Battery Charging restored after pairing. 90-day warranty. Australian stock."
Samsung,Galaxy S26 FE,Battery,Standard,79,90 Days,In Stock,"DIY Galaxy S26 FE battery replacement kit with quality lithium-ion cell matching original mAh capacity. Restores full-day battery life. Includes pentalobe screwdriver, suction cup, spudger, adhesive strips, and QR step-by-step video guide. 90-day warranty. Same-day dispatch from Newcastle Australia."
Samsung,Galaxy S26 FE,Battery,Diagnosable,129,90 Days,In Stock,"DIY Galaxy S26 FE diagnosable battery replacement kit — embedded serial chip pairs with Apple System Configuration to restore Battery Health percentage in Settings. Quality cell matching original capacity. Includes all precision tools, adhesive, QR video guide. Optimised Battery Charging restored after pairing. 90-day warranty. Australian stock."
Samsung,Galaxy S26 Plus,Battery,Standard,79,90 Days,In Stock,"DIY Galaxy S26 Plus battery replacement kit with quality lithium-ion cell matching original mAh capacity. Restores full-day battery life. Includes pentalobe screwdriver, suction cup, spudger, adhesive strips, and QR step-by-step video guide. 90-day warranty. Same-day dispatch from Newcastle Australia."
Samsung,Galaxy S26 Plus,Battery,Diagnosable,129,90 Days,In Stock,"DIY Galaxy S26 Plus diagnosable battery replacement kit — embedded serial chip pairs with Apple System Configuration to restore Battery Health percentage in Settings. Quality cell matching original capacity. Includes all precision tools, adhesive, QR video guide. Optimised Battery Charging restored after pairing. 90-day warranty. Australian stock."
Samsung,Galaxy S26 Ultra,Battery,Standard,79,90 Days,In Stock,"DIY Galaxy S26 Ultra battery replacement kit with quality lithium-ion cell matching original mAh capacity. Restores full-day battery life. Includes pentalobe screwdriver, suction cup, spudger, adhesive strips, and QR step-by-step video guide. 90-day warranty. Same-day dispatch from Newcastle Australia."
Samsung,Galaxy S26 Ultra,Battery,Diagnosable,129,90 Days,In Stock,"DIY Galaxy S26 Ultra diagnosable battery replacement kit — embedded serial chip pairs with Apple System Configuration to restore Battery Health percentage in Settings. Quality cell matching original capacity. Includes all precision tools, adhesive, QR video guide. Optimised Battery Charging restored after pairing. 90-day warranty. Australian stock."
Samsung,Galaxy S21,Charging Port,Standard,79,90 Days,In Stock,"DIY Galaxy S21 USB-C charging port replacement kit. Fixes slow charging, no charging, loose connection, and moisture detected errors. Includes replacement port flex cable, precision screwdrivers, spudger tools, adhesive, and QR video repair guide. 90-day warranty. Ships same day from Newcastle AU."
Samsung,Galaxy S21 Ultra,Charging Port,Standard,79,90 Days,In Stock,"DIY Galaxy S21 Ultra USB-C charging port replacement kit. Fixes slow charging, no charging, loose connection, and moisture detected errors. Includes replacement port flex cable, precision screwdrivers, spudger tools, adhesive, and QR video repair guide. 90-day warranty. Ships same day from Newcastle AU."
Samsung,Galaxy S22,Charging Port,Standard,79,90 Days,In Stock,"DIY Galaxy S22 USB-C charging port replacement kit. Fixes slow charging, no charging, loose connection, and moisture detected errors. Includes replacement port flex cable, precision screwdrivers, spudger tools, adhesive, and QR video repair guide. 90-day warranty. Ships same day from Newcastle AU."
Samsung,Galaxy S22 Plus,Charging Port,Standard,79,90 Days,In Stock,"DIY Galaxy S22 Plus USB-C charging port replacement kit. Fixes slow charging, no charging, loose connection, and moisture detected errors. Includes replacement port flex cable, precision screwdrivers, spudger tools, adhesive, and QR video repair guide. 90-day warranty. Ships same day from Newcastle AU."
Samsung,Galaxy S22 FE,Charging Port,Standard,79,90 Days,In Stock,"DIY Galaxy S22 FE USB-C charging port replacement kit. Fixes slow charging, no charging, loose connection, and moisture detected errors. Includes replacement port flex cable, precision screwdrivers, spudger tools, adhesive, and QR video repair guide. 90-day warranty. Ships same day from Newcastle AU."
Samsung,Galaxy S22 Ultra,Charging Port,Standard,79,90 Days,In Stock,"DIY Galaxy S22 Ultra USB-C charging port replacement kit. Fixes slow charging, no charging, loose connection, and moisture detected errors. Includes replacement port flex cable, precision screwdrivers, spudger tools, adhesive, and QR video repair guide. 90-day warranty. Ships same day from Newcastle AU."
Samsung,Galaxy S23,Charging Port,Standard,79,90 Days,In Stock,"DIY Galaxy S23 USB-C charging port replacement kit. Fixes slow charging, no charging, loose connection, and moisture detected errors. Includes replacement port flex cable, precision screwdrivers, spudger tools, adhesive, and QR video repair guide. 90-day warranty. Ships same day from Newcastle AU."
Samsung,Galaxy S23 FE,Charging Port,Standard,79,90 Days,In Stock,"DIY Galaxy S23 FE USB-C charging port replacement kit. Fixes slow charging, no charging, loose connection, and moisture detected errors. Includes replacement port flex cable, precision screwdrivers, spudger tools, adhesive, and QR video repair guide. 90-day warranty. Ships same day from Newcastle AU."
Samsung,Galaxy S23 Plus,Charging Port,Standard,79,90 Days,In Stock,"DIY Galaxy S23 Plus USB-C charging port replacement kit. Fixes slow charging, no charging, loose connection, and moisture detected errors. Includes replacement port flex cable, precision screwdrivers, spudger tools, adhesive, and QR video repair guide. 90-day warranty. Ships same day from Newcastle AU."
Samsung,Galaxy S23 Ultra,Charging Port,Standard,79,90 Days,In Stock,"DIY Galaxy S23 Ultra USB-C charging port replacement kit. Fixes slow charging, no charging, loose connection, and moisture detected errors. Includes replacement port flex cable, precision screwdrivers, spudger tools, adhesive, and QR video repair guide. 90-day warranty. Ships same day from Newcastle AU."
Samsung,Galaxy S24,Charging Port,Standard,79,90 Days,In Stock,"DIY Galaxy S24 USB-C charging port replacement kit. Fixes slow charging, no charging, loose connection, and moisture detected errors. Includes replacement port flex cable, precision screwdrivers, spudger tools, adhesive, and QR video repair guide. 90-day warranty. Ships same day from Newcastle AU."
Samsung,Galaxy S24 Plus,Charging Port,Standard,79,90 Days,In Stock,"DIY Galaxy S24 Plus USB-C charging port replacement kit. Fixes slow charging, no charging, loose connection, and moisture detected errors. Includes replacement port flex cable, precision screwdrivers, spudger tools, adhesive, and QR video repair guide. 90-day warranty. Ships same day from Newcastle AU."
Samsung,Galaxy S24 FE,Charging Port,Standard,79,90 Days,In Stock,"DIY Galaxy S24 FE USB-C charging port replacement kit. Fixes slow charging, no charging, loose connection, and moisture detected errors. Includes replacement port flex cable, precision screwdrivers, spudger tools, adhesive, and QR video repair guide. 90-day warranty. Ships same day from Newcastle AU."
Samsung,Galaxy S24 Ultra,Charging Port,Standard,79,90 Days,In Stock,"DIY Galaxy S24 Ultra USB-C charging port replacement kit. Fixes slow charging, no charging, loose connection, and moisture detected errors. Includes replacement port flex cable, precision screwdrivers, spudger tools, adhesive, and QR video repair guide. 90-day warranty. Ships same day from Newcastle AU."
Samsung,Galaxy S25 FE,Charging Port,Standard,79,90 Days,In Stock,"DIY Galaxy S25 FE USB-C charging port replacement kit. Fixes slow charging, no charging, loose connection, and moisture detected errors. Includes replacement port flex cable, precision screwdrivers, spudger tools, adhesive, and QR video repair guide. 90-day warranty. Ships same day from Newcastle AU."
Samsung,Galaxy S25,Charging Port,Standard,79,90 Days,In Stock,"DIY Galaxy S25 USB-C charging port replacement kit. Fixes slow charging, no charging, loose connection, and moisture detected errors. Includes replacement port flex cable, precision screwdrivers, spudger tools, adhesive, and QR video repair guide. 90-day warranty. Ships same day from Newcastle AU."
Samsung,Galaxy S25 Plus,Charging Port,Standard,79,90 Days,In Stock,"DIY Galaxy S25 Plus USB-C charging port replacement kit. Fixes slow charging, no charging, loose connection, and moisture detected errors. Includes replacement port flex cable, precision screwdrivers, spudger tools, adhesive, and QR video repair guide. 90-day warranty. Ships same day from Newcastle AU."
Samsung,Galaxy S25 Ultra,Charging Port,Standard,79,90 Days,In Stock,"DIY Galaxy S25 Ultra USB-C charging port replacement kit. Fixes slow charging, no charging, loose connection, and moisture detected errors. Includes replacement port flex cable, precision screwdrivers, spudger tools, adhesive, and QR video repair guide. 90-day warranty. Ships same day from Newcastle AU."
Samsung,Galaxy S26,Charging Port,Standard,79,90 Days,In Stock,"DIY Galaxy S26 USB-C charging port replacement kit. Fixes slow charging, no charging, loose connection, and moisture detected errors. Includes replacement port flex cable, precision screwdrivers, spudger tools, adhesive, and QR video repair guide. 90-day warranty. Ships same day from Newcastle AU."
Samsung,Galaxy S26 FE,Charging Port,Standard,79,90 Days,In Stock,"DIY Galaxy S26 FE USB-C charging port replacement kit. Fixes slow charging, no charging, loose connection, and moisture detected errors. Includes replacement port flex cable, precision screwdrivers, spudger tools, adhesive, and QR video repair guide. 90-day warranty. Ships same day from Newcastle AU."
Samsung,Galaxy S26 Plus,Charging Port,Standard,79,90 Days,In Stock,"DIY Galaxy S26 Plus USB-C charging port replacement kit. Fixes slow charging, no charging, loose connection, and moisture detected errors. Includes replacement port flex cable, precision screwdrivers, spudger tools, adhesive, and QR video repair guide. 90-day warranty. Ships same day from Newcastle AU."
Samsung,Galaxy S26 Ultra,Charging Port,Standard,79,90 Days,In Stock,"DIY Galaxy S26 Ultra USB-C charging port replacement kit. Fixes slow charging, no charging, loose connection, and moisture detected errors. Includes replacement port flex cable, precision screwdrivers, spudger tools, adhesive, and QR video repair guide. 90-day warranty. Ships same day from Newcastle AU."
Samsung,Galaxy A04,Screen,Budget INCELL LCD,99,90 Days,In Stock,"DIY Galaxy A04 screen replacement kit with INCELL LCD display. Includes precision pentalobe & tri-point screwdrivers, suction cup, ESD-safe spudgers, pre-cut adhesive strips, and QR-linked step-by-step video guide. 90-day warranty. Ships same day from Newcastle Australia."
Samsung,Galaxy A04,Screen,Pro Soft OLED,110,90 Days,In Stock,"DIY Galaxy A04 screen replacement kit with aftermarket Soft OLED display — vivid colours, true blacks, flush fit with phone frame. Preserves Samsung fingerprint sensor. Includes all precision tools, adhesive, and QR video repair guide. Diagnosable on most models. 90-day warranty. Australian stock, same-day dispatch."
Samsung,Galaxy A04,Screen,Elite OEM Service Pack,149,90 Days,In Stock,"DIY Galaxy A04 screen replacement kit with factory-sealed OEM Service Pack display — identical to Apple/Samsung/Google original. Full True Tone, Face ID, biometric compatibility. Always diagnosable and pairable with System Configuration. Includes precision toolkit, adhesive, QR video guide. 90-day warranty. Ships from Newcastle AU."
Samsung,Galaxy A05s,Screen,Budget INCELL LCD,99,90 Days,In Stock,"DIY Galaxy A05s screen replacement kit with INCELL LCD display. Includes precision pentalobe & tri-point screwdrivers, suction cup, ESD-safe spudgers, pre-cut adhesive strips, and QR-linked step-by-step video guide. 90-day warranty. Ships same day from Newcastle Australia."
Samsung,Galaxy A05s,Screen,Pro Soft OLED,110,90 Days,In Stock,"DIY Galaxy A05s screen replacement kit with aftermarket Soft OLED display — vivid colours, true blacks, flush fit with phone frame. Preserves Samsung fingerprint sensor. Includes all precision tools, adhesive, and QR video repair guide. Diagnosable on most models. 90-day warranty. Australian stock, same-day dispatch."
Samsung,Galaxy A05s,Screen,Elite OEM Service Pack,149,90 Days,In Stock,"DIY Galaxy A05s screen replacement kit with factory-sealed OEM Service Pack display — identical to Apple/Samsung/Google original. Full True Tone, Face ID, biometric compatibility. Always diagnosable and pairable with System Configuration. Includes precision toolkit, adhesive, QR video guide. 90-day warranty. Ships from Newcastle AU."
Samsung,Galaxy A12,Screen,Budget INCELL LCD,99,90 Days,In Stock,"DIY Galaxy A12 screen replacement kit with INCELL LCD display. Includes precision pentalobe & tri-point screwdrivers, suction cup, ESD-safe spudgers, pre-cut adhesive strips, and QR-linked step-by-step video guide. 90-day warranty. Ships same day from Newcastle Australia."
Samsung,Galaxy A12,Screen,Pro Soft OLED,110,90 Days,In Stock,"DIY Galaxy A12 screen replacement kit with aftermarket Soft OLED display — vivid colours, true blacks, flush fit with phone frame. Preserves Samsung fingerprint sensor. Includes all precision tools, adhesive, and QR video repair guide. Diagnosable on most models. 90-day warranty. Australian stock, same-day dispatch."
Samsung,Galaxy A12,Screen,Elite OEM Service Pack,149,90 Days,In Stock,"DIY Galaxy A12 screen replacement kit with factory-sealed OEM Service Pack display — identical to Apple/Samsung/Google original. Full True Tone, Face ID, biometric compatibility. Always diagnosable and pairable with System Configuration. Includes precision toolkit, adhesive, QR video guide. 90-day warranty. Ships from Newcastle AU."
Samsung,Galaxy A13 4G,Screen,Budget INCELL LCD,99,90 Days,In Stock,"DIY Galaxy A13 4G screen replacement kit with INCELL LCD display. Includes precision pentalobe & tri-point screwdrivers, suction cup, ESD-safe spudgers, pre-cut adhesive strips, and QR-linked step-by-step video guide. 90-day warranty. Ships same day from Newcastle Australia."
Samsung,Galaxy A13 4G,Screen,Pro Soft OLED,110,90 Days,In Stock,"DIY Galaxy A13 4G screen replacement kit with aftermarket Soft OLED display — vivid colours, true blacks, flush fit with phone frame. Preserves Samsung fingerprint sensor. Includes all precision tools, adhesive, and QR video repair guide. Diagnosable on most models. 90-day warranty. Australian stock, same-day dispatch."
Samsung,Galaxy A13 4G,Screen,Elite OEM Service Pack,149,90 Days,In Stock,"DIY Galaxy A13 4G screen replacement kit with factory-sealed OEM Service Pack display — identical to Apple/Samsung/Google original. Full True Tone, Face ID, biometric compatibility. Always diagnosable and pairable with System Configuration. Includes precision toolkit, adhesive, QR video guide. 90-day warranty. Ships from Newcastle AU."
Samsung,Galaxy A14,Screen,Budget INCELL LCD,99,90 Days,In Stock,"DIY Galaxy A14 screen replacement kit with INCELL LCD display. Includes precision pentalobe & tri-point screwdrivers, suction cup, ESD-safe spudgers, pre-cut adhesive strips, and QR-linked step-by-step video guide. 90-day warranty. Ships same day from Newcastle Australia."
Samsung,Galaxy A14,Screen,Pro Soft OLED,110,90 Days,In Stock,"DIY Galaxy A14 screen replacement kit with aftermarket Soft OLED display — vivid colours, true blacks, flush fit with phone frame. Preserves Samsung fingerprint sensor. Includes all precision tools, adhesive, and QR video repair guide. Diagnosable on most models. 90-day warranty. Australian stock, same-day dispatch."
Samsung,Galaxy A14,Screen,Elite OEM Service Pack,149,90 Days,In Stock,"DIY Galaxy A14 screen replacement kit with factory-sealed OEM Service Pack display — identical to Apple/Samsung/Google original. Full True Tone, Face ID, biometric compatibility. Always diagnosable and pairable with System Configuration. Includes precision toolkit, adhesive, QR video guide. 90-day warranty. Ships from Newcastle AU."
Samsung,Galaxy A15 5G,Screen,Budget INCELL LCD,99,90 Days,In Stock,"DIY Galaxy A15 5G screen replacement kit with INCELL LCD display. Includes precision pentalobe & tri-point screwdrivers, suction cup, ESD-safe spudgers, pre-cut adhesive strips, and QR-linked step-by-step video guide. 90-day warranty. Ships same day from Newcastle Australia."
Samsung,Galaxy A15 5G,Screen,Pro Soft OLED,110,90 Days,In Stock,"DIY Galaxy A15 5G screen replacement kit with aftermarket Soft OLED display — vivid colours, true blacks, flush fit with phone frame. Preserves Samsung fingerprint sensor. Includes all precision tools, adhesive, and QR video repair guide. Diagnosable on most models. 90-day warranty. Australian stock, same-day dispatch."
Samsung,Galaxy A15 5G,Screen,Elite OEM Service Pack,169,90 Days,In Stock,"DIY Galaxy A15 5G screen replacement kit with factory-sealed OEM Service Pack display — identical to Apple/Samsung/Google original. Full True Tone, Face ID, biometric compatibility. Always diagnosable and pairable with System Configuration. Includes precision toolkit, adhesive, QR video guide. 90-day warranty. Ships from Newcastle AU."
Samsung,Galaxy A16 5G,Screen,Budget INCELL LCD,99,90 Days,In Stock,"DIY Galaxy A16 5G screen replacement kit with INCELL LCD display. Includes precision pentalobe & tri-point screwdrivers, suction cup, ESD-safe spudgers, pre-cut adhesive strips, and QR-linked step-by-step video guide. 90-day warranty. Ships same day from Newcastle Australia."
Samsung,Galaxy A16 5G,Screen,Pro Soft OLED,110,90 Days,In Stock,"DIY Galaxy A16 5G screen replacement kit with aftermarket Soft OLED display — vivid colours, true blacks, flush fit with phone frame. Preserves Samsung fingerprint sensor. Includes all precision tools, adhesive, and QR video repair guide. Diagnosable on most models. 90-day warranty. Australian stock, same-day dispatch."
Samsung,Galaxy A16 5G,Screen,Elite OEM Service Pack,169,90 Days,In Stock,"DIY Galaxy A16 5G screen replacement kit with factory-sealed OEM Service Pack display — identical to Apple/Samsung/Google original. Full True Tone, Face ID, biometric compatibility. Always diagnosable and pairable with System Configuration. Includes precision toolkit, adhesive, QR video guide. 90-day warranty. Ships from Newcastle AU."
Samsung,Galaxy A17 5G,Screen,Budget INCELL LCD,99,90 Days,In Stock,"DIY Galaxy A17 5G screen replacement kit with INCELL LCD display. Includes precision pentalobe & tri-point screwdrivers, suction cup, ESD-safe spudgers, pre-cut adhesive strips, and QR-linked step-by-step video guide. 90-day warranty. Ships same day from Newcastle Australia."
Samsung,Galaxy A17 5G,Screen,Pro Soft OLED,110,90 Days,In Stock,"DIY Galaxy A17 5G screen replacement kit with aftermarket Soft OLED display — vivid colours, true blacks, flush fit with phone frame. Preserves Samsung fingerprint sensor. Includes all precision tools, adhesive, and QR video repair guide. Diagnosable on most models. 90-day warranty. Australian stock, same-day dispatch."
Samsung,Galaxy A17 5G,Screen,Elite OEM Service Pack,169,90 Days,In Stock,"DIY Galaxy A17 5G screen replacement kit with factory-sealed OEM Service Pack display — identical to Apple/Samsung/Google original. Full True Tone, Face ID, biometric compatibility. Always diagnosable and pairable with System Configuration. Includes precision toolkit, adhesive, QR video guide. 90-day warranty. Ships from Newcastle AU."
Samsung,Galaxy A20,Screen,Budget INCELL LCD,99,90 Days,In Stock,"DIY Galaxy A20 screen replacement kit with INCELL LCD display. Includes precision pentalobe & tri-point screwdrivers, suction cup, ESD-safe spudgers, pre-cut adhesive strips, and QR-linked step-by-step video guide. 90-day warranty. Ships same day from Newcastle Australia."
Samsung,Galaxy A20,Screen,Pro Soft OLED,110,90 Days,In Stock,"DIY Galaxy A20 screen replacement kit with aftermarket Soft OLED display — vivid colours, true blacks, flush fit with phone frame. Preserves Samsung fingerprint sensor. Includes all precision tools, adhesive, and QR video repair guide. Diagnosable on most models. 90-day warranty. Australian stock, same-day dispatch."
Samsung,Galaxy A20,Screen,Elite OEM Service Pack,149,90 Days,In Stock,"DIY Galaxy A20 screen replacement kit with factory-sealed OEM Service Pack display — identical to Apple/Samsung/Google original. Full True Tone, Face ID, biometric compatibility. Always diagnosable and pairable with System Configuration. Includes precision toolkit, adhesive, QR video guide. 90-day warranty. Ships from Newcastle AU."
Samsung,Galaxy A30,Screen,Budget INCELL LCD,99,90 Days,In Stock,"DIY Galaxy A30 screen replacement kit with INCELL LCD display. Includes precision pentalobe & tri-point screwdrivers, suction cup, ESD-safe spudgers, pre-cut adhesive strips, and QR-linked step-by-step video guide. 90-day warranty. Ships same day from Newcastle Australia."
Samsung,Galaxy A30,Screen,Pro Soft OLED,110,90 Days,In Stock,"DIY Galaxy A30 screen replacement kit with aftermarket Soft OLED display — vivid colours, true blacks, flush fit with phone frame. Preserves Samsung fingerprint sensor. Includes all precision tools, adhesive, and QR video repair guide. Diagnosable on most models. 90-day warranty. Australian stock, same-day dispatch."
Samsung,Galaxy A30,Screen,Elite OEM Service Pack,149,90 Days,In Stock,"DIY Galaxy A30 screen replacement kit with factory-sealed OEM Service Pack display — identical to Apple/Samsung/Google original. Full True Tone, Face ID, biometric compatibility. Always diagnosable and pairable with System Configuration. Includes precision toolkit, adhesive, QR video guide. 90-day warranty. Ships from Newcastle AU."
Samsung,Galaxy A31,Screen,Budget INCELL LCD,99,90 Days,In Stock,"DIY Galaxy A31 screen replacement kit with INCELL LCD display. Includes precision pentalobe & tri-point screwdrivers, suction cup, ESD-safe spudgers, pre-cut adhesive strips, and QR-linked step-by-step video guide. 90-day warranty. Ships same day from Newcastle Australia."
Samsung,Galaxy A31,Screen,Pro Soft OLED,110,90 Days,In Stock,"DIY Galaxy A31 screen replacement kit with aftermarket Soft OLED display — vivid colours, true blacks, flush fit with phone frame. Preserves Samsung fingerprint sensor. Includes all precision tools, adhesive, and QR video repair guide. Diagnosable on most models. 90-day warranty. Australian stock, same-day dispatch."
Samsung,Galaxy A31,Screen,Elite OEM Service Pack,149,90 Days,In Stock,"DIY Galaxy A31 screen replacement kit with factory-sealed OEM Service Pack display — identical to Apple/Samsung/Google original. Full True Tone, Face ID, biometric compatibility. Always diagnosable and pairable with System Configuration. Includes precision toolkit, adhesive, QR video guide. 90-day warranty. Ships from Newcastle AU."
Samsung,Galaxy A32,Screen,Budget INCELL LCD,99,90 Days,In Stock,"DIY Galaxy A32 screen replacement kit with INCELL LCD display. Includes precision pentalobe & tri-point screwdrivers, suction cup, ESD-safe spudgers, pre-cut adhesive strips, and QR-linked step-by-step video guide. 90-day warranty. Ships same day from Newcastle Australia."
Samsung,Galaxy A32,Screen,Pro Soft OLED,110,90 Days,In Stock,"DIY Galaxy A32 screen replacement kit with aftermarket Soft OLED display — vivid colours, true blacks, flush fit with phone frame. Preserves Samsung fingerprint sensor. Includes all precision tools, adhesive, and QR video repair guide. Diagnosable on most models. 90-day warranty. Australian stock, same-day dispatch."
Samsung,Galaxy A32,Screen,Elite OEM Service Pack,149,90 Days,In Stock,"DIY Galaxy A32 screen replacement kit with factory-sealed OEM Service Pack display — identical to Apple/Samsung/Google original. Full True Tone, Face ID, biometric compatibility. Always diagnosable and pairable with System Configuration. Includes precision toolkit, adhesive, QR video guide. 90-day warranty. Ships from Newcastle AU."
Samsung,Galaxy A33 5G,Screen,Budget INCELL LCD,99,90 Days,In Stock,"DIY Galaxy A33 5G screen replacement kit with INCELL LCD display. Includes precision pentalobe & tri-point screwdrivers, suction cup, ESD-safe spudgers, pre-cut adhesive strips, and QR-linked step-by-step video guide. 90-day warranty. Ships same day from Newcastle Australia."
Samsung,Galaxy A33 5G,Screen,Pro Soft OLED,110,90 Days,In Stock,"DIY Galaxy A33 5G screen replacement kit with aftermarket Soft OLED display — vivid colours, true blacks, flush fit with phone frame. Preserves Samsung fingerprint sensor. Includes all precision tools, adhesive, and QR video repair guide. Diagnosable on most models. 90-day warranty. Australian stock, same-day dispatch."
Samsung,Galaxy A33 5G,Screen,Elite OEM Service Pack,149,90 Days,In Stock,"DIY Galaxy A33 5G screen replacement kit with factory-sealed OEM Service Pack display — identical to Apple/Samsung/Google original. Full True Tone, Face ID, biometric compatibility. Always diagnosable and pairable with System Configuration. Includes precision toolkit, adhesive, QR video guide. 90-day warranty. Ships from Newcastle AU."
Samsung,Galaxy A34 5G,Screen,Budget INCELL LCD,99,90 Days,In Stock,"DIY Galaxy A34 5G screen replacement kit with INCELL LCD display. Includes precision pentalobe & tri-point screwdrivers, suction cup, ESD-safe spudgers, pre-cut adhesive strips, and QR-linked step-by-step video guide. 90-day warranty. Ships same day from Newcastle Australia."
Samsung,Galaxy A34 5G,Screen,Pro Soft OLED,110,90 Days,In Stock,"DIY Galaxy A34 5G screen replacement kit with aftermarket Soft OLED display — vivid colours, true blacks, flush fit with phone frame. Preserves Samsung fingerprint sensor. Includes all precision tools, adhesive, and QR video repair guide. Diagnosable on most models. 90-day warranty. Australian stock, same-day dispatch."
Samsung,Galaxy A34 5G,Screen,Elite OEM Service Pack,149,90 Days,In Stock,"DIY Galaxy A34 5G screen replacement kit with factory-sealed OEM Service Pack display — identical to Apple/Samsung/Google original. Full True Tone, Face ID, biometric compatibility. Always diagnosable and pairable with System Configuration. Includes precision toolkit, adhesive, QR video guide. 90-day warranty. Ships from Newcastle AU."
Samsung,Galaxy A35 5G,Screen,Budget INCELL LCD,99,90 Days,In Stock,"DIY Galaxy A35 5G screen replacement kit with INCELL LCD display. Includes precision pentalobe & tri-point screwdrivers, suction cup, ESD-safe spudgers, pre-cut adhesive strips, and QR-linked step-by-step video guide. 90-day warranty. Ships same day from Newcastle Australia."
Samsung,Galaxy A35 5G,Screen,Pro Soft OLED,110,90 Days,In Stock,"DIY Galaxy A35 5G screen replacement kit with aftermarket Soft OLED display — vivid colours, true blacks, flush fit with phone frame. Preserves Samsung fingerprint sensor. Includes all precision tools, adhesive, and QR video repair guide. Diagnosable on most models. 90-day warranty. Australian stock, same-day dispatch."
Samsung,Galaxy A35 5G,Screen,Elite OEM Service Pack,149,90 Days,In Stock,"DIY Galaxy A35 5G screen replacement kit with factory-sealed OEM Service Pack display — identical to Apple/Samsung/Google original. Full True Tone, Face ID, biometric compatibility. Always diagnosable and pairable with System Configuration. Includes precision toolkit, adhesive, QR video guide. 90-day warranty. Ships from Newcastle AU."
Samsung,Galaxy A36 5G,Screen,Budget INCELL LCD,99,90 Days,In Stock,"DIY Galaxy A36 5G screen replacement kit with INCELL LCD display. Includes precision pentalobe & tri-point screwdrivers, suction cup, ESD-safe spudgers, pre-cut adhesive strips, and QR-linked step-by-step video guide. 90-day warranty. Ships same day from Newcastle Australia."
Samsung,Galaxy A36 5G,Screen,Pro Soft OLED,110,90 Days,In Stock,"DIY Galaxy A36 5G screen replacement kit with aftermarket Soft OLED display — vivid colours, true blacks, flush fit with phone frame. Preserves Samsung fingerprint sensor. Includes all precision tools, adhesive, and QR video repair guide. Diagnosable on most models. 90-day warranty. Australian stock, same-day dispatch."
Samsung,Galaxy A36 5G,Screen,Elite OEM Service Pack,149,90 Days,In Stock,"DIY Galaxy A36 5G screen replacement kit with factory-sealed OEM Service Pack display — identical to Apple/Samsung/Google original. Full True Tone, Face ID, biometric compatibility. Always diagnosable and pairable with System Configuration. Includes precision toolkit, adhesive, QR video guide. 90-day warranty. Ships from Newcastle AU."
Samsung,Galaxy A37 5G,Screen,Budget INCELL LCD,99,90 Days,In Stock,"DIY Galaxy A37 5G screen replacement kit with INCELL LCD display. Includes precision pentalobe & tri-point screwdrivers, suction cup, ESD-safe spudgers, pre-cut adhesive strips, and QR-linked step-by-step video guide. 90-day warranty. Ships same day from Newcastle Australia."
Samsung,Galaxy A37 5G,Screen,Pro Soft OLED,110,90 Days,In Stock,"DIY Galaxy A37 5G screen replacement kit with aftermarket Soft OLED display — vivid colours, true blacks, flush fit with phone frame. Preserves Samsung fingerprint sensor. Includes all precision tools, adhesive, and QR video repair guide. Diagnosable on most models. 90-day warranty. Australian stock, same-day dispatch."
Samsung,Galaxy A37 5G,Screen,Elite OEM Service Pack,149,90 Days,In Stock,"DIY Galaxy A37 5G screen replacement kit with factory-sealed OEM Service Pack display — identical to Apple/Samsung/Google original. Full True Tone, Face ID, biometric compatibility. Always diagnosable and pairable with System Configuration. Includes precision toolkit, adhesive, QR video guide. 90-day warranty. Ships from Newcastle AU."
Samsung,Galaxy A50,Screen,Budget INCELL LCD,99,90 Days,In Stock,"DIY Galaxy A50 screen replacement kit with INCELL LCD display. Includes precision pentalobe & tri-point screwdrivers, suction cup, ESD-safe spudgers, pre-cut adhesive strips, and QR-linked step-by-step video guide. 90-day warranty. Ships same day from Newcastle Australia."
Samsung,Galaxy A50,Screen,Pro Soft OLED,110,90 Days,In Stock,"DIY Galaxy A50 screen replacement kit with aftermarket Soft OLED display — vivid colours, true blacks, flush fit with phone frame. Preserves Samsung fingerprint sensor. Includes all precision tools, adhesive, and QR video repair guide. Diagnosable on most models. 90-day warranty. Australian stock, same-day dispatch."
Samsung,Galaxy A50,Screen,Elite OEM Service Pack,149,90 Days,In Stock,"DIY Galaxy A50 screen replacement kit with factory-sealed OEM Service Pack display — identical to Apple/Samsung/Google original. Full True Tone, Face ID, biometric compatibility. Always diagnosable and pairable with System Configuration. Includes precision toolkit, adhesive, QR video guide. 90-day warranty. Ships from Newcastle AU."
Samsung,Galaxy A51,Screen,Budget INCELL LCD,99,90 Days,In Stock,"DIY Galaxy A51 screen replacement kit with INCELL LCD display. Includes precision pentalobe & tri-point screwdrivers, suction cup, ESD-safe spudgers, pre-cut adhesive strips, and QR-linked step-by-step video guide. 90-day warranty. Ships same day from Newcastle Australia."
Samsung,Galaxy A51,Screen,Pro Soft OLED,110,90 Days,In Stock,"DIY Galaxy A51 screen replacement kit with aftermarket Soft OLED display — vivid colours, true blacks, flush fit with phone frame. Preserves Samsung fingerprint sensor. Includes all precision tools, adhesive, and QR video repair guide. Diagnosable on most models. 90-day warranty. Australian stock, same-day dispatch."
Samsung,Galaxy A51,Screen,Elite OEM Service Pack,139,90 Days,In Stock,"DIY Galaxy A51 screen replacement kit with factory-sealed OEM Service Pack display — identical to Apple/Samsung/Google original. Full True Tone, Face ID, biometric compatibility. Always diagnosable and pairable with System Configuration. Includes precision toolkit, adhesive, QR video guide. 90-day warranty. Ships from Newcastle AU."
Samsung,Galaxy A52,Screen,Budget INCELL LCD,99,90 Days,In Stock,"DIY Galaxy A52 screen replacement kit with INCELL LCD display. Includes precision pentalobe & tri-point screwdrivers, suction cup, ESD-safe spudgers, pre-cut adhesive strips, and QR-linked step-by-step video guide. 90-day warranty. Ships same day from Newcastle Australia."
Samsung,Galaxy A52,Screen,Pro Soft OLED,110,90 Days,In Stock,"DIY Galaxy A52 screen replacement kit with aftermarket Soft OLED display — vivid colours, true blacks, flush fit with phone frame. Preserves Samsung fingerprint sensor. Includes all precision tools, adhesive, and QR video repair guide. Diagnosable on most models. 90-day warranty. Australian stock, same-day dispatch."
Samsung,Galaxy A52,Screen,Elite OEM Service Pack,149,90 Days,In Stock,"DIY Galaxy A52 screen replacement kit with factory-sealed OEM Service Pack display — identical to Apple/Samsung/Google original. Full True Tone, Face ID, biometric compatibility. Always diagnosable and pairable with System Configuration. Includes precision toolkit, adhesive, QR video guide. 90-day warranty. Ships from Newcastle AU."
Samsung,Galaxy A52s 5G,Screen,Budget INCELL LCD,99,90 Days,In Stock,"DIY Galaxy A52s 5G screen replacement kit with INCELL LCD display. Includes precision pentalobe & tri-point screwdrivers, suction cup, ESD-safe spudgers, pre-cut adhesive strips, and QR-linked step-by-step video guide. 90-day warranty. Ships same day from Newcastle Australia."
Samsung,Galaxy A52s 5G,Screen,Pro Soft OLED,110,90 Days,In Stock,"DIY Galaxy A52s 5G screen replacement kit with aftermarket Soft OLED display — vivid colours, true blacks, flush fit with phone frame. Preserves Samsung fingerprint sensor. Includes all precision tools, adhesive, and QR video repair guide. Diagnosable on most models. 90-day warranty. Australian stock, same-day dispatch."
Samsung,Galaxy A52s 5G,Screen,Elite OEM Service Pack,149,90 Days,In Stock,"DIY Galaxy A52s 5G screen replacement kit with factory-sealed OEM Service Pack display — identical to Apple/Samsung/Google original. Full True Tone, Face ID, biometric compatibility. Always diagnosable and pairable with System Configuration. Includes precision toolkit, adhesive, QR video guide. 90-day warranty. Ships from Newcastle AU."
Samsung,Galaxy A53 5G,Screen,Budget INCELL LCD,99,90 Days,In Stock,"DIY Galaxy A53 5G screen replacement kit with INCELL LCD display. Includes precision pentalobe & tri-point screwdrivers, suction cup, ESD-safe spudgers, pre-cut adhesive strips, and QR-linked step-by-step video guide. 90-day warranty. Ships same day from Newcastle Australia."
Samsung,Galaxy A53 5G,Screen,Pro Soft OLED,110,90 Days,In Stock,"DIY Galaxy A53 5G screen replacement kit with aftermarket Soft OLED display — vivid colours, true blacks, flush fit with phone frame. Preserves Samsung fingerprint sensor. Includes all precision tools, adhesive, and QR video repair guide. Diagnosable on most models. 90-day warranty. Australian stock, same-day dispatch."
Samsung,Galaxy A53 5G,Screen,Elite OEM Service Pack,149,90 Days,In Stock,"DIY Galaxy A53 5G screen replacement kit with factory-sealed OEM Service Pack display — identical to Apple/Samsung/Google original. Full True Tone, Face ID, biometric compatibility. Always diagnosable and pairable with System Configuration. Includes precision toolkit, adhesive, QR video guide. 90-day warranty. Ships from Newcastle AU."
Samsung,Galaxy A54 5G,Screen,Budget INCELL LCD,99,90 Days,In Stock,"DIY Galaxy A54 5G screen replacement kit with INCELL LCD display. Includes precision pentalobe & tri-point screwdrivers, suction cup, ESD-safe spudgers, pre-cut adhesive strips, and QR-linked step-by-step video guide. 90-day warranty. Ships same day from Newcastle Australia."
Samsung,Galaxy A54 5G,Screen,Pro Soft OLED,110,90 Days,In Stock,"DIY Galaxy A54 5G screen replacement kit with aftermarket Soft OLED display — vivid colours, true blacks, flush fit with phone frame. Preserves Samsung fingerprint sensor. Includes all precision tools, adhesive, and QR video repair guide. Diagnosable on most models. 90-day warranty. Australian stock, same-day dispatch."
Samsung,Galaxy A54 5G,Screen,Elite OEM Service Pack,179,90 Days,In Stock,"DIY Galaxy A54 5G screen replacement kit with factory-sealed OEM Service Pack display — identical to Apple/Samsung/Google original. Full True Tone, Face ID, biometric compatibility. Always diagnosable and pairable with System Configuration. Includes precision toolkit, adhesive, QR video guide. 90-day warranty. Ships from Newcastle AU."
Samsung,Galaxy A55 5G,Screen,Budget INCELL LCD,99,90 Days,In Stock,"DIY Galaxy A55 5G screen replacement kit with INCELL LCD display. Includes precision pentalobe & tri-point screwdrivers, suction cup, ESD-safe spudgers, pre-cut adhesive strips, and QR-linked step-by-step video guide. 90-day warranty. Ships same day from Newcastle Australia."
Samsung,Galaxy A55 5G,Screen,Pro Soft OLED,110,90 Days,In Stock,"DIY Galaxy A55 5G screen replacement kit with aftermarket Soft OLED display — vivid colours, true blacks, flush fit with phone frame. Preserves Samsung fingerprint sensor. Includes all precision tools, adhesive, and QR video repair guide. Diagnosable on most models. 90-day warranty. Australian stock, same-day dispatch."
Samsung,Galaxy A55 5G,Screen,Elite OEM Service Pack,179,90 Days,In Stock,"DIY Galaxy A55 5G screen replacement kit with factory-sealed OEM Service Pack display — identical to Apple/Samsung/Google original. Full True Tone, Face ID, biometric compatibility. Always diagnosable and pairable with System Configuration. Includes precision toolkit, adhesive, QR video guide. 90-day warranty. Ships from Newcastle AU."
Samsung,Galaxy A56 5G,Screen,Budget INCELL LCD,99,90 Days,In Stock,"DIY Galaxy A56 5G screen replacement kit with INCELL LCD display. Includes precision pentalobe & tri-point screwdrivers, suction cup, ESD-safe spudgers, pre-cut adhesive strips, and QR-linked step-by-step video guide. 90-day warranty. Ships same day from Newcastle Australia."
Samsung,Galaxy A56 5G,Screen,Pro Soft OLED,110,90 Days,In Stock,"DIY Galaxy A56 5G screen replacement kit with aftermarket Soft OLED display — vivid colours, true blacks, flush fit with phone frame. Preserves Samsung fingerprint sensor. Includes all precision tools, adhesive, and QR video repair guide. Diagnosable on most models. 90-day warranty. Australian stock, same-day dispatch."
Samsung,Galaxy A56 5G,Screen,Elite OEM Service Pack,179,90 Days,In Stock,"DIY Galaxy A56 5G screen replacement kit with factory-sealed OEM Service Pack display — identical to Apple/Samsung/Google original. Full True Tone, Face ID, biometric compatibility. Always diagnosable and pairable with System Configuration. Includes precision toolkit, adhesive, QR video guide. 90-day warranty. Ships from Newcastle AU."
Samsung,Galaxy A57 5G,Screen,Budget INCELL LCD,99,90 Days,In Stock,"DIY Galaxy A57 5G screen replacement kit with INCELL LCD display. Includes precision pentalobe & tri-point screwdrivers, suction cup, ESD-safe spudgers, pre-cut adhesive strips, and QR-linked step-by-step video guide. 90-day warranty. Ships same day from Newcastle Australia."
Samsung,Galaxy A57 5G,Screen,Pro Soft OLED,110,90 Days,In Stock,"DIY Galaxy A57 5G screen replacement kit with aftermarket Soft OLED display — vivid colours, true blacks, flush fit with phone frame. Preserves Samsung fingerprint sensor. Includes all precision tools, adhesive, and QR video repair guide. Diagnosable on most models. 90-day warranty. Australian stock, same-day dispatch."
Samsung,Galaxy A57 5G,Screen,Elite OEM Service Pack,179,90 Days,In Stock,"DIY Galaxy A57 5G screen replacement kit with factory-sealed OEM Service Pack display — identical to Apple/Samsung/Google original. Full True Tone, Face ID, biometric compatibility. Always diagnosable and pairable with System Configuration. Includes precision toolkit, adhesive, QR video guide. 90-day warranty. Ships from Newcastle AU."
Samsung,Galaxy A70,Screen,Budget INCELL LCD,99,90 Days,In Stock,"DIY Galaxy A70 screen replacement kit with INCELL LCD display. Includes precision pentalobe & tri-point screwdrivers, suction cup, ESD-safe spudgers, pre-cut adhesive strips, and QR-linked step-by-step video guide. 90-day warranty. Ships same day from Newcastle Australia."
Samsung,Galaxy A70,Screen,Pro Soft OLED,110,90 Days,In Stock,"DIY Galaxy A70 screen replacement kit with aftermarket Soft OLED display — vivid colours, true blacks, flush fit with phone frame. Preserves Samsung fingerprint sensor. Includes all precision tools, adhesive, and QR video repair guide. Diagnosable on most models. 90-day warranty. Australian stock, same-day dispatch."
Samsung,Galaxy A70,Screen,Elite OEM Service Pack,149,90 Days,In Stock,"DIY Galaxy A70 screen replacement kit with factory-sealed OEM Service Pack display — identical to Apple/Samsung/Google original. Full True Tone, Face ID, biometric compatibility. Always diagnosable and pairable with System Configuration. Includes precision toolkit, adhesive, QR video guide. 90-day warranty. Ships from Newcastle AU."
Samsung,Galaxy A71,Screen,Budget INCELL LCD,99,90 Days,In Stock,"DIY Galaxy A71 screen replacement kit with INCELL LCD display. Includes precision pentalobe & tri-point screwdrivers, suction cup, ESD-safe spudgers, pre-cut adhesive strips, and QR-linked step-by-step video guide. 90-day warranty. Ships same day from Newcastle Australia."
Samsung,Galaxy A71,Screen,Pro Soft OLED,110,90 Days,In Stock,"DIY Galaxy A71 screen replacement kit with aftermarket Soft OLED display — vivid colours, true blacks, flush fit with phone frame. Preserves Samsung fingerprint sensor. Includes all precision tools, adhesive, and QR video repair guide. Diagnosable on most models. 90-day warranty. Australian stock, same-day dispatch."
Samsung,Galaxy A71,Screen,Elite OEM Service Pack,149,90 Days,In Stock,"DIY Galaxy A71 screen replacement kit with factory-sealed OEM Service Pack display — identical to Apple/Samsung/Google original. Full True Tone, Face ID, biometric compatibility. Always diagnosable and pairable with System Configuration. Includes precision toolkit, adhesive, QR video guide. 90-day warranty. Ships from Newcastle AU."
Samsung,Galaxy A72 5G,Screen,Budget INCELL LCD,99,90 Days,In Stock,"DIY Galaxy A72 5G screen replacement kit with INCELL LCD display. Includes precision pentalobe & tri-point screwdrivers, suction cup, ESD-safe spudgers, pre-cut adhesive strips, and QR-linked step-by-step video guide. 90-day warranty. Ships same day from Newcastle Australia."
Samsung,Galaxy A72 5G,Screen,Pro Soft OLED,110,90 Days,In Stock,"DIY Galaxy A72 5G screen replacement kit with aftermarket Soft OLED display — vivid colours, true blacks, flush fit with phone frame. Preserves Samsung fingerprint sensor. Includes all precision tools, adhesive, and QR video repair guide. Diagnosable on most models. 90-day warranty. Australian stock, same-day dispatch."
Samsung,Galaxy A72 5G,Screen,Elite OEM Service Pack,149,90 Days,In Stock,"DIY Galaxy A72 5G screen replacement kit with factory-sealed OEM Service Pack display — identical to Apple/Samsung/Google original. Full True Tone, Face ID, biometric compatibility. Always diagnosable and pairable with System Configuration. Includes precision toolkit, adhesive, QR video guide. 90-day warranty. Ships from Newcastle AU."
Samsung,Galaxy A73 5G,Screen,Budget INCELL LCD,99,90 Days,In Stock,"DIY Galaxy A73 5G screen replacement kit with INCELL LCD display. Includes precision pentalobe & tri-point screwdrivers, suction cup, ESD-safe spudgers, pre-cut adhesive strips, and QR-linked step-by-step video guide. 90-day warranty. Ships same day from Newcastle Australia."
Samsung,Galaxy A73 5G,Screen,Pro Soft OLED,110,90 Days,In Stock,"DIY Galaxy A73 5G screen replacement kit with aftermarket Soft OLED display — vivid colours, true blacks, flush fit with phone frame. Preserves Samsung fingerprint sensor. Includes all precision tools, adhesive, and QR video repair guide. Diagnosable on most models. 90-day warranty. Australian stock, same-day dispatch."
Samsung,Galaxy A73 5G,Screen,Elite OEM Service Pack,149,90 Days,In Stock,"DIY Galaxy A73 5G screen replacement kit with factory-sealed OEM Service Pack display — identical to Apple/Samsung/Google original. Full True Tone, Face ID, biometric compatibility. Always diagnosable and pairable with System Configuration. Includes precision toolkit, adhesive, QR video guide. 90-day warranty. Ships from Newcastle AU."
Samsung,Galaxy A74 5G,Screen,Budget INCELL LCD,99,90 Days,In Stock,"DIY Galaxy A74 5G screen replacement kit with INCELL LCD display. Includes precision pentalobe & tri-point screwdrivers, suction cup, ESD-safe spudgers, pre-cut adhesive strips, and QR-linked step-by-step video guide. 90-day warranty. Ships same day from Newcastle Australia."
Samsung,Galaxy A74 5G,Screen,Pro Soft OLED,110,90 Days,In Stock,"DIY Galaxy A74 5G screen replacement kit with aftermarket Soft OLED display — vivid colours, true blacks, flush fit with phone frame. Preserves Samsung fingerprint sensor. Includes all precision tools, adhesive, and QR video repair guide. Diagnosable on most models. 90-day warranty. Australian stock, same-day dispatch."
Samsung,Galaxy A74 5G,Screen,Elite OEM Service Pack,149,90 Days,In Stock,"DIY Galaxy A74 5G screen replacement kit with factory-sealed OEM Service Pack display — identical to Apple/Samsung/Google original. Full True Tone, Face ID, biometric compatibility. Always diagnosable and pairable with System Configuration. Includes precision toolkit, adhesive, QR video guide. 90-day warranty. Ships from Newcastle AU."
Samsung,Galaxy A04,Battery,Standard,79,90 Days,In Stock,"DIY Galaxy A04 battery replacement kit with quality lithium-ion cell matching original mAh capacity. Restores full-day battery life. Includes pentalobe screwdriver, suction cup, spudger, adhesive strips, and QR step-by-step video guide. 90-day warranty. Same-day dispatch from Newcastle Australia."
Samsung,Galaxy A04,Battery,Diagnosable,129,90 Days,In Stock,"DIY Galaxy A04 diagnosable battery replacement kit — embedded serial chip pairs with Apple System Configuration to restore Battery Health percentage in Settings. Quality cell matching original capacity. Includes all precision tools, adhesive, QR video guide. Optimised Battery Charging restored after pairing. 90-day warranty. Australian stock."
Samsung,Galaxy A05s,Battery,Standard,79,90 Days,In Stock,"DIY Galaxy A05s battery replacement kit with quality lithium-ion cell matching original mAh capacity. Restores full-day battery life. Includes pentalobe screwdriver, suction cup, spudger, adhesive strips, and QR step-by-step video guide. 90-day warranty. Same-day dispatch from Newcastle Australia."
Samsung,Galaxy A05s,Battery,Diagnosable,129,90 Days,In Stock,"DIY Galaxy A05s diagnosable battery replacement kit — embedded serial chip pairs with Apple System Configuration to restore Battery Health percentage in Settings. Quality cell matching original capacity. Includes all precision tools, adhesive, QR video guide. Optimised Battery Charging restored after pairing. 90-day warranty. Australian stock."
Samsung,Galaxy A12,Battery,Standard,79,90 Days,In Stock,"DIY Galaxy A12 battery replacement kit with quality lithium-ion cell matching original mAh capacity. Restores full-day battery life. Includes pentalobe screwdriver, suction cup, spudger, adhesive strips, and QR step-by-step video guide. 90-day warranty. Same-day dispatch from Newcastle Australia."
Samsung,Galaxy A12,Battery,Diagnosable,129,90 Days,In Stock,"DIY Galaxy A12 diagnosable battery replacement kit — embedded serial chip pairs with Apple System Configuration to restore Battery Health percentage in Settings. Quality cell matching original capacity. Includes all precision tools, adhesive, QR video guide. Optimised Battery Charging restored after pairing. 90-day warranty. Australian stock."
Samsung,Galaxy A13 4G,Battery,Standard,79,90 Days,In Stock,"DIY Galaxy A13 4G battery replacement kit with quality lithium-ion cell matching original mAh capacity. Restores full-day battery life. Includes pentalobe screwdriver, suction cup, spudger, adhesive strips, and QR step-by-step video guide. 90-day warranty. Same-day dispatch from Newcastle Australia."
Samsung,Galaxy A13 4G,Battery,Diagnosable,129,90 Days,In Stock,"DIY Galaxy A13 4G diagnosable battery replacement kit — embedded serial chip pairs with Apple System Configuration to restore Battery Health percentage in Settings. Quality cell matching original capacity. Includes all precision tools, adhesive, QR video guide. Optimised Battery Charging restored after pairing. 90-day warranty. Australian stock."
Samsung,Galaxy A14,Battery,Standard,79,90 Days,In Stock,"DIY Galaxy A14 battery replacement kit with quality lithium-ion cell matching original mAh capacity. Restores full-day battery life. Includes pentalobe screwdriver, suction cup, spudger, adhesive strips, and QR step-by-step video guide. 90-day warranty. Same-day dispatch from Newcastle Australia."
Samsung,Galaxy A14,Battery,Diagnosable,129,90 Days,In Stock,"DIY Galaxy A14 diagnosable battery replacement kit — embedded serial chip pairs with Apple System Configuration to restore Battery Health percentage in Settings. Quality cell matching original capacity. Includes all precision tools, adhesive, QR video guide. Optimised Battery Charging restored after pairing. 90-day warranty. Australian stock."
Samsung,Galaxy A15 5G,Battery,Standard,79,90 Days,In Stock,"DIY Galaxy A15 5G battery replacement kit with quality lithium-ion cell matching original mAh capacity. Restores full-day battery life. Includes pentalobe screwdriver, suction cup, spudger, adhesive strips, and QR step-by-step video guide. 90-day warranty. Same-day dispatch from Newcastle Australia."
Samsung,Galaxy A15 5G,Battery,Diagnosable,129,90 Days,In Stock,"DIY Galaxy A15 5G diagnosable battery replacement kit — embedded serial chip pairs with Apple System Configuration to restore Battery Health percentage in Settings. Quality cell matching original capacity. Includes all precision tools, adhesive, QR video guide. Optimised Battery Charging restored after pairing. 90-day warranty. Australian stock."
Samsung,Galaxy A16 5G,Battery,Standard,79,90 Days,In Stock,"DIY Galaxy A16 5G battery replacement kit with quality lithium-ion cell matching original mAh capacity. Restores full-day battery life. Includes pentalobe screwdriver, suction cup, spudger, adhesive strips, and QR step-by-step video guide. 90-day warranty. Same-day dispatch from Newcastle Australia."
Samsung,Galaxy A16 5G,Battery,Diagnosable,129,90 Days,In Stock,"DIY Galaxy A16 5G diagnosable battery replacement kit — embedded serial chip pairs with Apple System Configuration to restore Battery Health percentage in Settings. Quality cell matching original capacity. Includes all precision tools, adhesive, QR video guide. Optimised Battery Charging restored after pairing. 90-day warranty. Australian stock."
Samsung,Galaxy A17 5G,Battery,Standard,79,90 Days,In Stock,"DIY Galaxy A17 5G battery replacement kit with quality lithium-ion cell matching original mAh capacity. Restores full-day battery life. Includes pentalobe screwdriver, suction cup, spudger, adhesive strips, and QR step-by-step video guide. 90-day warranty. Same-day dispatch from Newcastle Australia."
Samsung,Galaxy A17 5G,Battery,Diagnosable,129,90 Days,In Stock,"DIY Galaxy A17 5G diagnosable battery replacement kit — embedded serial chip pairs with Apple System Configuration to restore Battery Health percentage in Settings. Quality cell matching original capacity. Includes all precision tools, adhesive, QR video guide. Optimised Battery Charging restored after pairing. 90-day warranty. Australian stock."
Samsung,Galaxy A20,Battery,Standard,79,90 Days,In Stock,"DIY Galaxy A20 battery replacement kit with quality lithium-ion cell matching original mAh capacity. Restores full-day battery life. Includes pentalobe screwdriver, suction cup, spudger, adhesive strips, and QR step-by-step video guide. 90-day warranty. Same-day dispatch from Newcastle Australia."
Samsung,Galaxy A20,Battery,Diagnosable,129,90 Days,In Stock,"DIY Galaxy A20 diagnosable battery replacement kit — embedded serial chip pairs with Apple System Configuration to restore Battery Health percentage in Settings. Quality cell matching original capacity. Includes all precision tools, adhesive, QR video guide. Optimised Battery Charging restored after pairing. 90-day warranty. Australian stock."
Samsung,Galaxy A30,Battery,Standard,79,90 Days,In Stock,"DIY Galaxy A30 battery replacement kit with quality lithium-ion cell matching original mAh capacity. Restores full-day battery life. Includes pentalobe screwdriver, suction cup, spudger, adhesive strips, and QR step-by-step video guide. 90-day warranty. Same-day dispatch from Newcastle Australia."
Samsung,Galaxy A30,Battery,Diagnosable,129,90 Days,In Stock,"DIY Galaxy A30 diagnosable battery replacement kit — embedded serial chip pairs with Apple System Configuration to restore Battery Health percentage in Settings. Quality cell matching original capacity. Includes all precision tools, adhesive, QR video guide. Optimised Battery Charging restored after pairing. 90-day warranty. Australian stock."
Samsung,Galaxy A31,Battery,Standard,79,90 Days,In Stock,"DIY Galaxy A31 battery replacement kit with quality lithium-ion cell matching original mAh capacity. Restores full-day battery life. Includes pentalobe screwdriver, suction cup, spudger, adhesive strips, and QR step-by-step video guide. 90-day warranty. Same-day dispatch from Newcastle Australia."
Samsung,Galaxy A31,Battery,Diagnosable,129,90 Days,In Stock,"DIY Galaxy A31 diagnosable battery replacement kit — embedded serial chip pairs with Apple System Configuration to restore Battery Health percentage in Settings. Quality cell matching original capacity. Includes all precision tools, adhesive, QR video guide. Optimised Battery Charging restored after pairing. 90-day warranty. Australian stock."
Samsung,Galaxy A32,Battery,Standard,79,90 Days,In Stock,"DIY Galaxy A32 battery replacement kit with quality lithium-ion cell matching original mAh capacity. Restores full-day battery life. Includes pentalobe screwdriver, suction cup, spudger, adhesive strips, and QR step-by-step video guide. 90-day warranty. Same-day dispatch from Newcastle Australia."
Samsung,Galaxy A32,Battery,Diagnosable,129,90 Days,In Stock,"DIY Galaxy A32 diagnosable battery replacement kit — embedded serial chip pairs with Apple System Configuration to restore Battery Health percentage in Settings. Quality cell matching original capacity. Includes all precision tools, adhesive, QR video guide. Optimised Battery Charging restored after pairing. 90-day warranty. Australian stock."
Samsung,Galaxy A33 5G,Battery,Standard,79,90 Days,In Stock,"DIY Galaxy A33 5G battery replacement kit with quality lithium-ion cell matching original mAh capacity. Restores full-day battery life. Includes pentalobe screwdriver, suction cup, spudger, adhesive strips, and QR step-by-step video guide. 90-day warranty. Same-day dispatch from Newcastle Australia."
Samsung,Galaxy A33 5G,Battery,Diagnosable,129,90 Days,In Stock,"DIY Galaxy A33 5G diagnosable battery replacement kit — embedded serial chip pairs with Apple System Configuration to restore Battery Health percentage in Settings. Quality cell matching original capacity. Includes all precision tools, adhesive, QR video guide. Optimised Battery Charging restored after pairing. 90-day warranty. Australian stock."
Samsung,Galaxy A34 5G,Battery,Standard,79,90 Days,In Stock,"DIY Galaxy A34 5G battery replacement kit with quality lithium-ion cell matching original mAh capacity. Restores full-day battery life. Includes pentalobe screwdriver, suction cup, spudger, adhesive strips, and QR step-by-step video guide. 90-day warranty. Same-day dispatch from Newcastle Australia."
Samsung,Galaxy A34 5G,Battery,Diagnosable,129,90 Days,In Stock,"DIY Galaxy A34 5G diagnosable battery replacement kit — embedded serial chip pairs with Apple System Configuration to restore Battery Health percentage in Settings. Quality cell matching original capacity. Includes all precision tools, adhesive, QR video guide. Optimised Battery Charging restored after pairing. 90-day warranty. Australian stock."
Samsung,Galaxy A35 5G,Battery,Standard,79,90 Days,In Stock,"DIY Galaxy A35 5G battery replacement kit with quality lithium-ion cell matching original mAh capacity. Restores full-day battery life. Includes pentalobe screwdriver, suction cup, spudger, adhesive strips, and QR step-by-step video guide. 90-day warranty. Same-day dispatch from Newcastle Australia."
Samsung,Galaxy A35 5G,Battery,Diagnosable,129,90 Days,In Stock,"DIY Galaxy A35 5G diagnosable battery replacement kit — embedded serial chip pairs with Apple System Configuration to restore Battery Health percentage in Settings. Quality cell matching original capacity. Includes all precision tools, adhesive, QR video guide. Optimised Battery Charging restored after pairing. 90-day warranty. Australian stock."
Samsung,Galaxy A36 5G,Battery,Standard,79,90 Days,In Stock,"DIY Galaxy A36 5G battery replacement kit with quality lithium-ion cell matching original mAh capacity. Restores full-day battery life. Includes pentalobe screwdriver, suction cup, spudger, adhesive strips, and QR step-by-step video guide. 90-day warranty. Same-day dispatch from Newcastle Australia."
Samsung,Galaxy A36 5G,Battery,Diagnosable,129,90 Days,In Stock,"DIY Galaxy A36 5G diagnosable battery replacement kit — embedded serial chip pairs with Apple System Configuration to restore Battery Health percentage in Settings. Quality cell matching original capacity. Includes all precision tools, adhesive, QR video guide. Optimised Battery Charging restored after pairing. 90-day warranty. Australian stock."
Samsung,Galaxy A37 5G,Battery,Standard,79,90 Days,In Stock,"DIY Galaxy A37 5G battery replacement kit with quality lithium-ion cell matching original mAh capacity. Restores full-day battery life. Includes pentalobe screwdriver, suction cup, spudger, adhesive strips, and QR step-by-step video guide. 90-day warranty. Same-day dispatch from Newcastle Australia."
Samsung,Galaxy A37 5G,Battery,Diagnosable,129,90 Days,In Stock,"DIY Galaxy A37 5G diagnosable battery replacement kit — embedded serial chip pairs with Apple System Configuration to restore Battery Health percentage in Settings. Quality cell matching original capacity. Includes all precision tools, adhesive, QR video guide. Optimised Battery Charging restored after pairing. 90-day warranty. Australian stock."
Samsung,Galaxy A50,Battery,Standard,79,90 Days,In Stock,"DIY Galaxy A50 battery replacement kit with quality lithium-ion cell matching original mAh capacity. Restores full-day battery life. Includes pentalobe screwdriver, suction cup, spudger, adhesive strips, and QR step-by-step video guide. 90-day warranty. Same-day dispatch from Newcastle Australia."
Samsung,Galaxy A50,Battery,Diagnosable,129,90 Days,In Stock,"DIY Galaxy A50 diagnosable battery replacement kit — embedded serial chip pairs with Apple System Configuration to restore Battery Health percentage in Settings. Quality cell matching original capacity. Includes all precision tools, adhesive, QR video guide. Optimised Battery Charging restored after pairing. 90-day warranty. Australian stock."
Samsung,Galaxy A51,Battery,Standard,79,90 Days,In Stock,"DIY Galaxy A51 battery replacement kit with quality lithium-ion cell matching original mAh capacity. Restores full-day battery life. Includes pentalobe screwdriver, suction cup, spudger, adhesive strips, and QR step-by-step video guide. 90-day warranty. Same-day dispatch from Newcastle Australia."
Samsung,Galaxy A51,Battery,Diagnosable,129,90 Days,In Stock,"DIY Galaxy A51 diagnosable battery replacement kit — embedded serial chip pairs with Apple System Configuration to restore Battery Health percentage in Settings. Quality cell matching original capacity. Includes all precision tools, adhesive, QR video guide. Optimised Battery Charging restored after pairing. 90-day warranty. Australian stock."
Samsung,Galaxy A52,Battery,Standard,79,90 Days,In Stock,"DIY Galaxy A52 battery replacement kit with quality lithium-ion cell matching original mAh capacity. Restores full-day battery life. Includes pentalobe screwdriver, suction cup, spudger, adhesive strips, and QR step-by-step video guide. 90-day warranty. Same-day dispatch from Newcastle Australia."
Samsung,Galaxy A52,Battery,Diagnosable,129,90 Days,In Stock,"DIY Galaxy A52 diagnosable battery replacement kit — embedded serial chip pairs with Apple System Configuration to restore Battery Health percentage in Settings. Quality cell matching original capacity. Includes all precision tools, adhesive, QR video guide. Optimised Battery Charging restored after pairing. 90-day warranty. Australian stock."
Samsung,Galaxy A52s 5G,Battery,Standard,79,90 Days,In Stock,"DIY Galaxy A52s 5G battery replacement kit with quality lithium-ion cell matching original mAh capacity. Restores full-day battery life. Includes pentalobe screwdriver, suction cup, spudger, adhesive strips, and QR step-by-step video guide. 90-day warranty. Same-day dispatch from Newcastle Australia."
Samsung,Galaxy A52s 5G,Battery,Diagnosable,129,90 Days,In Stock,"DIY Galaxy A52s 5G diagnosable battery replacement kit — embedded serial chip pairs with Apple System Configuration to restore Battery Health percentage in Settings. Quality cell matching original capacity. Includes all precision tools, adhesive, QR video guide. Optimised Battery Charging restored after pairing. 90-day warranty. Australian stock."
Samsung,Galaxy A53 5G,Battery,Standard,79,90 Days,In Stock,"DIY Galaxy A53 5G battery replacement kit with quality lithium-ion cell matching original mAh capacity. Restores full-day battery life. Includes pentalobe screwdriver, suction cup, spudger, adhesive strips, and QR step-by-step video guide. 90-day warranty. Same-day dispatch from Newcastle Australia."
Samsung,Galaxy A53 5G,Battery,Diagnosable,129,90 Days,In Stock,"DIY Galaxy A53 5G diagnosable battery replacement kit — embedded serial chip pairs with Apple System Configuration to restore Battery Health percentage in Settings. Quality cell matching original capacity. Includes all precision tools, adhesive, QR video guide. Optimised Battery Charging restored after pairing. 90-day warranty. Australian stock."
Samsung,Galaxy A54 5G,Battery,Standard,79,90 Days,In Stock,"DIY Galaxy A54 5G battery replacement kit with quality lithium-ion cell matching original mAh capacity. Restores full-day battery life. Includes pentalobe screwdriver, suction cup, spudger, adhesive strips, and QR step-by-step video guide. 90-day warranty. Same-day dispatch from Newcastle Australia."
Samsung,Galaxy A54 5G,Battery,Diagnosable,129,90 Days,In Stock,"DIY Galaxy A54 5G diagnosable battery replacement kit — embedded serial chip pairs with Apple System Configuration to restore Battery Health percentage in Settings. Quality cell matching original capacity. Includes all precision tools, adhesive, QR video guide. Optimised Battery Charging restored after pairing. 90-day warranty. Australian stock."
Samsung,Galaxy A55 5G,Battery,Standard,79,90 Days,In Stock,"DIY Galaxy A55 5G battery replacement kit with quality lithium-ion cell matching original mAh capacity. Restores full-day battery life. Includes pentalobe screwdriver, suction cup, spudger, adhesive strips, and QR step-by-step video guide. 90-day warranty. Same-day dispatch from Newcastle Australia."
Samsung,Galaxy A55 5G,Battery,Diagnosable,129,90 Days,In Stock,"DIY Galaxy A55 5G diagnosable battery replacement kit — embedded serial chip pairs with Apple System Configuration to restore Battery Health percentage in Settings. Quality cell matching original capacity. Includes all precision tools, adhesive, QR video guide. Optimised Battery Charging restored after pairing. 90-day warranty. Australian stock."
Samsung,Galaxy A56 5G,Battery,Standard,79,90 Days,In Stock,"DIY Galaxy A56 5G battery replacement kit with quality lithium-ion cell matching original mAh capacity. Restores full-day battery life. Includes pentalobe screwdriver, suction cup, spudger, adhesive strips, and QR step-by-step video guide. 90-day warranty. Same-day dispatch from Newcastle Australia."
Samsung,Galaxy A56 5G,Battery,Diagnosable,129,90 Days,In Stock,"DIY Galaxy A56 5G diagnosable battery replacement kit — embedded serial chip pairs with Apple System Configuration to restore Battery Health percentage in Settings. Quality cell matching original capacity. Includes all precision tools, adhesive, QR video guide. Optimised Battery Charging restored after pairing. 90-day warranty. Australian stock."
Samsung,Galaxy A57 5G,Battery,Standard,79,90 Days,In Stock,"DIY Galaxy A57 5G battery replacement kit with quality lithium-ion cell matching original mAh capacity. Restores full-day battery life. Includes pentalobe screwdriver, suction cup, spudger, adhesive strips, and QR step-by-step video guide. 90-day warranty. Same-day dispatch from Newcastle Australia."
Samsung,Galaxy A57 5G,Battery,Diagnosable,129,90 Days,In Stock,"DIY Galaxy A57 5G diagnosable battery replacement kit — embedded serial chip pairs with Apple System Configuration to restore Battery Health percentage in Settings. Quality cell matching original capacity. Includes all precision tools, adhesive, QR video guide. Optimised Battery Charging restored after pairing. 90-day warranty. Australian stock."
Samsung,Galaxy A70,Battery,Standard,79,90 Days,In Stock,"DIY Galaxy A70 battery replacement kit with quality lithium-ion cell matching original mAh capacity. Restores full-day battery life. Includes pentalobe screwdriver, suction cup, spudger, adhesive strips, and QR step-by-step video guide. 90-day warranty. Same-day dispatch from Newcastle Australia."
Samsung,Galaxy A70,Battery,Diagnosable,129,90 Days,In Stock,"DIY Galaxy A70 diagnosable battery replacement kit — embedded serial chip pairs with Apple System Configuration to restore Battery Health percentage in Settings. Quality cell matching original capacity. Includes all precision tools, adhesive, QR video guide. Optimised Battery Charging restored after pairing. 90-day warranty. Australian stock."
Samsung,Galaxy A71,Battery,Standard,79,90 Days,In Stock,"DIY Galaxy A71 battery replacement kit with quality lithium-ion cell matching original mAh capacity. Restores full-day battery life. Includes pentalobe screwdriver, suction cup, spudger, adhesive strips, and QR step-by-step video guide. 90-day warranty. Same-day dispatch from Newcastle Australia."
Samsung,Galaxy A71,Battery,Diagnosable,129,90 Days,In Stock,"DIY Galaxy A71 diagnosable battery replacement kit — embedded serial chip pairs with Apple System Configuration to restore Battery Health percentage in Settings. Quality cell matching original capacity. Includes all precision tools, adhesive, QR video guide. Optimised Battery Charging restored after pairing. 90-day warranty. Australian stock."
Samsung,Galaxy A72 5G,Battery,Standard,79,90 Days,In Stock,"DIY Galaxy A72 5G battery replacement kit with quality lithium-ion cell matching original mAh capacity. Restores full-day battery life. Includes pentalobe screwdriver, suction cup, spudger, adhesive strips, and QR step-by-step video guide. 90-day warranty. Same-day dispatch from Newcastle Australia."
Samsung,Galaxy A72 5G,Battery,Diagnosable,129,90 Days,In Stock,"DIY Galaxy A72 5G diagnosable battery replacement kit — embedded serial chip pairs with Apple System Configuration to restore Battery Health percentage in Settings. Quality cell matching original capacity. Includes all precision tools, adhesive, QR video guide. Optimised Battery Charging restored after pairing. 90-day warranty. Australian stock."
Samsung,Galaxy A73 5G,Battery,Standard,79,90 Days,In Stock,"DIY Galaxy A73 5G battery replacement kit with quality lithium-ion cell matching original mAh capacity. Restores full-day battery life. Includes pentalobe screwdriver, suction cup, spudger, adhesive strips, and QR step-by-step video guide. 90-day warranty. Same-day dispatch from Newcastle Australia."
Samsung,Galaxy A73 5G,Battery,Diagnosable,129,90 Days,In Stock,"DIY Galaxy A73 5G diagnosable battery replacement kit — embedded serial chip pairs with Apple System Configuration to restore Battery Health percentage in Settings. Quality cell matching original capacity. Includes all precision tools, adhesive, QR video guide. Optimised Battery Charging restored after pairing. 90-day warranty. Australian stock."
Samsung,Galaxy A74 5G,Battery,Standard,79,90 Days,In Stock,"DIY Galaxy A74 5G battery replacement kit with quality lithium-ion cell matching original mAh capacity. Restores full-day battery life. Includes pentalobe screwdriver, suction cup, spudger, adhesive strips, and QR step-by-step video guide. 90-day warranty. Same-day dispatch from Newcastle Australia."
Samsung,Galaxy A74 5G,Battery,Diagnosable,129,90 Days,In Stock,"DIY Galaxy A74 5G diagnosable battery replacement kit — embedded serial chip pairs with Apple System Configuration to restore Battery Health percentage in Settings. Quality cell matching original capacity. Includes all precision tools, adhesive, QR video guide. Optimised Battery Charging restored after pairing. 90-day warranty. Australian stock."
OPPO,OPPO A17,Screen,Budget INCELL LCD,99,90 Days,In Stock,"DIY OPPO A17 screen replacement kit with INCELL LCD display. Includes precision pentalobe & tri-point screwdrivers, suction cup, ESD-safe spudgers, pre-cut adhesive strips, and QR-linked step-by-step video guide. 90-day warranty. Ships same day from Newcastle Australia."
OPPO,OPPO A18,Screen,Budget INCELL LCD,99,90 Days,In Stock,"DIY OPPO A18 screen replacement kit with INCELL LCD display. Includes precision pentalobe & tri-point screwdrivers, suction cup, ESD-safe spudgers, pre-cut adhesive strips, and QR-linked step-by-step video guide. 90-day warranty. Ships same day from Newcastle Australia."
OPPO,OPPO A38,Screen,Budget INCELL LCD,99,90 Days,In Stock,"DIY OPPO A38 screen replacement kit with INCELL LCD display. Includes precision pentalobe & tri-point screwdrivers, suction cup, ESD-safe spudgers, pre-cut adhesive strips, and QR-linked step-by-step video guide. 90-day warranty. Ships same day from Newcastle Australia."
OPPO,OPPO A40,Screen,Budget INCELL LCD,99,90 Days,In Stock,"DIY OPPO A40 screen replacement kit with INCELL LCD display. Includes precision pentalobe & tri-point screwdrivers, suction cup, ESD-safe spudgers, pre-cut adhesive strips, and QR-linked step-by-step video guide. 90-day warranty. Ships same day from Newcastle Australia."
OPPO,OPPO A53s,Screen,Budget INCELL LCD,99,90 Days,In Stock,"DIY OPPO A53s screen replacement kit with INCELL LCD display. Includes precision pentalobe & tri-point screwdrivers, suction cup, ESD-safe spudgers, pre-cut adhesive strips, and QR-linked step-by-step video guide. 90-day warranty. Ships same day from Newcastle Australia."
OPPO,OPPO A54,Screen,Budget INCELL LCD,99,90 Days,In Stock,"DIY OPPO A54 screen replacement kit with INCELL LCD display. Includes precision pentalobe & tri-point screwdrivers, suction cup, ESD-safe spudgers, pre-cut adhesive strips, and QR-linked step-by-step video guide. 90-day warranty. Ships same day from Newcastle Australia."
OPPO,OPPO A57,Screen,Budget INCELL LCD,99,90 Days,In Stock,"DIY OPPO A57 screen replacement kit with INCELL LCD display. Includes precision pentalobe & tri-point screwdrivers, suction cup, ESD-safe spudgers, pre-cut adhesive strips, and QR-linked step-by-step video guide. 90-day warranty. Ships same day from Newcastle Australia."
OPPO,OPPO A58,Screen,Budget INCELL LCD,99,90 Days,In Stock,"DIY OPPO A58 screen replacement kit with INCELL LCD display. Includes precision pentalobe & tri-point screwdrivers, suction cup, ESD-safe spudgers, pre-cut adhesive strips, and QR-linked step-by-step video guide. 90-day warranty. Ships same day from Newcastle Australia."
OPPO,OPPO A60,Screen,Budget INCELL LCD,99,90 Days,In Stock,"DIY OPPO A60 screen replacement kit with INCELL LCD display. Includes precision pentalobe & tri-point screwdrivers, suction cup, ESD-safe spudgers, pre-cut adhesive strips, and QR-linked step-by-step video guide. 90-day warranty. Ships same day from Newcastle Australia."
OPPO,OPPO A77,Screen,Budget INCELL LCD,99,90 Days,In Stock,"DIY OPPO A77 screen replacement kit with INCELL LCD display. Includes precision pentalobe & tri-point screwdrivers, suction cup, ESD-safe spudgers, pre-cut adhesive strips, and QR-linked step-by-step video guide. 90-day warranty. Ships same day from Newcastle Australia."
OPPO,OPPO A78,Screen,Budget INCELL LCD,99,90 Days,In Stock,"DIY OPPO A78 screen replacement kit with INCELL LCD display. Includes precision pentalobe & tri-point screwdrivers, suction cup, ESD-safe spudgers, pre-cut adhesive strips, and QR-linked step-by-step video guide. 90-day warranty. Ships same day from Newcastle Australia."
OPPO,OPPO A79,Screen,Budget INCELL LCD,99,90 Days,In Stock,"DIY OPPO A79 screen replacement kit with INCELL LCD display. Includes precision pentalobe & tri-point screwdrivers, suction cup, ESD-safe spudgers, pre-cut adhesive strips, and QR-linked step-by-step video guide. 90-day warranty. Ships same day from Newcastle Australia."
OPPO,OPPO A80,Screen,Budget INCELL LCD,99,90 Days,In Stock,"DIY OPPO A80 screen replacement kit with INCELL LCD display. Includes precision pentalobe & tri-point screwdrivers, suction cup, ESD-safe spudgers, pre-cut adhesive strips, and QR-linked step-by-step video guide. 90-day warranty. Ships same day from Newcastle Australia."
OPPO,OPPO A94,Screen,Budget INCELL LCD,99,90 Days,In Stock,"DIY OPPO A94 screen replacement kit with INCELL LCD display. Includes precision pentalobe & tri-point screwdrivers, suction cup, ESD-safe spudgers, pre-cut adhesive strips, and QR-linked step-by-step video guide. 90-day warranty. Ships same day from Newcastle Australia."
OPPO,OPPO A96,Screen,Budget INCELL LCD,99,90 Days,In Stock,"DIY OPPO A96 screen replacement kit with INCELL LCD display. Includes precision pentalobe & tri-point screwdrivers, suction cup, ESD-safe spudgers, pre-cut adhesive strips, and QR-linked step-by-step video guide. 90-day warranty. Ships same day from Newcastle Australia."
OPPO,OPPO A98,Screen,Budget INCELL LCD,99,90 Days,In Stock,"DIY OPPO A98 screen replacement kit with INCELL LCD display. Includes precision pentalobe & tri-point screwdrivers, suction cup, ESD-safe spudgers, pre-cut adhesive strips, and QR-linked step-by-step video guide. 90-day warranty. Ships same day from Newcastle Australia."
OPPO,OPPO A3,Screen,Budget INCELL LCD,99,90 Days,In Stock,"DIY OPPO A3 screen replacement kit with INCELL LCD display. Includes precision pentalobe & tri-point screwdrivers, suction cup, ESD-safe spudgers, pre-cut adhesive strips, and QR-linked step-by-step video guide. 90-day warranty. Ships same day from Newcastle Australia."
OPPO,OPPO A5 Pro,Screen,Budget INCELL LCD,99,90 Days,In Stock,"DIY OPPO A5 Pro screen replacement kit with INCELL LCD display. Includes precision pentalobe & tri-point screwdrivers, suction cup, ESD-safe spudgers, pre-cut adhesive strips, and QR-linked step-by-step video guide. 90-day warranty. Ships same day from Newcastle Australia."
OPPO,OPPO A17,Battery,Standard,79,90 Days,In Stock,"DIY OPPO A17 battery replacement kit with quality lithium-ion cell matching original mAh capacity. Restores full-day battery life. Includes pentalobe screwdriver, suction cup, spudger, adhesive strips, and QR step-by-step video guide. 90-day warranty. Same-day dispatch from Newcastle Australia."
OPPO,OPPO A18,Battery,Standard,79,90 Days,In Stock,"DIY OPPO A18 battery replacement kit with quality lithium-ion cell matching original mAh capacity. Restores full-day battery life. Includes pentalobe screwdriver, suction cup, spudger, adhesive strips, and QR step-by-step video guide. 90-day warranty. Same-day dispatch from Newcastle Australia."
OPPO,OPPO A38,Battery,Standard,79,90 Days,In Stock,"DIY OPPO A38 battery replacement kit with quality lithium-ion cell matching original mAh capacity. Restores full-day battery life. Includes pentalobe screwdriver, suction cup, spudger, adhesive strips, and QR step-by-step video guide. 90-day warranty. Same-day dispatch from Newcastle Australia."
OPPO,OPPO A40,Battery,Standard,79,90 Days,In Stock,"DIY OPPO A40 battery replacement kit with quality lithium-ion cell matching original mAh capacity. Restores full-day battery life. Includes pentalobe screwdriver, suction cup, spudger, adhesive strips, and QR step-by-step video guide. 90-day warranty. Same-day dispatch from Newcastle Australia."
OPPO,OPPO A53s,Battery,Standard,79,90 Days,In Stock,"DIY OPPO A53s battery replacement kit with quality lithium-ion cell matching original mAh capacity. Restores full-day battery life. Includes pentalobe screwdriver, suction cup, spudger, adhesive strips, and QR step-by-step video guide. 90-day warranty. Same-day dispatch from Newcastle Australia."
OPPO,OPPO A54,Battery,Standard,79,90 Days,In Stock,"DIY OPPO A54 battery replacement kit with quality lithium-ion cell matching original mAh capacity. Restores full-day battery life. Includes pentalobe screwdriver, suction cup, spudger, adhesive strips, and QR step-by-step video guide. 90-day warranty. Same-day dispatch from Newcastle Australia."
OPPO,OPPO A57,Battery,Standard,79,90 Days,In Stock,"DIY OPPO A57 battery replacement kit with quality lithium-ion cell matching original mAh capacity. Restores full-day battery life. Includes pentalobe screwdriver, suction cup, spudger, adhesive strips, and QR step-by-step video guide. 90-day warranty. Same-day dispatch from Newcastle Australia."
OPPO,OPPO A58,Battery,Standard,79,90 Days,In Stock,"DIY OPPO A58 battery replacement kit with quality lithium-ion cell matching original mAh capacity. Restores full-day battery life. Includes pentalobe screwdriver, suction cup, spudger, adhesive strips, and QR step-by-step video guide. 90-day warranty. Same-day dispatch from Newcastle Australia."
OPPO,OPPO A60,Battery,Standard,79,90 Days,In Stock,"DIY OPPO A60 battery replacement kit with quality lithium-ion cell matching original mAh capacity. Restores full-day battery life. Includes pentalobe screwdriver, suction cup, spudger, adhesive strips, and QR step-by-step video guide. 90-day warranty. Same-day dispatch from Newcastle Australia."
OPPO,OPPO A77,Battery,Standard,79,90 Days,In Stock,"DIY OPPO A77 battery replacement kit with quality lithium-ion cell matching original mAh capacity. Restores full-day battery life. Includes pentalobe screwdriver, suction cup, spudger, adhesive strips, and QR step-by-step video guide. 90-day warranty. Same-day dispatch from Newcastle Australia."
OPPO,OPPO A78,Battery,Standard,79,90 Days,In Stock,"DIY OPPO A78 battery replacement kit with quality lithium-ion cell matching original mAh capacity. Restores full-day battery life. Includes pentalobe screwdriver, suction cup, spudger, adhesive strips, and QR step-by-step video guide. 90-day warranty. Same-day dispatch from Newcastle Australia."
OPPO,OPPO A79,Battery,Standard,79,90 Days,In Stock,"DIY OPPO A79 battery replacement kit with quality lithium-ion cell matching original mAh capacity. Restores full-day battery life. Includes pentalobe screwdriver, suction cup, spudger, adhesive strips, and QR step-by-step video guide. 90-day warranty. Same-day dispatch from Newcastle Australia."
OPPO,OPPO A80,Battery,Standard,79,90 Days,In Stock,"DIY OPPO A80 battery replacement kit with quality lithium-ion cell matching original mAh capacity. Restores full-day battery life. Includes pentalobe screwdriver, suction cup, spudger, adhesive strips, and QR step-by-step video guide. 90-day warranty. Same-day dispatch from Newcastle Australia."
OPPO,OPPO A94,Battery,Standard,79,90 Days,In Stock,"DIY OPPO A94 battery replacement kit with quality lithium-ion cell matching original mAh capacity. Restores full-day battery life. Includes pentalobe screwdriver, suction cup, spudger, adhesive strips, and QR step-by-step video guide. 90-day warranty. Same-day dispatch from Newcastle Australia."
OPPO,OPPO A96,Battery,Standard,79,90 Days,In Stock,"DIY OPPO A96 battery replacement kit with quality lithium-ion cell matching original mAh capacity. Restores full-day battery life. Includes pentalobe screwdriver, suction cup, spudger, adhesive strips, and QR step-by-step video guide. 90-day warranty. Same-day dispatch from Newcastle Australia."
OPPO,OPPO A98,Battery,Standard,79,90 Days,In Stock,"DIY OPPO A98 battery replacement kit with quality lithium-ion cell matching original mAh capacity. Restores full-day battery life. Includes pentalobe screwdriver, suction cup, spudger, adhesive strips, and QR step-by-step video guide. 90-day warranty. Same-day dispatch from Newcastle Australia."
OPPO,OPPO A3,Battery,Standard,79,90 Days,In Stock,"DIY OPPO A3 battery replacement kit with quality lithium-ion cell matching original mAh capacity. Restores full-day battery life. Includes pentalobe screwdriver, suction cup, spudger, adhesive strips, and QR step-by-step video guide. 90-day warranty. Same-day dispatch from Newcastle Australia."
OPPO,OPPO A5 Pro,Battery,Standard,79,90 Days,In Stock,"DIY OPPO A5 Pro battery replacement kit with quality lithium-ion cell matching original mAh capacity. Restores full-day battery life. Includes pentalobe screwdriver, suction cup, spudger, adhesive strips, and QR step-by-step video guide. 90-day warranty. Same-day dispatch from Newcastle Australia."
Google,Pixel 3,Screen,Elite OEM Service Pack,129,90 Days,In Stock,"DIY Pixel 3 screen replacement kit with factory-sealed OEM Service Pack display — identical to Apple/Samsung/Google original. Full True Tone, Face ID, biometric compatibility. Always diagnosable and pairable with System Configuration. Includes precision toolkit, adhesive, QR video guide. 90-day warranty. Ships from Newcastle AU."
Google,Pixel 3 XL,Screen,Elite OEM Service Pack,149,90 Days,In Stock,"DIY Pixel 3 XL screen replacement kit with factory-sealed OEM Service Pack display — identical to Apple/Samsung/Google original. Full True Tone, Face ID, biometric compatibility. Always diagnosable and pairable with System Configuration. Includes precision toolkit, adhesive, QR video guide. 90-day warranty. Ships from Newcastle AU."
Google,Pixel 3a,Screen,Elite OEM Service Pack,149,90 Days,In Stock,"DIY Pixel 3a screen replacement kit with factory-sealed OEM Service Pack display — identical to Apple/Samsung/Google original. Full True Tone, Face ID, biometric compatibility. Always diagnosable and pairable with System Configuration. Includes precision toolkit, adhesive, QR video guide. 90-day warranty. Ships from Newcastle AU."
Google,Pixel 3a XL,Screen,Elite OEM Service Pack,159,90 Days,In Stock,"DIY Pixel 3a XL screen replacement kit with factory-sealed OEM Service Pack display — identical to Apple/Samsung/Google original. Full True Tone, Face ID, biometric compatibility. Always diagnosable and pairable with System Configuration. Includes precision toolkit, adhesive, QR video guide. 90-day warranty. Ships from Newcastle AU."
Google,Pixel 4,Screen,Elite OEM Service Pack,159,90 Days,In Stock,"DIY Pixel 4 screen replacement kit with factory-sealed OEM Service Pack display — identical to Apple/Samsung/Google original. Full True Tone, Face ID, biometric compatibility. Always diagnosable and pairable with System Configuration. Includes precision toolkit, adhesive, QR video guide. 90-day warranty. Ships from Newcastle AU."
Google,Pixel 4 XL,Screen,Elite OEM Service Pack,159,90 Days,In Stock,"DIY Pixel 4 XL screen replacement kit with factory-sealed OEM Service Pack display — identical to Apple/Samsung/Google original. Full True Tone, Face ID, biometric compatibility. Always diagnosable and pairable with System Configuration. Includes precision toolkit, adhesive, QR video guide. 90-day warranty. Ships from Newcastle AU."
Google,Pixel 4a,Screen,Elite OEM Service Pack,179,90 Days,In Stock,"DIY Pixel 4a screen replacement kit with factory-sealed OEM Service Pack display — identical to Apple/Samsung/Google original. Full True Tone, Face ID, biometric compatibility. Always diagnosable and pairable with System Configuration. Includes precision toolkit, adhesive, QR video guide. 90-day warranty. Ships from Newcastle AU."
Google,Pixel 4a (5G),Screen,Elite OEM Service Pack,179,90 Days,In Stock,"DIY Pixel 4a (5G) screen replacement kit with factory-sealed OEM Service Pack display — identical to Apple/Samsung/Google original. Full True Tone, Face ID, biometric compatibility. Always diagnosable and pairable with System Configuration. Includes precision toolkit, adhesive, QR video guide. 90-day warranty. Ships from Newcastle AU."
Google,Pixel 5,Screen,Elite OEM Service Pack,199,90 Days,In Stock,"DIY Pixel 5 screen replacement kit with factory-sealed OEM Service Pack display — identical to Apple/Samsung/Google original. Full True Tone, Face ID, biometric compatibility. Always diagnosable and pairable with System Configuration. Includes precision toolkit, adhesive, QR video guide. 90-day warranty. Ships from Newcastle AU."
Google,Pixel 5a,Screen,Elite OEM Service Pack,159,90 Days,In Stock,"DIY Pixel 5a screen replacement kit with factory-sealed OEM Service Pack display — identical to Apple/Samsung/Google original. Full True Tone, Face ID, biometric compatibility. Always diagnosable and pairable with System Configuration. Includes precision toolkit, adhesive, QR video guide. 90-day warranty. Ships from Newcastle AU."
Google,Pixel 6,Screen,Elite OEM Service Pack,199,90 Days,In Stock,"DIY Pixel 6 screen replacement kit with factory-sealed OEM Service Pack display — identical to Apple/Samsung/Google original. Full True Tone, Face ID, biometric compatibility. Always diagnosable and pairable with System Configuration. Includes precision toolkit, adhesive, QR video guide. 90-day warranty. Ships from Newcastle AU."
Google,Pixel 6 Pro,Screen,Elite OEM Service Pack,229,90 Days,In Stock,"DIY Pixel 6 Pro screen replacement kit with factory-sealed OEM Service Pack display — identical to Apple/Samsung/Google original. Full True Tone, Face ID, biometric compatibility. Always diagnosable and pairable with System Configuration. Includes precision toolkit, adhesive, QR video guide. 90-day warranty. Ships from Newcastle AU."
Google,Pixel 6a,Screen,Elite OEM Service Pack,199,90 Days,In Stock,"DIY Pixel 6a screen replacement kit with factory-sealed OEM Service Pack display — identical to Apple/Samsung/Google original. Full True Tone, Face ID, biometric compatibility. Always diagnosable and pairable with System Configuration. Includes precision toolkit, adhesive, QR video guide. 90-day warranty. Ships from Newcastle AU."
Google,Pixel 7,Screen,Elite OEM Service Pack,259,90 Days,In Stock,"DIY Pixel 7 screen replacement kit with factory-sealed OEM Service Pack display — identical to Apple/Samsung/Google original. Full True Tone, Face ID, biometric compatibility. Always diagnosable and pairable with System Configuration. Includes precision toolkit, adhesive, QR video guide. 90-day warranty. Ships from Newcastle AU."
Google,Pixel 7 Pro,Screen,Elite OEM Service Pack,329,90 Days,In Stock,"DIY Pixel 7 Pro screen replacement kit with factory-sealed OEM Service Pack display — identical to Apple/Samsung/Google original. Full True Tone, Face ID, biometric compatibility. Always diagnosable and pairable with System Configuration. Includes precision toolkit, adhesive, QR video guide. 90-day warranty. Ships from Newcastle AU."
Google,Pixel 7a,Screen,Elite OEM Service Pack,259,90 Days,In Stock,"DIY Pixel 7a screen replacement kit with factory-sealed OEM Service Pack display — identical to Apple/Samsung/Google original. Full True Tone, Face ID, biometric compatibility. Always diagnosable and pairable with System Configuration. Includes precision toolkit, adhesive, QR video guide. 90-day warranty. Ships from Newcastle AU."
Google,Pixel 8,Screen,Elite OEM Service Pack,259,90 Days,In Stock,"DIY Pixel 8 screen replacement kit with factory-sealed OEM Service Pack display — identical to Apple/Samsung/Google original. Full True Tone, Face ID, biometric compatibility. Always diagnosable and pairable with System Configuration. Includes precision toolkit, adhesive, QR video guide. 90-day warranty. Ships from Newcastle AU."
Google,Pixel 8 Pro,Screen,Elite OEM Service Pack,499,90 Days,In Stock,"DIY Pixel 8 Pro screen replacement kit with factory-sealed OEM Service Pack display — identical to Apple/Samsung/Google original. Full True Tone, Face ID, biometric compatibility. Always diagnosable and pairable with System Configuration. Includes precision toolkit, adhesive, QR video guide. 90-day warranty. Ships from Newcastle AU."
Google,Pixel 8a,Screen,Elite OEM Service Pack,259,90 Days,In Stock,"DIY Pixel 8a screen replacement kit with factory-sealed OEM Service Pack display — identical to Apple/Samsung/Google original. Full True Tone, Face ID, biometric compatibility. Always diagnosable and pairable with System Configuration. Includes precision toolkit, adhesive, QR video guide. 90-day warranty. Ships from Newcastle AU."
Google,Pixel 9,Screen,Elite OEM Service Pack,269,90 Days,In Stock,"DIY Pixel 9 screen replacement kit with factory-sealed OEM Service Pack display — identical to Apple/Samsung/Google original. Full True Tone, Face ID, biometric compatibility. Always diagnosable and pairable with System Configuration. Includes precision toolkit, adhesive, QR video guide. 90-day warranty. Ships from Newcastle AU."
Google,Pixel 9 Pro,Screen,Elite OEM Service Pack,259,90 Days,In Stock,"DIY Pixel 9 Pro screen replacement kit with factory-sealed OEM Service Pack display — identical to Apple/Samsung/Google original. Full True Tone, Face ID, biometric compatibility. Always diagnosable and pairable with System Configuration. Includes precision toolkit, adhesive, QR video guide. 90-day warranty. Ships from Newcastle AU."
Google,Pixel 9 Pro XL,Screen,Elite OEM Service Pack,399,90 Days,In Stock,"DIY Pixel 9 Pro XL screen replacement kit with factory-sealed OEM Service Pack display — identical to Apple/Samsung/Google original. Full True Tone, Face ID, biometric compatibility. Always diagnosable and pairable with System Configuration. Includes precision toolkit, adhesive, QR video guide. 90-day warranty. Ships from Newcastle AU."
Google,Pixel 9 Pro Fold,Screen,Elite OEM Service Pack,699,90 Days,In Stock,"DIY Pixel 9 Pro Fold screen replacement kit with factory-sealed OEM Service Pack display — identical to Apple/Samsung/Google original. Full True Tone, Face ID, biometric compatibility. Always diagnosable and pairable with System Configuration. Includes precision toolkit, adhesive, QR video guide. 90-day warranty. Ships from Newcastle AU."
Google,Pixel 9a,Screen,Elite OEM Service Pack,259,90 Days,In Stock,"DIY Pixel 9a screen replacement kit with factory-sealed OEM Service Pack display — identical to Apple/Samsung/Google original. Full True Tone, Face ID, biometric compatibility. Always diagnosable and pairable with System Configuration. Includes precision toolkit, adhesive, QR video guide. 90-day warranty. Ships from Newcastle AU."
Google,Pixel 10,Screen,Elite OEM Service Pack,269,90 Days,In Stock,"DIY Pixel 10 screen replacement kit with factory-sealed OEM Service Pack display — identical to Apple/Samsung/Google original. Full True Tone, Face ID, biometric compatibility. Always diagnosable and pairable with System Configuration. Includes precision toolkit, adhesive, QR video guide. 90-day warranty. Ships from Newcastle AU."
Google,Pixel 10 Pro,Screen,Elite OEM Service Pack,359,90 Days,In Stock,"DIY Pixel 10 Pro screen replacement kit with factory-sealed OEM Service Pack display — identical to Apple/Samsung/Google original. Full True Tone, Face ID, biometric compatibility. Always diagnosable and pairable with System Configuration. Includes precision toolkit, adhesive, QR video guide. 90-day warranty. Ships from Newcastle AU."
Google,Pixel 10 Pro XL,Screen,Elite OEM Service Pack,329,90 Days,In Stock,"DIY Pixel 10 Pro XL screen replacement kit with factory-sealed OEM Service Pack display — identical to Apple/Samsung/Google original. Full True Tone, Face ID, biometric compatibility. Always diagnosable and pairable with System Configuration. Includes precision toolkit, adhesive, QR video guide. 90-day warranty. Ships from Newcastle AU."
Google,Pixel 10 Pro Fold,Screen,Elite OEM Service Pack,899,90 Days,In Stock,"DIY Pixel 10 Pro Fold screen replacement kit with factory-sealed OEM Service Pack display — identical to Apple/Samsung/Google original. Full True Tone, Face ID, biometric compatibility. Always diagnosable and pairable with System Configuration. Includes precision toolkit, adhesive, QR video guide. 90-day warranty. Ships from Newcastle AU."
Google,Pixel 10a,Screen,Elite OEM Service Pack,259,90 Days,In Stock,"DIY Pixel 10a screen replacement kit with factory-sealed OEM Service Pack display — identical to Apple/Samsung/Google original. Full True Tone, Face ID, biometric compatibility. Always diagnosable and pairable with System Configuration. Includes precision toolkit, adhesive, QR video guide. 90-day warranty. Ships from Newcastle AU."
Accessories,iQuick Braided USB-C (1M),Cable,Pro,49,90 Days,,High-speed charging.
Accessories,Anker 322 Lightning (6ft),Cable,Pro,35,90 Days,,Durable braided.
Accessories,iQuick GaN II 30W,Charger,Pro,49,90 Days,,PD3.0 Adapter.
Accessories,iQuick GaN II 45W,Charger,Pro,69,90 Days,,Dual USB-C.
Accessories,Galaxy S26 Ultra Glass,Protection,Elite,29,90 Days,,Kinglas 3D.
Accessories,Relife RL-728B Set,Tools,Elite,79,90 Days,,Pro Screwdrivers.
Accessories,Metal Opening Tool,Tools,Pro,9,90 Days,,Durable steel.
Accessories,PCB Cleaning Liquid,Cleaning,Pro,49,90 Days,,Technician Grade.
Accessories,Anti-Static Brush,Cleaning,Pro,9,90 Days,,Protects internals.
