id,title,description,price,image_link,brand,google_product_category,link,condition,availability
ACC-CBL-1M,iQuick Braided USB-C (1M),High-speed charging.,49.00 AUD,https://sc04.alicdn.com/kf/A4c982a552d694cb6bcf06793a9215eb3u.webp,SelfRepairKit,Electronics > Communications > Telephony > Mobile Phone Accessories,https://selfrepairkit.com.au/shop.html?category=accessories,new,in_stock
ACC-CBL-6FT,Anker 322 Lightning (6ft),Durable braided.,35.00 AUD,https://sc04.alicdn.com/kf/A4c982a552d694cb6bcf06793a9215eb3u.webp,SelfRepairKit,Electronics > Communications > Telephony > Mobile Phone Accessories,https://selfrepairkit.com.au/shop.html?category=accessories,new,in_stock
ACC-CHG-30W,iQuick GaN II 30W,PD3.0 Adapter.,49.00 AUD,https://sc04.alicdn.com/kf/A4c982a552d694cb6bcf06793a9215eb3u.webp,SelfRepairKit,Electronics > Communications > Telephony > Mobile Phone Accessories,https://selfrepairkit.com.au/shop.html?category=accessories,new,in_stock
ACC-CHG-45W,iQuick GaN II 45W,Dual USB-C.,69.00 AUD,https://sc04.alicdn.com/kf/A4c982a552d694cb6bcf06793a9215eb3u.webp,SelfRepairKit,Electronics > Communications > Telephony > Mobile Phone Accessories,https://selfrepairkit.com.au/shop.html?category=accessories,new,in_stock
ACC-GLS-S26U,Galaxy S26 Ultra Glass,Kinglas 3D.,29.00 AUD,https://sc04.alicdn.com/kf/A4c982a552d694cb6bcf06793a9215eb3u.webp,SelfRepairKit,Electronics > Communications > Telephony > Mobile Phone Accessories,https://selfrepairkit.com.au/shop.html?category=accessories,new,in_stock
ACC-TOOL-728B,Relife RL-728B Set,Pro Screwdrivers.,79.00 AUD,https://sc04.alicdn.com/kf/A4c982a552d694cb6bcf06793a9215eb3u.webp,SelfRepairKit,Electronics > Communications > Telephony > Mobile Phone Accessories,https://selfrepairkit.com.au/shop.html?category=accessories,new,in_stock
ACC-TOOL-METAL,Metal Opening Tool,Durable steel.,9.00 AUD,https://sc04.alicdn.com/kf/A4c982a552d694cb6bcf06793a9215eb3u.webp,SelfRepairKit,Electronics > Communications > Telephony > Mobile Phone Accessories,https://selfrepairkit.com.au/shop.html?category=accessories,new,in_stock
ACC-CLN-S880,PCB Cleaning Liquid,Technician Grade.,49.00 AUD,https://sc04.alicdn.com/kf/A4c982a552d694cb6bcf06793a9215eb3u.webp,SelfRepairKit,Electronics > Communications > Telephony > Mobile Phone Accessories,https://selfrepairkit.com.au/shop.html?category=accessories,new,in_stock
ACC-CLN-BRUSH,Anti-Static Brush,Protects internals.,9.00 AUD,https://sc04.alicdn.com/kf/A4c982a552d694cb6bcf06793a9215eb3u.webp,SelfRepairKit,Electronics > Communications > Telephony > Mobile Phone Accessories,https://selfrepairkit.com.au/shop.html?category=accessories,new,in_stock
SRK-APP-iPhone7-SCR-INCELL,iPhone 7 Screen Kit,"DIY iPhone 7 screen replacement kit with INCELL LCD display. Includes precision pentalobe & tri-point screwdrivers, suction cup, ESD-safe spudgers, pre-cut adhesive strips, and QR-linked step-by-step video guide. 90-day warranty. Ships same day from Newcastle Australia.",89.00 AUD,https://sc04.alicdn.com/kf/A4698a6c841b14cec8f1ce6fa878c0e0eN.png,Apple,Electronics > Communications > Telephony > Mobile Phone Accessories,https://selfrepairkit.com.au/shop.html?model=iphone-7,new,in_stock
SRK-APP-iPhone7-SCR-OLED,iPhone 7 Screen Kit,"DIY iPhone 7 screen replacement kit with aftermarket Soft OLED display — vivid colours, true blacks, flush fit with phone frame. Preserves Samsung fingerprint sensor. Includes all precision tools, adhesive, and QR video repair guide. Diagnosable on most models. 90-day warranty. Australian stock, same-day dispatch.",120.00 AUD,https://sc04.alicdn.com/kf/A4698a6c841b14cec8f1ce6fa878c0e0eN.png,Apple,Electronics > Communications > Telephony > Mobile Phone Accessories,https://selfrepairkit.com.au/shop.html?model=iphone-7,new,in_stock
SRK-APP-iPhone7-SCR-OEM,iPhone 7 Screen Kit,"DIY iPhone 7 screen replacement kit with factory-sealed OEM Service Pack display — identical to Apple/Samsung/Google original. Full True Tone, Face ID, biometric compatibility. Always diagnosable and pairable with System Configuration. Includes precision toolkit, adhesive, QR video guide. 90-day warranty. Ships from Newcastle AU.",159.00 AUD,https://sc04.alicdn.com/kf/A4698a6c841b14cec8f1ce6fa878c0e0eN.png,Apple,Electronics > Communications > Telephony > Mobile Phone Accessories,https://selfrepairkit.com.au/shop.html?model=iphone-7,new,in_stock
SRK-APP-iPhone7-BAT-STD,iPhone 7 Battery Kit,"DIY iPhone 7 battery replacement kit with quality lithium-ion cell matching original mAh capacity. Restores full-day battery life. Includes pentalobe screwdriver, suction cup, spudger, adhesive strips, and QR step-by-step video guide. 90-day warranty. Same-day dispatch from Newcastle Australia.",69.00 AUD,https://sc04.alicdn.com/kf/A4698a6c841b14cec8f1ce6fa878c0e0eN.png,Apple,Electronics > Communications > Telephony > Mobile Phone Accessories,https://selfrepairkit.com.au/shop.html?model=iphone-7,new,in_stock
SRK-APP-iPhone8-SCR-INCELL,iPhone 8 Screen Kit,"DIY iPhone 8 screen replacement kit with INCELL LCD display. Includes precision pentalobe & tri-point screwdrivers, suction cup, ESD-safe spudgers, pre-cut adhesive strips, and QR-linked step-by-step video guide. 90-day warranty. Ships same day from Newcastle Australia.",89.00 AUD,https://sc04.alicdn.com/kf/A4698a6c841b14cec8f1ce6fa878c0e0eN.png,Apple,Electronics > Communications > Telephony > Mobile Phone Accessories,https://selfrepairkit.com.au/shop.html?model=iphone-8,new,in_stock
SRK-APP-iPhone8-SCR-OLED,iPhone 8 Screen Kit,"DIY iPhone 8 screen replacement kit with aftermarket Soft OLED display — vivid colours, true blacks, flush fit with phone frame. Preserves Samsung fingerprint sensor. Includes all precision tools, adhesive, and QR video repair guide. Diagnosable on most models. 90-day warranty. Australian stock, same-day dispatch.",120.00 AUD,https://sc04.alicdn.com/kf/A4698a6c841b14cec8f1ce6fa878c0e0eN.png,Apple,Electronics > Communications > Telephony > Mobile Phone Accessories,https://selfrepairkit.com.au/shop.html?model=iphone-8,new,in_stock
SRK-APP-iPhone8-SCR-OEM,iPhone 8 Screen Kit,"DIY iPhone 8 screen replacement kit with factory-sealed OEM Service Pack display — identical to Apple/Samsung/Google original. Full True Tone, Face ID, biometric compatibility. Always diagnosable and pairable with System Configuration. Includes precision toolkit, adhesive, QR video guide. 90-day warranty. Ships from Newcastle AU.",159.00 AUD,https://sc04.alicdn.com/kf/A4698a6c841b14cec8f1ce6fa878c0e0eN.png,Apple,Electronics > Communications > Telephony > Mobile Phone Accessories,https://selfrepairkit.com.au/shop.html?model=iphone-8,new,in_stock
SRK-APP-iPhone8-BAT-STD,iPhone 8 Battery Kit,"DIY iPhone 8 battery replacement kit with quality lithium-ion cell matching original mAh capacity. Restores full-day battery life. Includes pentalobe screwdriver, suction cup, spudger, adhesive strips, and QR step-by-step video guide. 90-day warranty. Same-day dispatch from Newcastle Australia.",69.00 AUD,https://sc04.alicdn.com/kf/A4698a6c841b14cec8f1ce6fa878c0e0eN.png,Apple,Electronics > Communications > Telephony > Mobile Phone Accessories,https://selfrepairkit.com.au/shop.html?model=iphone-8,new,in_stock
SRK-APP-iPhone8Plus-SCR-INCELL,iPhone 8 Plus Screen Kit,"DIY iPhone 8 Plus screen replacement kit with INCELL LCD display. Includes precision pentalobe & tri-point screwdrivers, suction cup, ESD-safe spudgers, pre-cut adhesive strips, and QR-linked step-by-step video guide. 90-day warranty. Ships same day from Newcastle Australia.",89.00 AUD,https://sc04.alicdn.com/kf/A4698a6c841b14cec8f1ce6fa878c0e0eN.png,Apple,Electronics > Communications > Telephony > Mobile Phone Accessories,https://selfrepairkit.com.au/shop.html?model=iphone-8-plus,new,in_stock
SRK-APP-iPhone8Plus-SCR-OLED,iPhone 8 Plus Screen Kit,"DIY iPhone 8 Plus screen replacement kit with aftermarket Soft OLED display — vivid colours, true blacks, flush fit with phone frame. Preserves Samsung fingerprint sensor. Includes all precision tools, adhesive, and QR video repair guide. Diagnosable on most models. 90-day warranty. Australian stock, same-day dispatch.",120.00 AUD,https://sc04.alicdn.com/kf/A4698a6c841b14cec8f1ce6fa878c0e0eN.png,Apple,Electronics > Communications > Telephony > Mobile Phone Accessories,https://selfrepairkit.com.au/shop.html?model=iphone-8-plus,new,in_stock
SRK-APP-iPhone8Plus-SCR-OEM,iPhone 8 Plus Screen Kit,"DIY iPhone 8 Plus screen replacement kit with factory-sealed OEM Service Pack display — identical to Apple/Samsung/Google original. Full True Tone, Face ID, biometric compatibility. Always diagnosable and pairable with System Configuration. Includes precision toolkit, adhesive, QR video guide. 90-day warranty. Ships from Newcastle AU.",159.00 AUD,https://sc04.alicdn.com/kf/A4698a6c841b14cec8f1ce6fa878c0e0eN.png,Apple,Electronics > Communications > Telephony > Mobile Phone Accessories,https://selfrepairkit.com.au/shop.html?model=iphone-8-plus,new,in_stock
SRK-APP-iPhone8Plus-BAT-STD,iPhone 8 Plus Battery Kit,"DIY iPhone 8 Plus battery replacement kit with quality lithium-ion cell matching original mAh capacity. Restores full-day battery life. Includes pentalobe screwdriver, suction cup, spudger, adhesive strips, and QR step-by-step video guide. 90-day warranty. Same-day dispatch from Newcastle Australia.",69.00 AUD,https://sc04.alicdn.com/kf/A4698a6c841b14cec8f1ce6fa878c0e0eN.png,Apple,Electronics > Communications > Telephony > Mobile Phone Accessories,https://selfrepairkit.com.au/shop.html?model=iphone-8-plus,new,in_stock
SRK-APP-iPhoneSE2020-SCR-INCELL,iPhone SE 2020 Screen Kit,"DIY iPhone SE 2020 screen replacement kit with INCELL LCD display. Includes precision pentalobe & tri-point screwdrivers, suction cup, ESD-safe spudgers, pre-cut adhesive strips, and QR-linked step-by-step video guide. 90-day warranty. Ships same day from Newcastle Australia.",89.00 AUD,https://sc04.alicdn.com/kf/A4698a6c841b14cec8f1ce6fa878c0e0eN.png,Apple,Electronics > Communications > Telephony > Mobile Phone Accessories,https://selfrepairkit.com.au/shop.html?model=iphone-se-2020,new,in_stock
SRK-APP-iPhoneSE2020-SCR-OLED,iPhone SE 2020 Screen Kit,"DIY iPhone SE 2020 screen replacement kit with aftermarket Soft OLED display — vivid colours, true blacks, flush fit with phone frame. Preserves Samsung fingerprint sensor. Includes all precision tools, adhesive, and QR video repair guide. Diagnosable on most models. 90-day warranty. Australian stock, same-day dispatch.",120.00 AUD,https://sc04.alicdn.com/kf/A4698a6c841b14cec8f1ce6fa878c0e0eN.png,Apple,Electronics > Communications > Telephony > Mobile Phone Accessories,https://selfrepairkit.com.au/shop.html?model=iphone-se-2020,new,in_stock
SRK-APP-iPhoneSE2020-SCR-OEM,iPhone SE 2020 Screen Kit,"DIY iPhone SE 2020 screen replacement kit with factory-sealed OEM Service Pack display — identical to Apple/Samsung/Google original. Full True Tone, Face ID, biometric compatibility. Always diagnosable and pairable with System Configuration. Includes precision toolkit, adhesive, QR video guide. 90-day warranty. Ships from Newcastle AU.",159.00 AUD,https://sc04.alicdn.com/kf/A4698a6c841b14cec8f1ce6fa878c0e0eN.png,Apple,Electronics > Communications > Telephony > Mobile Phone Accessories,https://selfrepairkit.com.au/shop.html?model=iphone-se-2020,new,in_stock
SRK-APP-iPhoneSE2020-BAT-STD,iPhone SE 2020 Battery Kit,"DIY iPhone SE 2020 battery replacement kit with quality lithium-ion cell matching original mAh capacity. Restores full-day battery life. Includes pentalobe screwdriver, suction cup, spudger, adhesive strips, and QR step-by-step video guide. 90-day warranty. Same-day dispatch from Newcastle Australia.",69.00 AUD,https://sc04.alicdn.com/kf/A4698a6c841b14cec8f1ce6fa878c0e0eN.png,Apple,Electronics > Communications > Telephony > Mobile Phone Accessories,https://selfrepairkit.com.au/shop.html?model=iphone-se-2020,new,in_stock
SRK-APP-iPhoneSE2022-SCR-INCELL,iPhone SE 2022 Screen Kit,"DIY iPhone SE 2022 screen replacement kit with INCELL LCD display. Includes precision pentalobe & tri-point screwdrivers, suction cup, ESD-safe spudgers, pre-cut adhesive strips, and QR-linked step-by-step video guide. 90-day warranty. Ships same day from Newcastle Australia.",89.00 AUD,https://sc04.alicdn.com/kf/A4698a6c841b14cec8f1ce6fa878c0e0eN.png,Apple,Electronics > Communications > Telephony > Mobile Phone Accessories,https://selfrepairkit.com.au/shop.html?model=iphone-se-2022,new,in_stock
SRK-APP-iPhoneSE2022-SCR-OLED,iPhone SE 2022 Screen Kit,"DIY iPhone SE 2022 screen replacement kit with aftermarket Soft OLED display — vivid colours, true blacks, flush fit with phone frame. Preserves Samsung fingerprint sensor. Includes all precision tools, adhesive, and QR video repair guide. Diagnosable on most models. 90-day warranty. Australian stock, same-day dispatch.",120.00 AUD,https://sc04.alicdn.com/kf/A4698a6c841b14cec8f1ce6fa878c0e0eN.png,Apple,Electronics > Communications > Telephony > Mobile Phone Accessories,https://selfrepairkit.com.au/shop.html?model=iphone-se-2022,new,in_stock
SRK-APP-iPhoneSE2022-SCR-OEM,iPhone SE 2022 Screen Kit,"DIY iPhone SE 2022 screen replacement kit with factory-sealed OEM Service Pack display — identical to Apple/Samsung/Google original. Full True Tone, Face ID, biometric compatibility. Always diagnosable and pairable with System Configuration. Includes precision toolkit, adhesive, QR video guide. 90-day warranty. Ships from Newcastle AU.",159.00 AUD,https://sc04.alicdn.com/kf/A4698a6c841b14cec8f1ce6fa878c0e0eN.png,Apple,Electronics > Communications > Telephony > Mobile Phone Accessories,https://selfrepairkit.com.au/shop.html?model=iphone-se-2022,new,in_stock
SRK-APP-iPhoneSE2022-BAT-STD,iPhone SE 2022 Battery Kit,"DIY iPhone SE 2022 battery replacement kit with quality lithium-ion cell matching original mAh capacity. Restores full-day battery life. Includes pentalobe screwdriver, suction cup, spudger, adhesive strips, and QR step-by-step video guide. 90-day warranty. Same-day dispatch from Newcastle Australia.",69.00 AUD,https://sc04.alicdn.com/kf/A4698a6c841b14cec8f1ce6fa878c0e0eN.png,Apple,Electronics > Communications > Telephony > Mobile Phone Accessories,https://selfrepairkit.com.au/shop.html?model=iphone-se-2022,new,in_stock
SRK-APP-iPhoneX-SCR-INCELL,iPhone X Screen Kit,"DIY iPhone X screen replacement kit with INCELL LCD display. Includes precision pentalobe & tri-point screwdrivers, suction cup, ESD-safe spudgers, pre-cut adhesive strips, and QR-linked step-by-step video guide. 90-day warranty. Ships same day from Newcastle Australia.",99.00 AUD,https://sc04.alicdn.com/kf/A4698a6c841b14cec8f1ce6fa878c0e0eN.png,Apple,Electronics > Communications > Telephony > Mobile Phone Accessories,https://selfrepairkit.com.au/shop.html?model=iphone-x,new,in_stock
SRK-APP-iPhoneX-SCR-OLED,iPhone X Screen Kit,"DIY iPhone X screen replacement kit with aftermarket Soft OLED display — vivid colours, true blacks, flush fit with phone frame. Preserves Samsung fingerprint sensor. Includes all precision tools, adhesive, and QR video repair guide. Diagnosable on most models. 90-day warranty. Australian stock, same-day dispatch.",120.00 AUD,https://sc04.alicdn.com/kf/A4698a6c841b14cec8f1ce6fa878c0e0eN.png,Apple,Electronics > Communications > Telephony > Mobile Phone Accessories,https://selfrepairkit.com.au/shop.html?model=iphone-x,new,in_stock
SRK-APP-iPhoneX-SCR-OEM,iPhone X Screen Kit,"DIY iPhone X screen replacement kit with factory-sealed OEM Service Pack display — identical to Apple/Samsung/Google original. Full True Tone, Face ID, biometric compatibility. Always diagnosable and pairable with System Configuration. Includes precision toolkit, adhesive, QR video guide. 90-day warranty. Ships from Newcastle AU.",180.00 AUD,https://sc04.alicdn.com/kf/A4698a6c841b14cec8f1ce6fa878c0e0eN.png,Apple,Electronics > Communications > Telephony > Mobile Phone Accessories,https://selfrepairkit.com.au/shop.html?model=iphone-x,new,in_stock
SRK-APP-iPhoneX-BAT-STD,iPhone X Battery Kit,"DIY iPhone X battery replacement kit with quality lithium-ion cell matching original mAh capacity. Restores full-day battery life. Includes pentalobe screwdriver, suction cup, spudger, adhesive strips, and QR step-by-step video guide. 90-day warranty. Same-day dispatch from Newcastle Australia.",69.00 AUD,https://sc04.alicdn.com/kf/A4698a6c841b14cec8f1ce6fa878c0e0eN.png,Apple,Electronics > Communications > Telephony > Mobile Phone Accessories,https://selfrepairkit.com.au/shop.html?model=iphone-x,new,in_stock
SRK-APP-iPhoneX-BAT-DIAG,iPhone X Battery Kit,"DIY iPhone X diagnosable battery replacement kit — embedded serial chip pairs with Apple System Configuration to restore Battery Health percentage in Settings. Quality cell matching original capacity. Includes all precision tools, adhesive, QR video guide. Optimised Battery Charging restored after pairing. 90-day warranty. Australian stock.",99.00 AUD,https://sc04.alicdn.com/kf/A4698a6c841b14cec8f1ce6fa878c0e0eN.png,Apple,Electronics > Communications > Telephony > Mobile Phone Accessories,https://selfrepairkit.com.au/shop.html?model=iphone-x,new,in_stock
SRK-APP-iPhoneXS-SCR-INCELL,iPhone XS Screen Kit,"DIY iPhone XS screen replacement kit with INCELL LCD display. Includes precision pentalobe & tri-point screwdrivers, suction cup, ESD-safe spudgers, pre-cut adhesive strips, and QR-linked step-by-step video guide. 90-day warranty. Ships same day from Newcastle Australia.",99.00 AUD,https://sc04.alicdn.com/kf/A4698a6c841b14cec8f1ce6fa878c0e0eN.png,Apple,Electronics > Communications > Telephony > Mobile Phone Accessories,https://selfrepairkit.com.au/shop.html?model=iphone-xs,new,in_stock
SRK-APP-iPhoneXS-SCR-OLED,iPhone XS Screen Kit,"DIY iPhone XS screen replacement kit with aftermarket Soft OLED display — vivid colours, true blacks, flush fit with phone frame. Preserves Samsung fingerprint sensor. Includes all precision tools, adhesive, and QR video repair guide. Diagnosable on most models. 90-day warranty. Australian stock, same-day dispatch.",120.00 AUD,https://sc04.alicdn.com/kf/A4698a6c841b14cec8f1ce6fa878c0e0eN.png,Apple,Electronics > Communications > Telephony > Mobile Phone Accessories,https://selfrepairkit.com.au/shop.html?model=iphone-xs,new,in_stock
SRK-APP-iPhoneXS-SCR-OEM,iPhone XS Screen Kit,"DIY iPhone XS screen replacement kit with factory-sealed OEM Service Pack display — identical to Apple/Samsung/Google original. Full True Tone, Face ID, biometric compatibility. Always diagnosable and pairable with System Configuration. Includes precision toolkit, adhesive, QR video guide. 90-day warranty. Ships from Newcastle AU.",180.00 AUD,https://sc04.alicdn.com/kf/A4698a6c841b14cec8f1ce6fa878c0e0eN.png,Apple,Electronics > Communications > Telephony > Mobile Phone Accessories,https://selfrepairkit.com.au/shop.html?model=iphone-xs,new,in_stock
SRK-APP-iPhoneXS-BAT-STD,iPhone XS Battery Kit,"DIY iPhone XS battery replacement kit with quality lithium-ion cell matching original mAh capacity. Restores full-day battery life. Includes pentalobe screwdriver, suction cup, spudger, adhesive strips, and QR step-by-step video guide. 90-day warranty. Same-day dispatch from Newcastle Australia.",69.00 AUD,https://sc04.alicdn.com/kf/A4698a6c841b14cec8f1ce6fa878c0e0eN.png,Apple,Electronics > Communications > Telephony > Mobile Phone Accessories,https://selfrepairkit.com.au/shop.html?model=iphone-xs,new,in_stock
SRK-APP-iPhoneXS-BAT-DIAG,iPhone XS Battery Kit,"DIY iPhone XS diagnosable battery replacement kit — embedded serial chip pairs with Apple System Configuration to restore Battery Health percentage in Settings. Quality cell matching original capacity. Includes all precision tools, adhesive, QR video guide. Optimised Battery Charging restored after pairing. 90-day warranty. Australian stock.",99.00 AUD,https://sc04.alicdn.com/kf/A4698a6c841b14cec8f1ce6fa878c0e0eN.png,Apple,Electronics > Communications > Telephony > Mobile Phone Accessories,https://selfrepairkit.com.au/shop.html?model=iphone-xs,new,in_stock
SRK-APP-iPhoneXSMax-SCR-INCELL,iPhone XS Max Screen Kit,"DIY iPhone XS Max screen replacement kit with INCELL LCD display. Includes precision pentalobe & tri-point screwdrivers, suction cup, ESD-safe spudgers, pre-cut adhesive strips, and QR-linked step-by-step video guide. 90-day warranty. Ships same day from Newcastle Australia.",99.00 AUD,https://sc04.alicdn.com/kf/A4698a6c841b14cec8f1ce6fa878c0e0eN.png,Apple,Electronics > Communications > Telephony > Mobile Phone Accessories,https://selfrepairkit.com.au/shop.html?model=iphone-xs-max,new,in_stock
SRK-APP-iPhoneXSMax-SCR-OLED,iPhone XS Max Screen Kit,"DIY iPhone XS Max screen replacement kit with aftermarket Soft OLED display — vivid colours, true blacks, flush fit with phone frame. Preserves Samsung fingerprint sensor. Includes all precision tools, adhesive, and QR video repair guide. Diagnosable on most models. 90-day warranty. Australian stock, same-day dispatch.",120.00 AUD,https://sc04.alicdn.com/kf/A4698a6c841b14cec8f1ce6fa878c0e0eN.png,Apple,Electronics > Communications > Telephony > Mobile Phone Accessories,https://selfrepairkit.com.au/shop.html?model=iphone-xs-max,new,in_stock
SRK-APP-iPhoneXSMax-SCR-OEM,iPhone XS Max Screen Kit,"DIY iPhone XS Max screen replacement kit with factory-sealed OEM Service Pack display — identical to Apple/Samsung/Google original. Full True Tone, Face ID, biometric compatibility. Always diagnosable and pairable with System Configuration. Includes precision toolkit, adhesive, QR video guide. 90-day warranty. Ships from Newcastle AU.",180.00 AUD,https://sc04.alicdn.com/kf/A4698a6c841b14cec8f1ce6fa878c0e0eN.png,Apple,Electronics > Communications > Telephony > Mobile Phone Accessories,https://selfrepairkit.com.au/shop.html?model=iphone-xs-max,new,in_stock
SRK-APP-iPhoneXSMax-BAT-STD,iPhone XS Max Battery Kit,"DIY iPhone XS Max battery replacement kit with quality lithium-ion cell matching original mAh capacity. Restores full-day battery life. Includes pentalobe screwdriver, suction cup, spudger, adhesive strips, and QR step-by-step video guide. 90-day warranty. Same-day dispatch from Newcastle Australia.",69.00 AUD,https://sc04.alicdn.com/kf/A4698a6c841b14cec8f1ce6fa878c0e0eN.png,Apple,Electronics > Communications > Telephony > Mobile Phone Accessories,https://selfrepairkit.com.au/shop.html?model=iphone-xs-max,new,in_stock
SRK-APP-iPhoneXSMax-BAT-DIAG,iPhone XS Max Battery Kit,"DIY iPhone XS Max diagnosable battery replacement kit — embedded serial chip pairs with Apple System Configuration to restore Battery Health percentage in Settings. Quality cell matching original capacity. Includes all precision tools, adhesive, QR video guide. Optimised Battery Charging restored after pairing. 90-day warranty. Australian stock.",99.00 AUD,https://sc04.alicdn.com/kf/A4698a6c841b14cec8f1ce6fa878c0e0eN.png,Apple,Electronics > Communications > Telephony > Mobile Phone Accessories,https://selfrepairkit.com.au/shop.html?model=iphone-xs-max,new,in_stock
SRK-APP-iPhoneXR-SCR-INCELL,iPhone XR Screen Kit,"DIY iPhone XR screen replacement kit with INCELL LCD display. Includes precision pentalobe & tri-point screwdrivers, suction cup, ESD-safe spudgers, pre-cut adhesive strips, and QR-linked step-by-step video guide. 90-day warranty. Ships same day from Newcastle Australia.",99.00 AUD,https://sc04.alicdn.com/kf/A4698a6c841b14cec8f1ce6fa878c0e0eN.png,Apple,Electronics > Communications > Telephony > Mobile Phone Accessories,https://selfrepairkit.com.au/shop.html?model=iphone-xr,new,in_stock
SRK-APP-iPhoneXR-SCR-OLED,iPhone XR Screen Kit,"DIY iPhone XR screen replacement kit with aftermarket Soft OLED display — vivid colours, true blacks, flush fit with phone frame. Preserves Samsung fingerprint sensor. Includes all precision tools, adhesive, and QR video repair guide. Diagnosable on most models. 90-day warranty. Australian stock, same-day dispatch.",120.00 AUD,https://sc04.alicdn.com/kf/A4698a6c841b14cec8f1ce6fa878c0e0eN.png,Apple,Electronics > Communications > Telephony > Mobile Phone Accessories,https://selfrepairkit.com.au/shop.html?model=iphone-xr,new,in_stock
SRK-APP-iPhoneXR-SCR-OEM,iPhone XR Screen Kit,"DIY iPhone XR screen replacement kit with factory-sealed OEM Service Pack display — identical to Apple/Samsung/Google original. Full True Tone, Face ID, biometric compatibility. Always diagnosable and pairable with System Configuration. Includes precision toolkit, adhesive, QR video guide. 90-day warranty. Ships from Newcastle AU.",180.00 AUD,https://sc04.alicdn.com/kf/A4698a6c841b14cec8f1ce6fa878c0e0eN.png,Apple,Electronics > Communications > Telephony > Mobile Phone Accessories,https://selfrepairkit.com.au/shop.html?model=iphone-xr,new,in_stock
SRK-APP-iPhoneXR-BAT-STD,iPhone XR Battery Kit,"DIY iPhone XR battery replacement kit with quality lithium-ion cell matching original mAh capacity. Restores full-day battery life. Includes pentalobe screwdriver, suction cup, spudger, adhesive strips, and QR step-by-step video guide. 90-day warranty. Same-day dispatch from Newcastle Australia.",69.00 AUD,https://sc04.alicdn.com/kf/A4698a6c841b14cec8f1ce6fa878c0e0eN.png,Apple,Electronics > Communications > Telephony > Mobile Phone Accessories,https://selfrepairkit.com.au/shop.html?model=iphone-xr,new,in_stock
SRK-APP-iPhoneXR-BAT-DIAG,iPhone XR Battery Kit,"DIY iPhone XR diagnosable battery replacement kit — embedded serial chip pairs with Apple System Configuration to restore Battery Health percentage in Settings. Quality cell matching original capacity. Includes all precision tools, adhesive, QR video guide. Optimised Battery Charging restored after pairing. 90-day warranty. Australian stock.",99.00 AUD,https://sc04.alicdn.com/kf/A4698a6c841b14cec8f1ce6fa878c0e0eN.png,Apple,Electronics > Communications > Telephony > Mobile Phone Accessories,https://selfrepairkit.com.au/shop.html?model=iphone-xr,new,in_stock
SRK-APP-iPhone11-SCR-INCELL,iPhone 11 Screen Kit,"DIY iPhone 11 screen replacement kit with INCELL LCD display. Includes precision pentalobe & tri-point screwdrivers, suction cup, ESD-safe spudgers, pre-cut adhesive strips, and QR-linked step-by-step video guide. 90-day warranty. Ships same day from Newcastle Australia.",99.00 AUD,https://sc04.alicdn.com/kf/A4698a6c841b14cec8f1ce6fa878c0e0eN.png,Apple,Electronics > Communications > Telephony > Mobile Phone Accessories,https://selfrepairkit.com.au/shop.html?model=iphone-11,new,in_stock
SRK-APP-iPhone11-SCR-OLED,iPhone 11 Screen Kit,"DIY iPhone 11 screen replacement kit with aftermarket Soft OLED display — vivid colours, true blacks, flush fit with phone frame. Preserves Samsung fingerprint sensor. Includes all precision tools, adhesive, and QR video repair guide. Diagnosable on most models. 90-day warranty. Australian stock, same-day dispatch.",120.00 AUD,https://sc04.alicdn.com/kf/A4698a6c841b14cec8f1ce6fa878c0e0eN.png,Apple,Electronics > Communications > Telephony > Mobile Phone Accessories,https://selfrepairkit.com.au/shop.html?model=iphone-11,new,in_stock
SRK-APP-iPhone11-SCR-OEM,iPhone 11 Screen Kit,"DIY iPhone 11 screen replacement kit with factory-sealed OEM Service Pack display — identical to Apple/Samsung/Google original. Full True Tone, Face ID, biometric compatibility. Always diagnosable and pairable with System Configuration. Includes precision toolkit, adhesive, QR video guide. 90-day warranty. Ships from Newcastle AU.",180.00 AUD,https://sc04.alicdn.com/kf/A4698a6c841b14cec8f1ce6fa878c0e0eN.png,Apple,Electronics > Communications > Telephony > Mobile Phone Accessories,https://selfrepairkit.com.au/shop.html?model=iphone-11,new,in_stock
SRK-APP-iPhone11-BAT-STD,iPhone 11 Battery Kit,"DIY iPhone 11 battery replacement kit with quality lithium-ion cell matching original mAh capacity. Restores full-day battery life. Includes pentalobe screwdriver, suction cup, spudger, adhesive strips, and QR step-by-step video guide. 90-day warranty. Same-day dispatch from Newcastle Australia.",69.00 AUD,https://sc04.alicdn.com/kf/A4698a6c841b14cec8f1ce6fa878c0e0eN.png,Apple,Electronics > Communications > Telephony > Mobile Phone Accessories,https://selfrepairkit.com.au/shop.html?model=iphone-11,new,in_stock
SRK-APP-iPhone11-BAT-DIAG,iPhone 11 Battery Kit,"DIY iPhone 11 diagnosable battery replacement kit — embedded serial chip pairs with Apple System Configuration to restore Battery Health percentage in Settings. Quality cell matching original capacity. Includes all precision tools, adhesive, QR video guide. Optimised Battery Charging restored after pairing. 90-day warranty. Australian stock.",99.00 AUD,https://sc04.alicdn.com/kf/A4698a6c841b14cec8f1ce6fa878c0e0eN.png,Apple,Electronics > Communications > Telephony > Mobile Phone Accessories,https://selfrepairkit.com.au/shop.html?model=iphone-11,new,in_stock
SRK-APP-iPhone11Pro-SCR-INCELL,iPhone 11 Pro Screen Kit,"DIY iPhone 11 Pro screen replacement kit with INCELL LCD display. Includes precision pentalobe & tri-point screwdrivers, suction cup, ESD-safe spudgers, pre-cut adhesive strips, and QR-linked step-by-step video guide. 90-day warranty. Ships same day from Newcastle Australia.",99.00 AUD,https://sc04.alicdn.com/kf/A4698a6c841b14cec8f1ce6fa878c0e0eN.png,Apple,Electronics > Communications > Telephony > Mobile Phone Accessories,https://selfrepairkit.com.au/shop.html?model=iphone-11-pro,new,in_stock
SRK-APP-iPhone11Pro-SCR-OLED,iPhone 11 Pro Screen Kit,"DIY iPhone 11 Pro screen replacement kit with aftermarket Soft OLED display — vivid colours, true blacks, flush fit with phone frame. Preserves Samsung fingerprint sensor. Includes all precision tools, adhesive, and QR video repair guide. Diagnosable on most models. 90-day warranty. Australian stock, same-day dispatch.",120.00 AUD,https://sc04.alicdn.com/kf/A4698a6c841b14cec8f1ce6fa878c0e0eN.png,Apple,Electronics > Communications > Telephony > Mobile Phone Accessories,https://selfrepairkit.com.au/shop.html?model=iphone-11-pro,new,in_stock
SRK-APP-iPhone11Pro-SCR-OEM,iPhone 11 Pro Screen Kit,"DIY iPhone 11 Pro screen replacement kit with factory-sealed OEM Service Pack display — identical to Apple/Samsung/Google original. Full True Tone, Face ID, biometric compatibility. Always diagnosable and pairable with System Configuration. Includes precision toolkit, adhesive, QR video guide. 90-day warranty. Ships from Newcastle AU.",180.00 AUD,https://sc04.alicdn.com/kf/A4698a6c841b14cec8f1ce6fa878c0e0eN.png,Apple,Electronics > Communications > Telephony > Mobile Phone Accessories,https://selfrepairkit.com.au/shop.html?model=iphone-11-pro,new,in_stock
SRK-APP-iPhone11Pro-BAT-STD,iPhone 11 Pro Battery Kit,"DIY iPhone 11 Pro battery replacement kit with quality lithium-ion cell matching original mAh capacity. Restores full-day battery life. Includes pentalobe screwdriver, suction cup, spudger, adhesive strips, and QR step-by-step video guide. 90-day warranty. Same-day dispatch from Newcastle Australia.",69.00 AUD,https://sc04.alicdn.com/kf/A4698a6c841b14cec8f1ce6fa878c0e0eN.png,Apple,Electronics > Communications > Telephony > Mobile Phone Accessories,https://selfrepairkit.com.au/shop.html?model=iphone-11-pro,new,in_stock
SRK-APP-iPhone11Pro-BAT-DIAG,iPhone 11 Pro Battery Kit,"DIY iPhone 11 Pro diagnosable battery replacement kit — embedded serial chip pairs with Apple System Configuration to restore Battery Health percentage in Settings. Quality cell matching original capacity. Includes all precision tools, adhesive, QR video guide. Optimised Battery Charging restored after pairing. 90-day warranty. Australian stock.",99.00 AUD,https://sc04.alicdn.com/kf/A4698a6c841b14cec8f1ce6fa878c0e0eN.png,Apple,Electronics > Communications > Telephony > Mobile Phone Accessories,https://selfrepairkit.com.au/shop.html?model=iphone-11-pro,new,in_stock
SRK-APP-iPhone11ProM-SCR-INCELL,iPhone 11 Pro Max Screen Kit,"DIY iPhone 11 Pro Max screen replacement kit with INCELL LCD display. Includes precision pentalobe & tri-point screwdrivers, suction cup, ESD-safe spudgers, pre-cut adhesive strips, and QR-linked step-by-step video guide. 90-day warranty. Ships same day from Newcastle Australia.",99.00 AUD,https://sc04.alicdn.com/kf/A4698a6c841b14cec8f1ce6fa878c0e0eN.png,Apple,Electronics > Communications > Telephony > Mobile Phone Accessories,https://selfrepairkit.com.au/shop.html?model=iphone-11-pro-max,new,in_stock
SRK-APP-iPhone11ProM-SCR-OLED,iPhone 11 Pro Max Screen Kit,"DIY iPhone 11 Pro Max screen replacement kit with aftermarket Soft OLED display — vivid colours, true blacks, flush fit with phone frame. Preserves Samsung fingerprint sensor. Includes all precision tools, adhesive, and QR video repair guide. Diagnosable on most models. 90-day warranty. Australian stock, same-day dispatch.",120.00 AUD,https://sc04.alicdn.com/kf/A4698a6c841b14cec8f1ce6fa878c0e0eN.png,Apple,Electronics > Communications > Telephony > Mobile Phone Accessories,https://selfrepairkit.com.au/shop.html?model=iphone-11-pro-max,new,in_stock
SRK-APP-iPhone11ProM-SCR-OEM,iPhone 11 Pro Max Screen Kit,"DIY iPhone 11 Pro Max screen replacement kit with factory-sealed OEM Service Pack display — identical to Apple/Samsung/Google original. Full True Tone, Face ID, biometric compatibility. Always diagnosable and pairable with System Configuration. Includes precision toolkit, adhesive, QR video guide. 90-day warranty. Ships from Newcastle AU.",180.00 AUD,https://sc04.alicdn.com/kf/A4698a6c841b14cec8f1ce6fa878c0e0eN.png,Apple,Electronics > Communications > Telephony > Mobile Phone Accessories,https://selfrepairkit.com.au/shop.html?model=iphone-11-pro-max,new,in_stock
SRK-APP-iPhone11ProM-BAT-STD,iPhone 11 Pro Max Battery Kit,"DIY iPhone 11 Pro Max battery replacement kit with quality lithium-ion cell matching original mAh capacity. Restores full-day battery life. Includes pentalobe screwdriver, suction cup, spudger, adhesive strips, and QR step-by-step video guide. 90-day warranty. Same-day dispatch from Newcastle Australia.",69.00 AUD,https://sc04.alicdn.com/kf/A4698a6c841b14cec8f1ce6fa878c0e0eN.png,Apple,Electronics > Communications > Telephony > Mobile Phone Accessories,https://selfrepairkit.com.au/shop.html?model=iphone-11-pro-max,new,in_stock
SRK-APP-iPhone11ProM-BAT-DIAG,iPhone 11 Pro Max Battery Kit,"DIY iPhone 11 Pro Max diagnosable battery replacement kit — embedded serial chip pairs with Apple System Configuration to restore Battery Health percentage in Settings. Quality cell matching original capacity. Includes all precision tools, adhesive, QR video guide. Optimised Battery Charging restored after pairing. 90-day warranty. Australian stock.",99.00 AUD,https://sc04.alicdn.com/kf/A4698a6c841b14cec8f1ce6fa878c0e0eN.png,Apple,Electronics > Communications > Telephony > Mobile Phone Accessories,https://selfrepairkit.com.au/shop.html?model=iphone-11-pro-max,new,in_stock
SRK-APP-iPhone12Mini-SCR-INCELL,iPhone 12 Mini Screen Kit,"DIY iPhone 12 Mini screen replacement kit with INCELL LCD display. Includes precision pentalobe & tri-point screwdrivers, suction cup, ESD-safe spudgers, pre-cut adhesive strips, and QR-linked step-by-step video guide. 90-day warranty. Ships same day from Newcastle Australia.",99.00 AUD,https://sc04.alicdn.com/kf/A4698a6c841b14cec8f1ce6fa878c0e0eN.png,Apple,Electronics > Communications > Telephony > Mobile Phone Accessories,https://selfrepairkit.com.au/shop.html?model=iphone-12-mini,new,in_stock
SRK-APP-iPhone12Mini-SCR-OLED,iPhone 12 Mini Screen Kit,"DIY iPhone 12 Mini screen replacement kit with aftermarket Soft OLED display — vivid colours, true blacks, flush fit with phone frame. Preserves Samsung fingerprint sensor. Includes all precision tools, adhesive, and QR video repair guide. Diagnosable on most models. 90-day warranty. Australian stock, same-day dispatch.",139.00 AUD,https://sc04.alicdn.com/kf/A4698a6c841b14cec8f1ce6fa878c0e0eN.png,Apple,Electronics > Communications > Telephony > Mobile Phone Accessories,https://selfrepairkit.com.au/shop.html?model=iphone-12-mini,new,in_stock
SRK-APP-iPhone12Mini-SCR-OEM,iPhone 12 Mini Screen Kit,"DIY iPhone 12 Mini screen replacement kit with factory-sealed OEM Service Pack display — identical to Apple/Samsung/Google original. Full True Tone, Face ID, biometric compatibility. Always diagnosable and pairable with System Configuration. Includes precision toolkit, adhesive, QR video guide. 90-day warranty. Ships from Newcastle AU.",180.00 AUD,https://sc04.alicdn.com/kf/A4698a6c841b14cec8f1ce6fa878c0e0eN.png,Apple,Electronics > Communications > Telephony > Mobile Phone Accessories,https://selfrepairkit.com.au/shop.html?model=iphone-12-mini,new,in_stock
SRK-APP-iPhone12Mini-BAT-STD,iPhone 12 Mini Battery Kit,"DIY iPhone 12 Mini battery replacement kit with quality lithium-ion cell matching original mAh capacity. Restores full-day battery life. Includes pentalobe screwdriver, suction cup, spudger, adhesive strips, and QR step-by-step video guide. 90-day warranty. Same-day dispatch from Newcastle Australia.",79.00 AUD,https://sc04.alicdn.com/kf/A4698a6c841b14cec8f1ce6fa878c0e0eN.png,Apple,Electronics > Communications > Telephony > Mobile Phone Accessories,https://selfrepairkit.com.au/shop.html?model=iphone-12-mini,new,in_stock
SRK-APP-iPhone12Mini-BAT-DIAG,iPhone 12 Mini Battery Kit,"DIY iPhone 12 Mini diagnosable battery replacement kit — embedded serial chip pairs with Apple System Configuration to restore Battery Health percentage in Settings. Quality cell matching original capacity. Includes all precision tools, adhesive, QR video guide. Optimised Battery Charging restored after pairing. 90-day warranty. Australian stock.",99.00 AUD,https://sc04.alicdn.com/kf/A4698a6c841b14cec8f1ce6fa878c0e0eN.png,Apple,Electronics > Communications > Telephony > Mobile Phone Accessories,https://selfrepairkit.com.au/shop.html?model=iphone-12-mini,new,in_stock
SRK-APP-iPhone12-SCR-INCELL,iPhone 12 Screen Kit,"DIY iPhone 12 screen replacement kit with INCELL LCD display. Includes precision pentalobe & tri-point screwdrivers, suction cup, ESD-safe spudgers, pre-cut adhesive strips, and QR-linked step-by-step video guide. 90-day warranty. Ships same day from Newcastle Australia.",99.00 AUD,https://sc04.alicdn.com/kf/A4698a6c841b14cec8f1ce6fa878c0e0eN.png,Apple,Electronics > Communications > Telephony > Mobile Phone Accessories,https://selfrepairkit.com.au/shop.html?model=iphone-12,new,in_stock
SRK-APP-iPhone12-SCR-OLED,iPhone 12 Screen Kit,"DIY iPhone 12 screen replacement kit with aftermarket Soft OLED display — vivid colours, true blacks, flush fit with phone frame. Preserves Samsung fingerprint sensor. Includes all precision tools, adhesive, and QR video repair guide. Diagnosable on most models. 90-day warranty. Australian stock, same-day dispatch.",139.00 AUD,https://sc04.alicdn.com/kf/A4698a6c841b14cec8f1ce6fa878c0e0eN.png,Apple,Electronics > Communications > Telephony > Mobile Phone Accessories,https://selfrepairkit.com.au/shop.html?model=iphone-12,new,in_stock
SRK-APP-iPhone12-SCR-OEM,iPhone 12 Screen Kit,"DIY iPhone 12 screen replacement kit with factory-sealed OEM Service Pack display — identical to Apple/Samsung/Google original. Full True Tone, Face ID, biometric compatibility. Always diagnosable and pairable with System Configuration. Includes precision toolkit, adhesive, QR video guide. 90-day warranty. Ships from Newcastle AU.",180.00 AUD,https://sc04.alicdn.com/kf/A4698a6c841b14cec8f1ce6fa878c0e0eN.png,Apple,Electronics > Communications > Telephony > Mobile Phone Accessories,https://selfrepairkit.com.au/shop.html?model=iphone-12,new,in_stock
SRK-APP-iPhone12-BAT-STD,iPhone 12 Battery Kit,"DIY iPhone 12 battery replacement kit with quality lithium-ion cell matching original mAh capacity. Restores full-day battery life. Includes pentalobe screwdriver, suction cup, spudger, adhesive strips, and QR step-by-step video guide. 90-day warranty. Same-day dispatch from Newcastle Australia.",79.00 AUD,https://sc04.alicdn.com/kf/A4698a6c841b14cec8f1ce6fa878c0e0eN.png,Apple,Electronics > Communications > Telephony > Mobile Phone Accessories,https://selfrepairkit.com.au/shop.html?model=iphone-12,new,in_stock
SRK-APP-iPhone12-BAT-DIAG,iPhone 12 Battery Kit,"DIY iPhone 12 diagnosable battery replacement kit — embedded serial chip pairs with Apple System Configuration to restore Battery Health percentage in Settings. Quality cell matching original capacity. Includes all precision tools, adhesive, QR video guide. Optimised Battery Charging restored after pairing. 90-day warranty. Australian stock.",99.00 AUD,https://sc04.alicdn.com/kf/A4698a6c841b14cec8f1ce6fa878c0e0eN.png,Apple,Electronics > Communications > Telephony > Mobile Phone Accessories,https://selfrepairkit.com.au/shop.html?model=iphone-12,new,in_stock
SRK-APP-iPhone12Pro-SCR-INCELL,iPhone 12 Pro Screen Kit,"DIY iPhone 12 Pro screen replacement kit with INCELL LCD display. Includes precision pentalobe & tri-point screwdrivers, suction cup, ESD-safe spudgers, pre-cut adhesive strips, and QR-linked step-by-step video guide. 90-day warranty. Ships same day from Newcastle Australia.",99.00 AUD,https://sc04.alicdn.com/kf/A4698a6c841b14cec8f1ce6fa878c0e0eN.png,Apple,Electronics > Communications > Telephony > Mobile Phone Accessories,https://selfrepairkit.com.au/shop.html?model=iphone-12-pro,new,in_stock
SRK-APP-iPhone12Pro-SCR-OLED,iPhone 12 Pro Screen Kit,"DIY iPhone 12 Pro screen replacement kit with aftermarket Soft OLED display — vivid colours, true blacks, flush fit with phone frame. Preserves Samsung fingerprint sensor. Includes all precision tools, adhesive, and QR video repair guide. Diagnosable on most models. 90-day warranty. Australian stock, same-day dispatch.",139.00 AUD,https://sc04.alicdn.com/kf/A4698a6c841b14cec8f1ce6fa878c0e0eN.png,Apple,Electronics > Communications > Telephony > Mobile Phone Accessories,https://selfrepairkit.com.au/shop.html?model=iphone-12-pro,new,in_stock
SRK-APP-iPhone12Pro-SCR-OEM,iPhone 12 Pro Screen Kit,"DIY iPhone 12 Pro screen replacement kit with factory-sealed OEM Service Pack display — identical to Apple/Samsung/Google original. Full True Tone, Face ID, biometric compatibility. Always diagnosable and pairable with System Configuration. Includes precision toolkit, adhesive, QR video guide. 90-day warranty. Ships from Newcastle AU.",180.00 AUD,https://sc04.alicdn.com/kf/A4698a6c841b14cec8f1ce6fa878c0e0eN.png,Apple,Electronics > Communications > Telephony > Mobile Phone Accessories,https://selfrepairkit.com.au/shop.html?model=iphone-12-pro,new,in_stock
SRK-APP-iPhone12Pro-BAT-STD,iPhone 12 Pro Battery Kit,"DIY iPhone 12 Pro battery replacement kit with quality lithium-ion cell matching original mAh capacity. Restores full-day battery life. Includes pentalobe screwdriver, suction cup, spudger, adhesive strips, and QR step-by-step video guide. 90-day warranty. Same-day dispatch from Newcastle Australia.",79.00 AUD,https://sc04.alicdn.com/kf/A4698a6c841b14cec8f1ce6fa878c0e0eN.png,Apple,Electronics > Communications > Telephony > Mobile Phone Accessories,https://selfrepairkit.com.au/shop.html?model=iphone-12-pro,new,in_stock
SRK-APP-iPhone12Pro-BAT-DIAG,iPhone 12 Pro Battery Kit,"DIY iPhone 12 Pro diagnosable battery replacement kit — embedded serial chip pairs with Apple System Configuration to restore Battery Health percentage in Settings. Quality cell matching original capacity. Includes all precision tools, adhesive, QR video guide. Optimised Battery Charging restored after pairing. 90-day warranty. Australian stock.",99.00 AUD,https://sc04.alicdn.com/kf/A4698a6c841b14cec8f1ce6fa878c0e0eN.png,Apple,Electronics > Communications > Telephony > Mobile Phone Accessories,https://selfrepairkit.com.au/shop.html?model=iphone-12-pro,new,in_stock
SRK-APP-iPhone12ProM-SCR-INCELL,iPhone 12 Pro Max Screen Kit,"DIY iPhone 12 Pro Max screen replacement kit with INCELL LCD display. Includes precision pentalobe & tri-point screwdrivers, suction cup, ESD-safe spudgers, pre-cut adhesive strips, and QR-linked step-by-step video guide. 90-day warranty. Ships same day from Newcastle Australia.",99.00 AUD,https://sc04.alicdn.com/kf/A4698a6c841b14cec8f1ce6fa878c0e0eN.png,Apple,Electronics > Communications > Telephony > Mobile Phone Accessories,https://selfrepairkit.com.au/shop.html?model=iphone-12-pro-max,new,in_stock
SRK-APP-iPhone12ProM-SCR-OLED,iPhone 12 Pro Max Screen Kit,"DIY iPhone 12 Pro Max screen replacement kit with aftermarket Soft OLED display — vivid colours, true blacks, flush fit with phone frame. Preserves Samsung fingerprint sensor. Includes all precision tools, adhesive, and QR video repair guide. Diagnosable on most models. 90-day warranty. Australian stock, same-day dispatch.",139.00 AUD,https://sc04.alicdn.com/kf/A4698a6c841b14cec8f1ce6fa878c0e0eN.png,Apple,Electronics > Communications > Telephony > Mobile Phone Accessories,https://selfrepairkit.com.au/shop.html?model=iphone-12-pro-max,new,in_stock
SRK-APP-iPhone12ProM-SCR-OEM,iPhone 12 Pro Max Screen Kit,"DIY iPhone 12 Pro Max screen replacement kit with factory-sealed OEM Service Pack display — identical to Apple/Samsung/Google original. Full True Tone, Face ID, biometric compatibility. Always diagnosable and pairable with System Configuration. Includes precision toolkit, adhesive, QR video guide. 90-day warranty. Ships from Newcastle AU.",180.00 AUD,https://sc04.alicdn.com/kf/A4698a6c841b14cec8f1ce6fa878c0e0eN.png,Apple,Electronics > Communications > Telephony > Mobile Phone Accessories,https://selfrepairkit.com.au/shop.html?model=iphone-12-pro-max,new,in_stock
SRK-APP-iPhone12ProM-BAT-STD,iPhone 12 Pro Max Battery Kit,"DIY iPhone 12 Pro Max battery replacement kit with quality lithium-ion cell matching original mAh capacity. Restores full-day battery life. Includes pentalobe screwdriver, suction cup, spudger, adhesive strips, and QR step-by-step video guide. 90-day warranty. Same-day dispatch from Newcastle Australia.",79.00 AUD,https://sc04.alicdn.com/kf/A4698a6c841b14cec8f1ce6fa878c0e0eN.png,Apple,Electronics > Communications > Telephony > Mobile Phone Accessories,https://selfrepairkit.com.au/shop.html?model=iphone-12-pro-max,new,in_stock
SRK-APP-iPhone12ProM-BAT-DIAG,iPhone 12 Pro Max Battery Kit,"DIY iPhone 12 Pro Max diagnosable battery replacement kit — embedded serial chip pairs with Apple System Configuration to restore Battery Health percentage in Settings. Quality cell matching original capacity. Includes all precision tools, adhesive, QR video guide. Optimised Battery Charging restored after pairing. 90-day warranty. Australian stock.",99.00 AUD,https://sc04.alicdn.com/kf/A4698a6c841b14cec8f1ce6fa878c0e0eN.png,Apple,Electronics > Communications > Telephony > Mobile Phone Accessories,https://selfrepairkit.com.au/shop.html?model=iphone-12-pro-max,new,in_stock
SRK-APP-iPhone13Mini-SCR-INCELL,iPhone 13 Mini Screen Kit,"DIY iPhone 13 Mini screen replacement kit with INCELL LCD display. Includes precision pentalobe & tri-point screwdrivers, suction cup, ESD-safe spudgers, pre-cut adhesive strips, and QR-linked step-by-step video guide. 90-day warranty. Ships same day from Newcastle Australia.",99.00 AUD,https://sc04.alicdn.com/kf/A4698a6c841b14cec8f1ce6fa878c0e0eN.png,Apple,Electronics > Communications > Telephony > Mobile Phone Accessories,https://selfrepairkit.com.au/shop.html?model=iphone-13-mini,new,in_stock
SRK-APP-iPhone13Mini-SCR-OLED,iPhone 13 Mini Screen Kit,"DIY iPhone 13 Mini screen replacement kit with aftermarket Soft OLED display — vivid colours, true blacks, flush fit with phone frame. Preserves Samsung fingerprint sensor. Includes all precision tools, adhesive, and QR video repair guide. Diagnosable on most models. 90-day warranty. Australian stock, same-day dispatch.",120.00 AUD,https://sc04.alicdn.com/kf/A4698a6c841b14cec8f1ce6fa878c0e0eN.png,Apple,Electronics > Communications > Telephony > Mobile Phone Accessories,https://selfrepairkit.com.au/shop.html?model=iphone-13-mini,new,in_stock
SRK-APP-iPhone13Mini-SCR-OEM,iPhone 13 Mini Screen Kit,"DIY iPhone 13 Mini screen replacement kit with factory-sealed OEM Service Pack display — identical to Apple/Samsung/Google original. Full True Tone, Face ID, biometric compatibility. Always diagnosable and pairable with System Configuration. Includes precision toolkit, adhesive, QR video guide. 90-day warranty. Ships from Newcastle AU.",180.00 AUD,https://sc04.alicdn.com/kf/A4698a6c841b14cec8f1ce6fa878c0e0eN.png,Apple,Electronics > Communications > Telephony > Mobile Phone Accessories,https://selfrepairkit.com.au/shop.html?model=iphone-13-mini,new,in_stock
SRK-APP-iPhone13Mini-BAT-STD,iPhone 13 Mini Battery Kit,"DIY iPhone 13 Mini battery replacement kit with quality lithium-ion cell matching original mAh capacity. Restores full-day battery life. Includes pentalobe screwdriver, suction cup, spudger, adhesive strips, and QR step-by-step video guide. 90-day warranty. Same-day dispatch from Newcastle Australia.",79.00 AUD,https://sc04.alicdn.com/kf/A4698a6c841b14cec8f1ce6fa878c0e0eN.png,Apple,Electronics > Communications > Telephony > Mobile Phone Accessories,https://selfrepairkit.com.au/shop.html?model=iphone-13-mini,new,in_stock
SRK-APP-iPhone13Mini-BAT-DIAG,iPhone 13 Mini Battery Kit,"DIY iPhone 13 Mini diagnosable battery replacement kit — embedded serial chip pairs with Apple System Configuration to restore Battery Health percentage in Settings. Quality cell matching original capacity. Includes all precision tools, adhesive, QR video guide. Optimised Battery Charging restored after pairing. 90-day warranty. Australian stock.",99.00 AUD,https://sc04.alicdn.com/kf/A4698a6c841b14cec8f1ce6fa878c0e0eN.png,Apple,Electronics > Communications > Telephony > Mobile Phone Accessories,https://selfrepairkit.com.au/shop.html?model=iphone-13-mini,new,in_stock
SRK-APP-iPhone13-SCR-INCELL,iPhone 13 Screen Kit,"DIY iPhone 13 screen replacement kit with INCELL LCD display. Includes precision pentalobe & tri-point screwdrivers, suction cup, ESD-safe spudgers, pre-cut adhesive strips, and QR-linked step-by-step video guide. 90-day warranty. Ships same day from Newcastle Australia.",99.00 AUD,https://sc04.alicdn.com/kf/A4698a6c841b14cec8f1ce6fa878c0e0eN.png,Apple,Electronics > Communications > Telephony > Mobile Phone Accessories,https://selfrepairkit.com.au/shop.html?model=iphone-13,new,in_stock
SRK-APP-iPhone13-SCR-OLED,iPhone 13 Screen Kit,"DIY iPhone 13 screen replacement kit with aftermarket Soft OLED display — vivid colours, true blacks, flush fit with phone frame. Preserves Samsung fingerprint sensor. Includes all precision tools, adhesive, and QR video repair guide. Diagnosable on most models. 90-day warranty. Australian stock, same-day dispatch.",120.00 AUD,https://sc04.alicdn.com/kf/A4698a6c841b14cec8f1ce6fa878c0e0eN.png,Apple,Electronics > Communications > Telephony > Mobile Phone Accessories,https://selfrepairkit.com.au/shop.html?model=iphone-13,new,in_stock
SRK-APP-iPhone13-SCR-OEM,iPhone 13 Screen Kit,"DIY iPhone 13 screen replacement kit with factory-sealed OEM Service Pack display — identical to Apple/Samsung/Google original. Full True Tone, Face ID, biometric compatibility. Always diagnosable and pairable with System Configuration. Includes precision toolkit, adhesive, QR video guide. 90-day warranty. Ships from Newcastle AU.",180.00 AUD,https://sc04.alicdn.com/kf/A4698a6c841b14cec8f1ce6fa878c0e0eN.png,Apple,Electronics > Communications > Telephony > Mobile Phone Accessories,https://selfrepairkit.com.au/shop.html?model=iphone-13,new,in_stock
SRK-APP-iPhone13-BAT-STD,iPhone 13 Battery Kit,"DIY iPhone 13 battery replacement kit with quality lithium-ion cell matching original mAh capacity. Restores full-day battery life. Includes pentalobe screwdriver, suction cup, spudger, adhesive strips, and QR step-by-step video guide. 90-day warranty. Same-day dispatch from Newcastle Australia.",79.00 AUD,https://sc04.alicdn.com/kf/A4698a6c841b14cec8f1ce6fa878c0e0eN.png,Apple,Electronics > Communications > Telephony > Mobile Phone Accessories,https://selfrepairkit.com.au/shop.html?model=iphone-13,new,in_stock
SRK-APP-iPhone13-BAT-DIAG,iPhone 13 Battery Kit,"DIY iPhone 13 diagnosable battery replacement kit — embedded serial chip pairs with Apple System Configuration to restore Battery Health percentage in Settings. Quality cell matching original capacity. Includes all precision tools, adhesive, QR video guide. Optimised Battery Charging restored after pairing. 90-day warranty. Australian stock.",99.00 AUD,https://sc04.alicdn.com/kf/A4698a6c841b14cec8f1ce6fa878c0e0eN.png,Apple,Electronics > Communications > Telephony > Mobile Phone Accessories,https://selfrepairkit.com.au/shop.html?model=iphone-13,new,in_stock
SRK-APP-iPhone13Pro-SCR-INCELL,iPhone 13 Pro Screen Kit,"DIY iPhone 13 Pro screen replacement kit with INCELL LCD display. Includes precision pentalobe & tri-point screwdrivers, suction cup, ESD-safe spudgers, pre-cut adhesive strips, and QR-linked step-by-step video guide. 90-day warranty. Ships same day from Newcastle Australia.",99.00 AUD,https://sc04.alicdn.com/kf/A4698a6c841b14cec8f1ce6fa878c0e0eN.png,Apple,Electronics > Communications > Telephony > Mobile Phone Accessories,https://selfrepairkit.com.au/shop.html?model=iphone-13-pro,new,in_stock
SRK-APP-iPhone13Pro-SCR-OLED,iPhone 13 Pro Screen Kit,"DIY iPhone 13 Pro screen replacement kit with aftermarket Soft OLED display — vivid colours, true blacks, flush fit with phone frame. Preserves Samsung fingerprint sensor. Includes all precision tools, adhesive, and QR video repair guide. Diagnosable on most models. 90-day warranty. Australian stock, same-day dispatch.",120.00 AUD,https://sc04.alicdn.com/kf/A4698a6c841b14cec8f1ce6fa878c0e0eN.png,Apple,Electronics > Communications > Telephony > Mobile Phone Accessories,https://selfrepairkit.com.au/shop.html?model=iphone-13-pro,new,in_stock
SRK-APP-iPhone13Pro-SCR-OEM,iPhone 13 Pro Screen Kit,"DIY iPhone 13 Pro screen replacement kit with factory-sealed OEM Service Pack display — identical to Apple/Samsung/Google original. Full True Tone, Face ID, biometric compatibility. Always diagnosable and pairable with System Configuration. Includes precision toolkit, adhesive, QR video guide. 90-day warranty. Ships from Newcastle AU.",180.00 AUD,https://sc04.alicdn.com/kf/A4698a6c841b14cec8f1ce6fa878c0e0eN.png,Apple,Electronics > Communications > Telephony > Mobile Phone Accessories,https://selfrepairkit.com.au/shop.html?model=iphone-13-pro,new,in_stock
SRK-APP-iPhone13Pro-BAT-STD,iPhone 13 Pro Battery Kit,"DIY iPhone 13 Pro battery replacement kit with quality lithium-ion cell matching original mAh capacity. Restores full-day battery life. Includes pentalobe screwdriver, suction cup, spudger, adhesive strips, and QR step-by-step video guide. 90-day warranty. Same-day dispatch from Newcastle Australia.",79.00 AUD,https://sc04.alicdn.com/kf/A4698a6c841b14cec8f1ce6fa878c0e0eN.png,Apple,Electronics > Communications > Telephony > Mobile Phone Accessories,https://selfrepairkit.com.au/shop.html?model=iphone-13-pro,new,in_stock
SRK-APP-iPhone13Pro-BAT-DIAG,iPhone 13 Pro Battery Kit,"DIY iPhone 13 Pro diagnosable battery replacement kit — embedded serial chip pairs with Apple System Configuration to restore Battery Health percentage in Settings. Quality cell matching original capacity. Includes all precision tools, adhesive, QR video guide. Optimised Battery Charging restored after pairing. 90-day warranty. Australian stock.",99.00 AUD,https://sc04.alicdn.com/kf/A4698a6c841b14cec8f1ce6fa878c0e0eN.png,Apple,Electronics > Communications > Telephony > Mobile Phone Accessories,https://selfrepairkit.com.au/shop.html?model=iphone-13-pro,new,in_stock
SRK-APP-iPhone13ProM-SCR-INCELL,iPhone 13 Pro Max Screen Kit,"DIY iPhone 13 Pro Max screen replacement kit with INCELL LCD display. Includes precision pentalobe & tri-point screwdrivers, suction cup, ESD-safe spudgers, pre-cut adhesive strips, and QR-linked step-by-step video guide. 90-day warranty. Ships same day from Newcastle Australia.",99.00 AUD,https://sc04.alicdn.com/kf/A4698a6c841b14cec8f1ce6fa878c0e0eN.png,Apple,Electronics > Communications > Telephony > Mobile Phone Accessories,https://selfrepairkit.com.au/shop.html?model=iphone-13-pro-max,new,in_stock
SRK-APP-iPhone13ProM-SCR-OLED,iPhone 13 Pro Max Screen Kit,"DIY iPhone 13 Pro Max screen replacement kit with aftermarket Soft OLED display — vivid colours, true blacks, flush fit with phone frame. Preserves Samsung fingerprint sensor. Includes all precision tools, adhesive, and QR video repair guide. Diagnosable on most models. 90-day warranty. Australian stock, same-day dispatch.",120.00 AUD,https://sc04.alicdn.com/kf/A4698a6c841b14cec8f1ce6fa878c0e0eN.png,Apple,Electronics > Communications > Telephony > Mobile Phone Accessories,https://selfrepairkit.com.au/shop.html?model=iphone-13-pro-max,new,in_stock
SRK-APP-iPhone13ProM-SCR-OEM,iPhone 13 Pro Max Screen Kit,"DIY iPhone 13 Pro Max screen replacement kit with factory-sealed OEM Service Pack display — identical to Apple/Samsung/Google original. Full True Tone, Face ID, biometric compatibility. Always diagnosable and pairable with System Configuration. Includes precision toolkit, adhesive, QR video guide. 90-day warranty. Ships from Newcastle AU.",180.00 AUD,https://sc04.alicdn.com/kf/A4698a6c841b14cec8f1ce6fa878c0e0eN.png,Apple,Electronics > Communications > Telephony > Mobile Phone Accessories,https://selfrepairkit.com.au/shop.html?model=iphone-13-pro-max,new,in_stock
SRK-APP-iPhone13ProM-BAT-STD,iPhone 13 Pro Max Battery Kit,"DIY iPhone 13 Pro Max battery replacement kit with quality lithium-ion cell matching original mAh capacity. Restores full-day battery life. Includes pentalobe screwdriver, suction cup, spudger, adhesive strips, and QR step-by-step video guide. 90-day warranty. Same-day dispatch from Newcastle Australia.",79.00 AUD,https://sc04.alicdn.com/kf/A4698a6c841b14cec8f1ce6fa878c0e0eN.png,Apple,Electronics > Communications > Telephony > Mobile Phone Accessories,https://selfrepairkit.com.au/shop.html?model=iphone-13-pro-max,new,in_stock
SRK-APP-iPhone13ProM-BAT-DIAG,iPhone 13 Pro Max Battery Kit,"DIY iPhone 13 Pro Max diagnosable battery replacement kit — embedded serial chip pairs with Apple System Configuration to restore Battery Health percentage in Settings. Quality cell matching original capacity. Includes all precision tools, adhesive, QR video guide. Optimised Battery Charging restored after pairing. 90-day warranty. Australian stock.",99.00 AUD,https://sc04.alicdn.com/kf/A4698a6c841b14cec8f1ce6fa878c0e0eN.png,Apple,Electronics > Communications > Telephony > Mobile Phone Accessories,https://selfrepairkit.com.au/shop.html?model=iphone-13-pro-max,new,in_stock
SRK-APP-iPhone14-SCR-INCELL,iPhone 14 Screen Kit,"DIY iPhone 14 screen replacement kit with INCELL LCD display. Includes precision pentalobe & tri-point screwdrivers, suction cup, ESD-safe spudgers, pre-cut adhesive strips, and QR-linked step-by-step video guide. 90-day warranty. Ships same day from Newcastle Australia.",99.00 AUD,https://sc04.alicdn.com/kf/A4698a6c841b14cec8f1ce6fa878c0e0eN.png,Apple,Electronics > Communications > Telephony > Mobile Phone Accessories,https://selfrepairkit.com.au/shop.html?model=iphone-14,new,in_stock
SRK-APP-iPhone14-SCR-OLED,iPhone 14 Screen Kit,"DIY iPhone 14 screen replacement kit with aftermarket Soft OLED display — vivid colours, true blacks, flush fit with phone frame. Preserves Samsung fingerprint sensor. Includes all precision tools, adhesive, and QR video repair guide. Diagnosable on most models. 90-day warranty. Australian stock, same-day dispatch.",120.00 AUD,https://sc04.alicdn.com/kf/A4698a6c841b14cec8f1ce6fa878c0e0eN.png,Apple,Electronics > Communications > Telephony > Mobile Phone Accessories,https://selfrepairkit.com.au/shop.html?model=iphone-14,new,in_stock
SRK-APP-iPhone14-SCR-OEM,iPhone 14 Screen Kit,"DIY iPhone 14 screen replacement kit with factory-sealed OEM Service Pack display — identical to Apple/Samsung/Google original. Full True Tone, Face ID, biometric compatibility. Always diagnosable and pairable with System Configuration. Includes precision toolkit, adhesive, QR video guide. 90-day warranty. Ships from Newcastle AU.",180.00 AUD,https://sc04.alicdn.com/kf/A4698a6c841b14cec8f1ce6fa878c0e0eN.png,Apple,Electronics > Communications > Telephony > Mobile Phone Accessories,https://selfrepairkit.com.au/shop.html?model=iphone-14,new,in_stock
SRK-APP-iPhone14-BAT-STD,iPhone 14 Battery Kit,"DIY iPhone 14 battery replacement kit with quality lithium-ion cell matching original mAh capacity. Restores full-day battery life. Includes pentalobe screwdriver, suction cup, spudger, adhesive strips, and QR step-by-step video guide. 90-day warranty. Same-day dispatch from Newcastle Australia.",79.00 AUD,https://sc04.alicdn.com/kf/A4698a6c841b14cec8f1ce6fa878c0e0eN.png,Apple,Electronics > Communications > Telephony > Mobile Phone Accessories,https://selfrepairkit.com.au/shop.html?model=iphone-14,new,in_stock
SRK-APP-iPhone14-BAT-DIAG,iPhone 14 Battery Kit,"DIY iPhone 14 diagnosable battery replacement kit — embedded serial chip pairs with Apple System Configuration to restore Battery Health percentage in Settings. Quality cell matching original capacity. Includes all precision tools, adhesive, QR video guide. Optimised Battery Charging restored after pairing. 90-day warranty. Australian stock.",99.00 AUD,https://sc04.alicdn.com/kf/A4698a6c841b14cec8f1ce6fa878c0e0eN.png,Apple,Electronics > Communications > Telephony > Mobile Phone Accessories,https://selfrepairkit.com.au/shop.html?model=iphone-14,new,in_stock
SRK-APP-iPhone14Plus-SCR-INCELL,iPhone 14 Plus Screen Kit,"DIY iPhone 14 Plus screen replacement kit with INCELL LCD display. Includes precision pentalobe & tri-point screwdrivers, suction cup, ESD-safe spudgers, pre-cut adhesive strips, and QR-linked step-by-step video guide. 90-day warranty. Ships same day from Newcastle Australia.",99.00 AUD,https://sc04.alicdn.com/kf/A4698a6c841b14cec8f1ce6fa878c0e0eN.png,Apple,Electronics > Communications > Telephony > Mobile Phone Accessories,https://selfrepairkit.com.au/shop.html?model=iphone-14-plus,new,in_stock
SRK-APP-iPhone14Plus-SCR-OLED,iPhone 14 Plus Screen Kit,"DIY iPhone 14 Plus screen replacement kit with aftermarket Soft OLED display — vivid colours, true blacks, flush fit with phone frame. Preserves Samsung fingerprint sensor. Includes all precision tools, adhesive, and QR video repair guide. Diagnosable on most models. 90-day warranty. Australian stock, same-day dispatch.",120.00 AUD,https://sc04.alicdn.com/kf/A4698a6c841b14cec8f1ce6fa878c0e0eN.png,Apple,Electronics > Communications > Telephony > Mobile Phone Accessories,https://selfrepairkit.com.au/shop.html?model=iphone-14-plus,new,in_stock
SRK-APP-iPhone14Plus-SCR-OEM,iPhone 14 Plus Screen Kit,"DIY iPhone 14 Plus screen replacement kit with factory-sealed OEM Service Pack display — identical to Apple/Samsung/Google original. Full True Tone, Face ID, biometric compatibility. Always diagnosable and pairable with System Configuration. Includes precision toolkit, adhesive, QR video guide. 90-day warranty. Ships from Newcastle AU.",180.00 AUD,https://sc04.alicdn.com/kf/A4698a6c841b14cec8f1ce6fa878c0e0eN.png,Apple,Electronics > Communications > Telephony > Mobile Phone Accessories,https://selfrepairkit.com.au/shop.html?model=iphone-14-plus,new,in_stock
SRK-APP-iPhone14Plus-BAT-STD,iPhone 14 Plus Battery Kit,"DIY iPhone 14 Plus battery replacement kit with quality lithium-ion cell matching original mAh capacity. Restores full-day battery life. Includes pentalobe screwdriver, suction cup, spudger, adhesive strips, and QR step-by-step video guide. 90-day warranty. Same-day dispatch from Newcastle Australia.",79.00 AUD,https://sc04.alicdn.com/kf/A4698a6c841b14cec8f1ce6fa878c0e0eN.png,Apple,Electronics > Communications > Telephony > Mobile Phone Accessories,https://selfrepairkit.com.au/shop.html?model=iphone-14-plus,new,in_stock
SRK-APP-iPhone14Plus-BAT-DIAG,iPhone 14 Plus Battery Kit,"DIY iPhone 14 Plus diagnosable battery replacement kit — embedded serial chip pairs with Apple System Configuration to restore Battery Health percentage in Settings. Quality cell matching original capacity. Includes all precision tools, adhesive, QR video guide. Optimised Battery Charging restored after pairing. 90-day warranty. Australian stock.",99.00 AUD,https://sc04.alicdn.com/kf/A4698a6c841b14cec8f1ce6fa878c0e0eN.png,Apple,Electronics > Communications > Telephony > Mobile Phone Accessories,https://selfrepairkit.com.au/shop.html?model=iphone-14-plus,new,in_stock
SRK-APP-iPhone14Pro-SCR-INCELL,iPhone 14 Pro Screen Kit,"DIY iPhone 14 Pro screen replacement kit with INCELL LCD display. Includes precision pentalobe & tri-point screwdrivers, suction cup, ESD-safe spudgers, pre-cut adhesive strips, and QR-linked step-by-step video guide. 90-day warranty. Ships same day from Newcastle Australia.",99.00 AUD,https://sc04.alicdn.com/kf/A4698a6c841b14cec8f1ce6fa878c0e0eN.png,Apple,Electronics > Communications > Telephony > Mobile Phone Accessories,https://selfrepairkit.com.au/shop.html?model=iphone-14-pro,new,in_stock
SRK-APP-iPhone14Pro-SCR-OLED,iPhone 14 Pro Screen Kit,"DIY iPhone 14 Pro screen replacement kit with aftermarket Soft OLED display — vivid colours, true blacks, flush fit with phone frame. Preserves Samsung fingerprint sensor. Includes all precision tools, adhesive, and QR video repair guide. Diagnosable on most models. 90-day warranty. Australian stock, same-day dispatch.",120.00 AUD,https://sc04.alicdn.com/kf/A4698a6c841b14cec8f1ce6fa878c0e0eN.png,Apple,Electronics > Communications > Telephony > Mobile Phone Accessories,https://selfrepairkit.com.au/shop.html?model=iphone-14-pro,new,in_stock
SRK-APP-iPhone14Pro-SCR-OEM,iPhone 14 Pro Screen Kit,"DIY iPhone 14 Pro screen replacement kit with factory-sealed OEM Service Pack display — identical to Apple/Samsung/Google original. Full True Tone, Face ID, biometric compatibility. Always diagnosable and pairable with System Configuration. Includes precision toolkit, adhesive, QR video guide. 90-day warranty. Ships from Newcastle AU.",180.00 AUD,https://sc04.alicdn.com/kf/A4698a6c841b14cec8f1ce6fa878c0e0eN.png,Apple,Electronics > Communications > Telephony > Mobile Phone Accessories,https://selfrepairkit.com.au/shop.html?model=iphone-14-pro,new,in_stock
SRK-APP-iPhone14Pro-BAT-STD,iPhone 14 Pro Battery Kit,"DIY iPhone 14 Pro battery replacement kit with quality lithium-ion cell matching original mAh capacity. Restores full-day battery life. Includes pentalobe screwdriver, suction cup, spudger, adhesive strips, and QR step-by-step video guide. 90-day warranty. Same-day dispatch from Newcastle Australia.",79.00 AUD,https://sc04.alicdn.com/kf/A4698a6c841b14cec8f1ce6fa878c0e0eN.png,Apple,Electronics > Communications > Telephony > Mobile Phone Accessories,https://selfrepairkit.com.au/shop.html?model=iphone-14-pro,new,in_stock
SRK-APP-iPhone14Pro-BAT-DIAG,iPhone 14 Pro Battery Kit,"DIY iPhone 14 Pro diagnosable battery replacement kit — embedded serial chip pairs with Apple System Configuration to restore Battery Health percentage in Settings. Quality cell matching original capacity. Includes all precision tools, adhesive, QR video guide. Optimised Battery Charging restored after pairing. 90-day warranty. Australian stock.",99.00 AUD,https://sc04.alicdn.com/kf/A4698a6c841b14cec8f1ce6fa878c0e0eN.png,Apple,Electronics > Communications > Telephony > Mobile Phone Accessories,https://selfrepairkit.com.au/shop.html?model=iphone-14-pro,new,in_stock
SRK-APP-iPhone14ProM-SCR-INCELL,iPhone 14 Pro Max Screen Kit,"DIY iPhone 14 Pro Max screen replacement kit with INCELL LCD display. Includes precision pentalobe & tri-point screwdrivers, suction cup, ESD-safe spudgers, pre-cut adhesive strips, and QR-linked step-by-step video guide. 90-day warranty. Ships same day from Newcastle Australia.",99.00 AUD,https://sc04.alicdn.com/kf/A4698a6c841b14cec8f1ce6fa878c0e0eN.png,Apple,Electronics > Communications > Telephony > Mobile Phone Accessories,https://selfrepairkit.com.au/shop.html?model=iphone-14-pro-max,new,in_stock
SRK-APP-iPhone14ProM-SCR-OLED,iPhone 14 Pro Max Screen Kit,"DIY iPhone 14 Pro Max screen replacement kit with aftermarket Soft OLED display — vivid colours, true blacks, flush fit with phone frame. Preserves Samsung fingerprint sensor. Includes all precision tools, adhesive, and QR video repair guide. Diagnosable on most models. 90-day warranty. Australian stock, same-day dispatch.",120.00 AUD,https://sc04.alicdn.com/kf/A4698a6c841b14cec8f1ce6fa878c0e0eN.png,Apple,Electronics > Communications > Telephony > Mobile Phone Accessories,https://selfrepairkit.com.au/shop.html?model=iphone-14-pro-max,new,in_stock
SRK-APP-iPhone14ProM-SCR-OEM,iPhone 14 Pro Max Screen Kit,"DIY iPhone 14 Pro Max screen replacement kit with factory-sealed OEM Service Pack display — identical to Apple/Samsung/Google original. Full True Tone, Face ID, biometric compatibility. Always diagnosable and pairable with System Configuration. Includes precision toolkit, adhesive, QR video guide. 90-day warranty. Ships from Newcastle AU.",180.00 AUD,https://sc04.alicdn.com/kf/A4698a6c841b14cec8f1ce6fa878c0e0eN.png,Apple,Electronics > Communications > Telephony > Mobile Phone Accessories,https://selfrepairkit.com.au/shop.html?model=iphone-14-pro-max,new,in_stock
SRK-APP-iPhone14ProM-BAT-STD,iPhone 14 Pro Max Battery Kit,"DIY iPhone 14 Pro Max battery replacement kit with quality lithium-ion cell matching original mAh capacity. Restores full-day battery life. Includes pentalobe screwdriver, suction cup, spudger, adhesive strips, and QR step-by-step video guide. 90-day warranty. Same-day dispatch from Newcastle Australia.",79.00 AUD,https://sc04.alicdn.com/kf/A4698a6c841b14cec8f1ce6fa878c0e0eN.png,Apple,Electronics > Communications > Telephony > Mobile Phone Accessories,https://selfrepairkit.com.au/shop.html?model=iphone-14-pro-max,new,in_stock
SRK-APP-iPhone14ProM-BAT-DIAG,iPhone 14 Pro Max Battery Kit,"DIY iPhone 14 Pro Max diagnosable battery replacement kit — embedded serial chip pairs with Apple System Configuration to restore Battery Health percentage in Settings. Quality cell matching original capacity. Includes all precision tools, adhesive, QR video guide. Optimised Battery Charging restored after pairing. 90-day warranty. Australian stock.",99.00 AUD,https://sc04.alicdn.com/kf/A4698a6c841b14cec8f1ce6fa878c0e0eN.png,Apple,Electronics > Communications > Telephony > Mobile Phone Accessories,https://selfrepairkit.com.au/shop.html?model=iphone-14-pro-max,new,in_stock
SRK-APP-iPhone15-SCR-INCELL,iPhone 15 Screen Kit,"DIY iPhone 15 screen replacement kit with INCELL LCD display. Includes precision pentalobe & tri-point screwdrivers, suction cup, ESD-safe spudgers, pre-cut adhesive strips, and QR-linked step-by-step video guide. 90-day warranty. Ships same day from Newcastle Australia.",99.00 AUD,https://sc04.alicdn.com/kf/A4698a6c841b14cec8f1ce6fa878c0e0eN.png,Apple,Electronics > Communications > Telephony > Mobile Phone Accessories,https://selfrepairkit.com.au/shop.html?model=iphone-15,new,in_stock
SRK-APP-iPhone15-SCR-OLED,iPhone 15 Screen Kit,"DIY iPhone 15 screen replacement kit with aftermarket Soft OLED display — vivid colours, true blacks, flush fit with phone frame. Preserves Samsung fingerprint sensor. Includes all precision tools, adhesive, and QR video repair guide. Diagnosable on most models. 90-day warranty. Australian stock, same-day dispatch.",120.00 AUD,https://sc04.alicdn.com/kf/A4698a6c841b14cec8f1ce6fa878c0e0eN.png,Apple,Electronics > Communications > Telephony > Mobile Phone Accessories,https://selfrepairkit.com.au/shop.html?model=iphone-15,new,in_stock
SRK-APP-iPhone15-SCR-OEM,iPhone 15 Screen Kit,"DIY iPhone 15 screen replacement kit with factory-sealed OEM Service Pack display — identical to Apple/Samsung/Google original. Full True Tone, Face ID, biometric compatibility. Always diagnosable and pairable with System Configuration. Includes precision toolkit, adhesive, QR video guide. 90-day warranty. Ships from Newcastle AU.",189.00 AUD,https://sc04.alicdn.com/kf/A4698a6c841b14cec8f1ce6fa878c0e0eN.png,Apple,Electronics > Communications > Telephony > Mobile Phone Accessories,https://selfrepairkit.com.au/shop.html?model=iphone-15,new,in_stock
SRK-APP-iPhone15-BAT-STD,iPhone 15 Battery Kit,"DIY iPhone 15 battery replacement kit with quality lithium-ion cell matching original mAh capacity. Restores full-day battery life. Includes pentalobe screwdriver, suction cup, spudger, adhesive strips, and QR step-by-step video guide. 90-day warranty. Same-day dispatch from Newcastle Australia.",79.00 AUD,https://sc04.alicdn.com/kf/A4698a6c841b14cec8f1ce6fa878c0e0eN.png,Apple,Electronics > Communications > Telephony > Mobile Phone Accessories,https://selfrepairkit.com.au/shop.html?model=iphone-15,new,in_stock
SRK-APP-iPhone15-BAT-DIAG,iPhone 15 Battery Kit,"DIY iPhone 15 diagnosable battery replacement kit — embedded serial chip pairs with Apple System Configuration to restore Battery Health percentage in Settings. Quality cell matching original capacity. Includes all precision tools, adhesive, QR video guide. Optimised Battery Charging restored after pairing. 90-day warranty. Australian stock.",129.00 AUD,https://sc04.alicdn.com/kf/A4698a6c841b14cec8f1ce6fa878c0e0eN.png,Apple,Electronics > Communications > Telephony > Mobile Phone Accessories,https://selfrepairkit.com.au/shop.html?model=iphone-15,new,in_stock
SRK-APP-iPhone15Pro-SCR-INCELL,iPhone 15 Pro Screen Kit,"DIY iPhone 15 Pro screen replacement kit with INCELL LCD display. Includes precision pentalobe & tri-point screwdrivers, suction cup, ESD-safe spudgers, pre-cut adhesive strips, and QR-linked step-by-step video guide. 90-day warranty. Ships same day from Newcastle Australia.",99.00 AUD,https://sc04.alicdn.com/kf/A4698a6c841b14cec8f1ce6fa878c0e0eN.png,Apple,Electronics > Communications > Telephony > Mobile Phone Accessories,https://selfrepairkit.com.au/shop.html?model=iphone-15-pro,new,in_stock
SRK-APP-iPhone15Pro-SCR-OLED,iPhone 15 Pro Screen Kit,"DIY iPhone 15 Pro screen replacement kit with aftermarket Soft OLED display — vivid colours, true blacks, flush fit with phone frame. Preserves Samsung fingerprint sensor. Includes all precision tools, adhesive, and QR video repair guide. Diagnosable on most models. 90-day warranty. Australian stock, same-day dispatch.",120.00 AUD,https://sc04.alicdn.com/kf/A4698a6c841b14cec8f1ce6fa878c0e0eN.png,Apple,Electronics > Communications > Telephony > Mobile Phone Accessories,https://selfrepairkit.com.au/shop.html?model=iphone-15-pro,new,in_stock
SRK-APP-iPhone15Pro-SCR-OEM,iPhone 15 Pro Screen Kit,"DIY iPhone 15 Pro screen replacement kit with factory-sealed OEM Service Pack display — identical to Apple/Samsung/Google original. Full True Tone, Face ID, biometric compatibility. Always diagnosable and pairable with System Configuration. Includes precision toolkit, adhesive, QR video guide. 90-day warranty. Ships from Newcastle AU.",189.00 AUD,https://sc04.alicdn.com/kf/A4698a6c841b14cec8f1ce6fa878c0e0eN.png,Apple,Electronics > Communications > Telephony > Mobile Phone Accessories,https://selfrepairkit.com.au/shop.html?model=iphone-15-pro,new,in_stock
SRK-APP-iPhone15Pro-BAT-STD,iPhone 15 Pro Battery Kit,"DIY iPhone 15 Pro battery replacement kit with quality lithium-ion cell matching original mAh capacity. Restores full-day battery life. Includes pentalobe screwdriver, suction cup, spudger, adhesive strips, and QR step-by-step video guide. 90-day warranty. Same-day dispatch from Newcastle Australia.",79.00 AUD,https://sc04.alicdn.com/kf/A4698a6c841b14cec8f1ce6fa878c0e0eN.png,Apple,Electronics > Communications > Telephony > Mobile Phone Accessories,https://selfrepairkit.com.au/shop.html?model=iphone-15-pro,new,in_stock
SRK-APP-iPhone15Pro-BAT-DIAG,iPhone 15 Pro Battery Kit,"DIY iPhone 15 Pro diagnosable battery replacement kit — embedded serial chip pairs with Apple System Configuration to restore Battery Health percentage in Settings. Quality cell matching original capacity. Includes all precision tools, adhesive, QR video guide. Optimised Battery Charging restored after pairing. 90-day warranty. Australian stock.",129.00 AUD,https://sc04.alicdn.com/kf/A4698a6c841b14cec8f1ce6fa878c0e0eN.png,Apple,Electronics > Communications > Telephony > Mobile Phone Accessories,https://selfrepairkit.com.au/shop.html?model=iphone-15-pro,new,in_stock
SRK-APP-iPhone15ProM-SCR-INCELL,iPhone 15 Pro Max Screen Kit,"DIY iPhone 15 Pro Max screen replacement kit with INCELL LCD display. Includes precision pentalobe & tri-point screwdrivers, suction cup, ESD-safe spudgers, pre-cut adhesive strips, and QR-linked step-by-step video guide. 90-day warranty. Ships same day from Newcastle Australia.",99.00 AUD,https://sc04.alicdn.com/kf/A4698a6c841b14cec8f1ce6fa878c0e0eN.png,Apple,Electronics > Communications > Telephony > Mobile Phone Accessories,https://selfrepairkit.com.au/shop.html?model=iphone-15-pro-max,new,in_stock
SRK-APP-iPhone15ProM-SCR-OLED,iPhone 15 Pro Max Screen Kit,"DIY iPhone 15 Pro Max screen replacement kit with aftermarket Soft OLED display — vivid colours, true blacks, flush fit with phone frame. Preserves Samsung fingerprint sensor. Includes all precision tools, adhesive, and QR video repair guide. Diagnosable on most models. 90-day warranty. Australian stock, same-day dispatch.",120.00 AUD,https://sc04.alicdn.com/kf/A4698a6c841b14cec8f1ce6fa878c0e0eN.png,Apple,Electronics > Communications > Telephony > Mobile Phone Accessories,https://selfrepairkit.com.au/shop.html?model=iphone-15-pro-max,new,in_stock
SRK-APP-iPhone15ProM-SCR-OEM,iPhone 15 Pro Max Screen Kit,"DIY iPhone 15 Pro Max screen replacement kit with factory-sealed OEM Service Pack display — identical to Apple/Samsung/Google original. Full True Tone, Face ID, biometric compatibility. Always diagnosable and pairable with System Configuration. Includes precision toolkit, adhesive, QR video guide. 90-day warranty. Ships from Newcastle AU.",189.00 AUD,https://sc04.alicdn.com/kf/A4698a6c841b14cec8f1ce6fa878c0e0eN.png,Apple,Electronics > Communications > Telephony > Mobile Phone Accessories,https://selfrepairkit.com.au/shop.html?model=iphone-15-pro-max,new,in_stock
SRK-APP-iPhone15ProM-BAT-STD,iPhone 15 Pro Max Battery Kit,"DIY iPhone 15 Pro Max battery replacement kit with quality lithium-ion cell matching original mAh capacity. Restores full-day battery life. Includes pentalobe screwdriver, suction cup, spudger, adhesive strips, and QR step-by-step video guide. 90-day warranty. Same-day dispatch from Newcastle Australia.",79.00 AUD,https://sc04.alicdn.com/kf/A4698a6c841b14cec8f1ce6fa878c0e0eN.png,Apple,Electronics > Communications > Telephony > Mobile Phone Accessories,https://selfrepairkit.com.au/shop.html?model=iphone-15-pro-max,new,in_stock
SRK-APP-iPhone15ProM-BAT-DIAG,iPhone 15 Pro Max Battery Kit,"DIY iPhone 15 Pro Max diagnosable battery replacement kit — embedded serial chip pairs with Apple System Configuration to restore Battery Health percentage in Settings. Quality cell matching original capacity. Includes all precision tools, adhesive, QR video guide. Optimised Battery Charging restored after pairing. 90-day warranty. Australian stock.",129.00 AUD,https://sc04.alicdn.com/kf/A4698a6c841b14cec8f1ce6fa878c0e0eN.png,Apple,Electronics > Communications > Telephony > Mobile Phone Accessories,https://selfrepairkit.com.au/shop.html?model=iphone-15-pro-max,new,in_stock
SRK-APP-iPhone16-SCR-INCELL,iPhone 16 Screen Kit,"DIY iPhone 16 screen replacement kit with INCELL LCD display. Includes precision pentalobe & tri-point screwdrivers, suction cup, ESD-safe spudgers, pre-cut adhesive strips, and QR-linked step-by-step video guide. 90-day warranty. Ships same day from Newcastle Australia.",110.00 AUD,https://sc04.alicdn.com/kf/A4698a6c841b14cec8f1ce6fa878c0e0eN.png,Apple,Electronics > Communications > Telephony > Mobile Phone Accessories,https://selfrepairkit.com.au/shop.html?model=iphone-16,new,in_stock
SRK-APP-iPhone16-SCR-OLED,iPhone 16 Screen Kit,"DIY iPhone 16 screen replacement kit with aftermarket Soft OLED display — vivid colours, true blacks, flush fit with phone frame. Preserves Samsung fingerprint sensor. Includes all precision tools, adhesive, and QR video repair guide. Diagnosable on most models. 90-day warranty. Australian stock, same-day dispatch.",150.00 AUD,https://sc04.alicdn.com/kf/A4698a6c841b14cec8f1ce6fa878c0e0eN.png,Apple,Electronics > Communications > Telephony > Mobile Phone Accessories,https://selfrepairkit.com.au/shop.html?model=iphone-16,new,in_stock
SRK-APP-iPhone16-SCR-OEM,iPhone 16 Screen Kit,"DIY iPhone 16 screen replacement kit with factory-sealed OEM Service Pack display — identical to Apple/Samsung/Google original. Full True Tone, Face ID, biometric compatibility. Always diagnosable and pairable with System Configuration. Includes precision toolkit, adhesive, QR video guide. 90-day warranty. Ships from Newcastle AU.",225.00 AUD,https://sc04.alicdn.com/kf/A4698a6c841b14cec8f1ce6fa878c0e0eN.png,Apple,Electronics > Communications > Telephony > Mobile Phone Accessories,https://selfrepairkit.com.au/shop.html?model=iphone-16,new,in_stock
SRK-APP-iPhone16-BAT-STD,iPhone 16 Battery Kit,"DIY iPhone 16 battery replacement kit with quality lithium-ion cell matching original mAh capacity. Restores full-day battery life. Includes pentalobe screwdriver, suction cup, spudger, adhesive strips, and QR step-by-step video guide. 90-day warranty. Same-day dispatch from Newcastle Australia.",79.00 AUD,https://sc04.alicdn.com/kf/A4698a6c841b14cec8f1ce6fa878c0e0eN.png,Apple,Electronics > Communications > Telephony > Mobile Phone Accessories,https://selfrepairkit.com.au/shop.html?model=iphone-16,new,in_stock
SRK-APP-iPhone16-BAT-DIAG,iPhone 16 Battery Kit,"DIY iPhone 16 diagnosable battery replacement kit — embedded serial chip pairs with Apple System Configuration to restore Battery Health percentage in Settings. Quality cell matching original capacity. Includes all precision tools, adhesive, QR video guide. Optimised Battery Charging restored after pairing. 90-day warranty. Australian stock.",129.00 AUD,https://sc04.alicdn.com/kf/A4698a6c841b14cec8f1ce6fa878c0e0eN.png,Apple,Electronics > Communications > Telephony > Mobile Phone Accessories,https://selfrepairkit.com.au/shop.html?model=iphone-16,new,in_stock
SRK-APP-iPhone16Pro-SCR-INCELL,iPhone 16 Pro Screen Kit,"DIY iPhone 16 Pro screen replacement kit with INCELL LCD display. Includes precision pentalobe & tri-point screwdrivers, suction cup, ESD-safe spudgers, pre-cut adhesive strips, and QR-linked step-by-step video guide. 90-day warranty. Ships same day from Newcastle Australia.",110.00 AUD,https://sc04.alicdn.com/kf/A4698a6c841b14cec8f1ce6fa878c0e0eN.png,Apple,Electronics > Communications > Telephony > Mobile Phone Accessories,https://selfrepairkit.com.au/shop.html?model=iphone-16-pro,new,in_stock
SRK-APP-iPhone16Pro-SCR-OLED,iPhone 16 Pro Screen Kit,"DIY iPhone 16 Pro screen replacement kit with aftermarket Soft OLED display — vivid colours, true blacks, flush fit with phone frame. Preserves Samsung fingerprint sensor. Includes all precision tools, adhesive, and QR video repair guide. Diagnosable on most models. 90-day warranty. Australian stock, same-day dispatch.",150.00 AUD,https://sc04.alicdn.com/kf/A4698a6c841b14cec8f1ce6fa878c0e0eN.png,Apple,Electronics > Communications > Telephony > Mobile Phone Accessories,https://selfrepairkit.com.au/shop.html?model=iphone-16-pro,new,in_stock
SRK-APP-iPhone16Pro-SCR-OEM,iPhone 16 Pro Screen Kit,"DIY iPhone 16 Pro screen replacement kit with factory-sealed OEM Service Pack display — identical to Apple/Samsung/Google original. Full True Tone, Face ID, biometric compatibility. Always diagnosable and pairable with System Configuration. Includes precision toolkit, adhesive, QR video guide. 90-day warranty. Ships from Newcastle AU.",225.00 AUD,https://sc04.alicdn.com/kf/A4698a6c841b14cec8f1ce6fa878c0e0eN.png,Apple,Electronics > Communications > Telephony > Mobile Phone Accessories,https://selfrepairkit.com.au/shop.html?model=iphone-16-pro,new,in_stock
SRK-APP-iPhone16Pro-BAT-STD,iPhone 16 Pro Battery Kit,"DIY iPhone 16 Pro battery replacement kit with quality lithium-ion cell matching original mAh capacity. Restores full-day battery life. Includes pentalobe screwdriver, suction cup, spudger, adhesive strips, and QR step-by-step video guide. 90-day warranty. Same-day dispatch from Newcastle Australia.",79.00 AUD,https://sc04.alicdn.com/kf/A4698a6c841b14cec8f1ce6fa878c0e0eN.png,Apple,Electronics > Communications > Telephony > Mobile Phone Accessories,https://selfrepairkit.com.au/shop.html?model=iphone-16-pro,new,in_stock
SRK-APP-iPhone16Pro-BAT-DIAG,iPhone 16 Pro Battery Kit,"DIY iPhone 16 Pro diagnosable battery replacement kit — embedded serial chip pairs with Apple System Configuration to restore Battery Health percentage in Settings. Quality cell matching original capacity. Includes all precision tools, adhesive, QR video guide. Optimised Battery Charging restored after pairing. 90-day warranty. Australian stock.",129.00 AUD,https://sc04.alicdn.com/kf/A4698a6c841b14cec8f1ce6fa878c0e0eN.png,Apple,Electronics > Communications > Telephony > Mobile Phone Accessories,https://selfrepairkit.com.au/shop.html?model=iphone-16-pro,new,in_stock
SRK-APP-iPhone16ProM-SCR-INCELL,iPhone 16 Pro Max Screen Kit,"DIY iPhone 16 Pro Max screen replacement kit with INCELL LCD display. Includes precision pentalobe & tri-point screwdrivers, suction cup, ESD-safe spudgers, pre-cut adhesive strips, and QR-linked step-by-step video guide. 90-day warranty. Ships same day from Newcastle Australia.",110.00 AUD,https://sc04.alicdn.com/kf/A4698a6c841b14cec8f1ce6fa878c0e0eN.png,Apple,Electronics > Communications > Telephony > Mobile Phone Accessories,https://selfrepairkit.com.au/shop.html?model=iphone-16-pro-max,new,in_stock
SRK-APP-iPhone16ProM-SCR-OLED,iPhone 16 Pro Max Screen Kit,"DIY iPhone 16 Pro Max screen replacement kit with aftermarket Soft OLED display — vivid colours, true blacks, flush fit with phone frame. Preserves Samsung fingerprint sensor. Includes all precision tools, adhesive, and QR video repair guide. Diagnosable on most models. 90-day warranty. Australian stock, same-day dispatch.",150.00 AUD,https://sc04.alicdn.com/kf/A4698a6c841b14cec8f1ce6fa878c0e0eN.png,Apple,Electronics > Communications > Telephony > Mobile Phone Accessories,https://selfrepairkit.com.au/shop.html?model=iphone-16-pro-max,new,in_stock
SRK-APP-iPhone16ProM-SCR-OEM,iPhone 16 Pro Max Screen Kit,"DIY iPhone 16 Pro Max screen replacement kit with factory-sealed OEM Service Pack display — identical to Apple/Samsung/Google original. Full True Tone, Face ID, biometric compatibility. Always diagnosable and pairable with System Configuration. Includes precision toolkit, adhesive, QR video guide. 90-day warranty. Ships from Newcastle AU.",225.00 AUD,https://sc04.alicdn.com/kf/A4698a6c841b14cec8f1ce6fa878c0e0eN.png,Apple,Electronics > Communications > Telephony > Mobile Phone Accessories,https://selfrepairkit.com.au/shop.html?model=iphone-16-pro-max,new,in_stock
SRK-APP-iPhone16ProM-BAT-STD,iPhone 16 Pro Max Battery Kit,"DIY iPhone 16 Pro Max battery replacement kit with quality lithium-ion cell matching original mAh capacity. Restores full-day battery life. Includes pentalobe screwdriver, suction cup, spudger, adhesive strips, and QR step-by-step video guide. 90-day warranty. Same-day dispatch from Newcastle Australia.",79.00 AUD,https://sc04.alicdn.com/kf/A4698a6c841b14cec8f1ce6fa878c0e0eN.png,Apple,Electronics > Communications > Telephony > Mobile Phone Accessories,https://selfrepairkit.com.au/shop.html?model=iphone-16-pro-max,new,in_stock
SRK-APP-iPhone16ProM-BAT-DIAG,iPhone 16 Pro Max Battery Kit,"DIY iPhone 16 Pro Max diagnosable battery replacement kit — embedded serial chip pairs with Apple System Configuration to restore Battery Health percentage in Settings. Quality cell matching original capacity. Includes all precision tools, adhesive, QR video guide. Optimised Battery Charging restored after pairing. 90-day warranty. Australian stock.",129.00 AUD,https://sc04.alicdn.com/kf/A4698a6c841b14cec8f1ce6fa878c0e0eN.png,Apple,Electronics > Communications > Telephony > Mobile Phone Accessories,https://selfrepairkit.com.au/shop.html?model=iphone-16-pro-max,new,in_stock
SRK-APP-iPhone17-SCR-INCELL,iPhone 17 Screen Kit,"DIY iPhone 17 screen replacement kit with INCELL LCD display. Includes precision pentalobe & tri-point screwdrivers, suction cup, ESD-safe spudgers, pre-cut adhesive strips, and QR-linked step-by-step video guide. 90-day warranty. Ships same day from Newcastle Australia.",115.00 AUD,https://sc04.alicdn.com/kf/A4698a6c841b14cec8f1ce6fa878c0e0eN.png,Apple,Electronics > Communications > Telephony > Mobile Phone Accessories,https://selfrepairkit.com.au/shop.html?model=iphone-17,new,in_stock
SRK-APP-iPhone17-SCR-OLED,iPhone 17 Screen Kit,"DIY iPhone 17 screen replacement kit with aftermarket Soft OLED display — vivid colours, true blacks, flush fit with phone frame. Preserves Samsung fingerprint sensor. Includes all precision tools, adhesive, and QR video repair guide. Diagnosable on most models. 90-day warranty. Australian stock, same-day dispatch.",150.00 AUD,https://sc04.alicdn.com/kf/A4698a6c841b14cec8f1ce6fa878c0e0eN.png,Apple,Electronics > Communications > Telephony > Mobile Phone Accessories,https://selfrepairkit.com.au/shop.html?model=iphone-17,new,in_stock
SRK-APP-iPhone17-SCR-OEM,iPhone 17 Screen Kit,"DIY iPhone 17 screen replacement kit with factory-sealed OEM Service Pack display — identical to Apple/Samsung/Google original. Full True Tone, Face ID, biometric compatibility. Always diagnosable and pairable with System Configuration. Includes precision toolkit, adhesive, QR video guide. 90-day warranty. Ships from Newcastle AU.",279.00 AUD,https://sc04.alicdn.com/kf/A4698a6c841b14cec8f1ce6fa878c0e0eN.png,Apple,Electronics > Communications > Telephony > Mobile Phone Accessories,https://selfrepairkit.com.au/shop.html?model=iphone-17,new,in_stock
SRK-APP-iPhone17-BAT-STD,iPhone 17 Battery Kit,"DIY iPhone 17 battery replacement kit with quality lithium-ion cell matching original mAh capacity. Restores full-day battery life. Includes pentalobe screwdriver, suction cup, spudger, adhesive strips, and QR step-by-step video guide. 90-day warranty. Same-day dispatch from Newcastle Australia.",79.00 AUD,https://sc04.alicdn.com/kf/A4698a6c841b14cec8f1ce6fa878c0e0eN.png,Apple,Electronics > Communications > Telephony > Mobile Phone Accessories,https://selfrepairkit.com.au/shop.html?model=iphone-17,new,in_stock
SRK-APP-iPhone17-BAT-DIAG,iPhone 17 Battery Kit,"DIY iPhone 17 diagnosable battery replacement kit — embedded serial chip pairs with Apple System Configuration to restore Battery Health percentage in Settings. Quality cell matching original capacity. Includes all precision tools, adhesive, QR video guide. Optimised Battery Charging restored after pairing. 90-day warranty. Australian stock.",129.00 AUD,https://sc04.alicdn.com/kf/A4698a6c841b14cec8f1ce6fa878c0e0eN.png,Apple,Electronics > Communications > Telephony > Mobile Phone Accessories,https://selfrepairkit.com.au/shop.html?model=iphone-17,new,in_stock
SRK-APP-iPhone17Pro-SCR-INCELL,iPhone 17 Pro Screen Kit,"DIY iPhone 17 Pro screen replacement kit with INCELL LCD display. Includes precision pentalobe & tri-point screwdrivers, suction cup, ESD-safe spudgers, pre-cut adhesive strips, and QR-linked step-by-step video guide. 90-day warranty. Ships same day from Newcastle Australia.",115.00 AUD,https://sc04.alicdn.com/kf/A4698a6c841b14cec8f1ce6fa878c0e0eN.png,Apple,Electronics > Communications > Telephony > Mobile Phone Accessories,https://selfrepairkit.com.au/shop.html?model=iphone-17-pro,new,in_stock
SRK-APP-iPhone17Pro-SCR-OLED,iPhone 17 Pro Screen Kit,"DIY iPhone 17 Pro screen replacement kit with aftermarket Soft OLED display — vivid colours, true blacks, flush fit with phone frame. Preserves Samsung fingerprint sensor. Includes all precision tools, adhesive, and QR video repair guide. Diagnosable on most models. 90-day warranty. Australian stock, same-day dispatch.",150.00 AUD,https://sc04.alicdn.com/kf/A4698a6c841b14cec8f1ce6fa878c0e0eN.png,Apple,Electronics > Communications > Telephony > Mobile Phone Accessories,https://selfrepairkit.com.au/shop.html?model=iphone-17-pro,new,in_stock
SRK-APP-iPhone17Pro-SCR-OEM,iPhone 17 Pro Screen Kit,"DIY iPhone 17 Pro screen replacement kit with factory-sealed OEM Service Pack display — identical to Apple/Samsung/Google original. Full True Tone, Face ID, biometric compatibility. Always diagnosable and pairable with System Configuration. Includes precision toolkit, adhesive, QR video guide. 90-day warranty. Ships from Newcastle AU.",279.00 AUD,https://sc04.alicdn.com/kf/A4698a6c841b14cec8f1ce6fa878c0e0eN.png,Apple,Electronics > Communications > Telephony > Mobile Phone Accessories,https://selfrepairkit.com.au/shop.html?model=iphone-17-pro,new,in_stock
SRK-APP-iPhone17Pro-BAT-STD,iPhone 17 Pro Battery Kit,"DIY iPhone 17 Pro battery replacement kit with quality lithium-ion cell matching original mAh capacity. Restores full-day battery life. Includes pentalobe screwdriver, suction cup, spudger, adhesive strips, and QR step-by-step video guide. 90-day warranty. Same-day dispatch from Newcastle Australia.",79.00 AUD,https://sc04.alicdn.com/kf/A4698a6c841b14cec8f1ce6fa878c0e0eN.png,Apple,Electronics > Communications > Telephony > Mobile Phone Accessories,https://selfrepairkit.com.au/shop.html?model=iphone-17-pro,new,in_stock
SRK-APP-iPhone17Pro-BAT-DIAG,iPhone 17 Pro Battery Kit,"DIY iPhone 17 Pro diagnosable battery replacement kit — embedded serial chip pairs with Apple System Configuration to restore Battery Health percentage in Settings. Quality cell matching original capacity. Includes all precision tools, adhesive, QR video guide. Optimised Battery Charging restored after pairing. 90-day warranty. Australian stock.",129.00 AUD,https://sc04.alicdn.com/kf/A4698a6c841b14cec8f1ce6fa878c0e0eN.png,Apple,Electronics > Communications > Telephony > Mobile Phone Accessories,https://selfrepairkit.com.au/shop.html?model=iphone-17-pro,new,in_stock
SRK-APP-iPhone17ProM-SCR-INCELL,iPhone 17 Pro Max Screen Kit,"DIY iPhone 17 Pro Max screen replacement kit with INCELL LCD display. Includes precision pentalobe & tri-point screwdrivers, suction cup, ESD-safe spudgers, pre-cut adhesive strips, and QR-linked step-by-step video guide. 90-day warranty. Ships same day from Newcastle Australia.",115.00 AUD,https://sc04.alicdn.com/kf/A4698a6c841b14cec8f1ce6fa878c0e0eN.png,Apple,Electronics > Communications > Telephony > Mobile Phone Accessories,https://selfrepairkit.com.au/shop.html?model=iphone-17-pro-max,new,in_stock
SRK-APP-iPhone17ProM-SCR-OLED,iPhone 17 Pro Max Screen Kit,"DIY iPhone 17 Pro Max screen replacement kit with aftermarket Soft OLED display — vivid colours, true blacks, flush fit with phone frame. Preserves Samsung fingerprint sensor. Includes all precision tools, adhesive, and QR video repair guide. Diagnosable on most models. 90-day warranty. Australian stock, same-day dispatch.",150.00 AUD,https://sc04.alicdn.com/kf/A4698a6c841b14cec8f1ce6fa878c0e0eN.png,Apple,Electronics > Communications > Telephony > Mobile Phone Accessories,https://selfrepairkit.com.au/shop.html?model=iphone-17-pro-max,new,in_stock
SRK-APP-iPhone17ProM-SCR-OEM,iPhone 17 Pro Max Screen Kit,"DIY iPhone 17 Pro Max screen replacement kit with factory-sealed OEM Service Pack display — identical to Apple/Samsung/Google original. Full True Tone, Face ID, biometric compatibility. Always diagnosable and pairable with System Configuration. Includes precision toolkit, adhesive, QR video guide. 90-day warranty. Ships from Newcastle AU.",279.00 AUD,https://sc04.alicdn.com/kf/A4698a6c841b14cec8f1ce6fa878c0e0eN.png,Apple,Electronics > Communications > Telephony > Mobile Phone Accessories,https://selfrepairkit.com.au/shop.html?model=iphone-17-pro-max,new,in_stock
SRK-APP-iPhone17ProM-BAT-STD,iPhone 17 Pro Max Battery Kit,"DIY iPhone 17 Pro Max battery replacement kit with quality lithium-ion cell matching original mAh capacity. Restores full-day battery life. Includes pentalobe screwdriver, suction cup, spudger, adhesive strips, and QR step-by-step video guide. 90-day warranty. Same-day dispatch from Newcastle Australia.",79.00 AUD,https://sc04.alicdn.com/kf/A4698a6c841b14cec8f1ce6fa878c0e0eN.png,Apple,Electronics > Communications > Telephony > Mobile Phone Accessories,https://selfrepairkit.com.au/shop.html?model=iphone-17-pro-max,new,in_stock
SRK-APP-iPhone17ProM-BAT-DIAG,iPhone 17 Pro Max Battery Kit,"DIY iPhone 17 Pro Max diagnosable battery replacement kit — embedded serial chip pairs with Apple System Configuration to restore Battery Health percentage in Settings. Quality cell matching original capacity. Includes all precision tools, adhesive, QR video guide. Optimised Battery Charging restored after pairing. 90-day warranty. Australian stock.",129.00 AUD,https://sc04.alicdn.com/kf/A4698a6c841b14cec8f1ce6fa878c0e0eN.png,Apple,Electronics > Communications > Telephony > Mobile Phone Accessories,https://selfrepairkit.com.au/shop.html?model=iphone-17-pro-max,new,in_stock
SRK-SAM-GalaxyS21-SCR-INCELL,Galaxy S21 Screen Kit,"DIY Galaxy S21 screen replacement kit with INCELL LCD display. Includes precision pentalobe & tri-point screwdrivers, suction cup, ESD-safe spudgers, pre-cut adhesive strips, and QR-linked step-by-step video guide. 90-day warranty. Ships same day from Newcastle Australia.",189.00 AUD,https://sc04.alicdn.com/kf/A4698a6c841b14cec8f1ce6fa878c0e0eN.png,Samsung,Electronics > Communications > Telephony > Mobile Phone Accessories,https://selfrepairkit.com.au/shop.html?model=galaxy-s21,new,in_stock
SRK-SAM-GalaxyS21-SCR-OEM,Galaxy S21 Screen Kit,"DIY Galaxy S21 screen replacement kit with factory-sealed OEM Service Pack display — identical to Apple/Samsung/Google original. Full True Tone, Face ID, biometric compatibility. Always diagnosable and pairable with System Configuration. Includes precision toolkit, adhesive, QR video guide. 90-day warranty. Ships from Newcastle AU.",249.00 AUD,https://sc04.alicdn.com/kf/A4698a6c841b14cec8f1ce6fa878c0e0eN.png,Samsung,Electronics > Communications > Telephony > Mobile Phone Accessories,https://selfrepairkit.com.au/shop.html?model=galaxy-s21,new,in_stock
SRK-SAM-GalaxyS21-BAT-STD,Galaxy S21 Battery Kit,"DIY Galaxy S21 battery replacement kit with quality lithium-ion cell matching original mAh capacity. Restores full-day battery life. Includes pentalobe screwdriver, suction cup, spudger, adhesive strips, and QR step-by-step video guide. 90-day warranty. Same-day dispatch from Newcastle Australia.",79.00 AUD,https://sc04.alicdn.com/kf/A4698a6c841b14cec8f1ce6fa878c0e0eN.png,Samsung,Electronics > Communications > Telephony > Mobile Phone Accessories,https://selfrepairkit.com.au/shop.html?model=galaxy-s21,new,in_stock
SRK-SAM-GalaxyS21-BAT-DIAG,Galaxy S21 Battery Kit,"DIY Galaxy S21 diagnosable battery replacement kit — embedded serial chip pairs with Apple System Configuration to restore Battery Health percentage in Settings. Quality cell matching original capacity. Includes all precision tools, adhesive, QR video guide. Optimised Battery Charging restored after pairing. 90-day warranty. Australian stock.",129.00 AUD,https://sc04.alicdn.com/kf/A4698a6c841b14cec8f1ce6fa878c0e0eN.png,Samsung,Electronics > Communications > Telephony > Mobile Phone Accessories,https://selfrepairkit.com.au/shop.html?model=galaxy-s21,new,in_stock
SRK-GALAX-SCR-PRO-AUTO,Galaxy S21 Screen Kit,Professional Pro Grade Replacement.,129.00 AUD,https://sc04.alicdn.com/kf/A4698a6c841b14cec8f1ce6fa878c0e0eN.png,Samsung,Electronics > Communications > Telephony > Mobile Phone Accessories,https://selfrepairkit.com.au/shop.html?model=galaxy-s21,new,in_stock
SRK-SAM-GALAXY-S21-CP-ELITE,Galaxy S21 Charging Port Kit,Includes ORIGINAL replacement port and tools. Fixes charging issues.,99.00 AUD,https://sc04.alicdn.com/kf/A4698a6c841b14cec8f1ce6fa878c0e0eN.png,Samsung,Electronics > Communications > Telephony > Mobile Phone Accessories,https://selfrepairkit.com.au/shop.html?model=galaxy-s21,new,in_stock
SRK-SAM-GalaxyS21Ult-SCR-INCELL,Galaxy S21 Ultra Screen Kit,"DIY Galaxy S21 Ultra screen replacement kit with INCELL LCD display. Includes precision pentalobe & tri-point screwdrivers, suction cup, ESD-safe spudgers, pre-cut adhesive strips, and QR-linked step-by-step video guide. 90-day warranty. Ships same day from Newcastle Australia.",189.00 AUD,https://sc04.alicdn.com/kf/A4698a6c841b14cec8f1ce6fa878c0e0eN.png,Samsung,Electronics > Communications > Telephony > Mobile Phone Accessories,https://selfrepairkit.com.au/shop.html?model=galaxy-s21-ultra,new,in_stock
SRK-SAM-GalaxyS21Ult-SCR-OEM,Galaxy S21 Ultra Screen Kit,"DIY Galaxy S21 Ultra screen replacement kit with factory-sealed OEM Service Pack display — identical to Apple/Samsung/Google original. Full True Tone, Face ID, biometric compatibility. Always diagnosable and pairable with System Configuration. Includes precision toolkit, adhesive, QR video guide. 90-day warranty. Ships from Newcastle AU.",359.00 AUD,https://sc04.alicdn.com/kf/A4698a6c841b14cec8f1ce6fa878c0e0eN.png,Samsung,Electronics > Communications > Telephony > Mobile Phone Accessories,https://selfrepairkit.com.au/shop.html?model=galaxy-s21-ultra,new,in_stock
SRK-SAM-GalaxyS21Ult-BAT-STD,Galaxy S21 Ultra Battery Kit,"DIY Galaxy S21 Ultra battery replacement kit with quality lithium-ion cell matching original mAh capacity. Restores full-day battery life. Includes pentalobe screwdriver, suction cup, spudger, adhesive strips, and QR step-by-step video guide. 90-day warranty. Same-day dispatch from Newcastle Australia.",79.00 AUD,https://sc04.alicdn.com/kf/A4698a6c841b14cec8f1ce6fa878c0e0eN.png,Samsung,Electronics > Communications > Telephony > Mobile Phone Accessories,https://selfrepairkit.com.au/shop.html?model=galaxy-s21-ultra,new,in_stock
SRK-SAM-GalaxyS21Ult-BAT-DIAG,Galaxy S21 Ultra Battery Kit,"DIY Galaxy S21 Ultra diagnosable battery replacement kit — embedded serial chip pairs with Apple System Configuration to restore Battery Health percentage in Settings. Quality cell matching original capacity. Includes all precision tools, adhesive, QR video guide. Optimised Battery Charging restored after pairing. 90-day warranty. Australian stock.",129.00 AUD,https://sc04.alicdn.com/kf/A4698a6c841b14cec8f1ce6fa878c0e0eN.png,Samsung,Electronics > Communications > Telephony > Mobile Phone Accessories,https://selfrepairkit.com.au/shop.html?model=galaxy-s21-ultra,new,in_stock
SRK-GALAX-SCR-PRO-AUTO,Galaxy S21 Ultra Screen Kit,Professional Pro Grade Replacement.,129.00 AUD,https://sc04.alicdn.com/kf/A4698a6c841b14cec8f1ce6fa878c0e0eN.png,Samsung,Electronics > Communications > Telephony > Mobile Phone Accessories,https://selfrepairkit.com.au/shop.html?model=galaxy-s21-ultra,new,in_stock
SRK-SAM-GALAXY-S21-ULTRA-CP-ELITE,Galaxy S21 Ultra Charging Port Kit,Includes ORIGINAL replacement port and tools. Fixes charging issues.,99.00 AUD,https://sc04.alicdn.com/kf/A4698a6c841b14cec8f1ce6fa878c0e0eN.png,Samsung,Electronics > Communications > Telephony > Mobile Phone Accessories,https://selfrepairkit.com.au/shop.html?model=galaxy-s21-ultra,new,in_stock
SRK-SAM-GalaxyS22-SCR-INCELL,Galaxy S22 Screen Kit,"DIY Galaxy S22 screen replacement kit with INCELL LCD display. Includes precision pentalobe & tri-point screwdrivers, suction cup, ESD-safe spudgers, pre-cut adhesive strips, and QR-linked step-by-step video guide. 90-day warranty. Ships same day from Newcastle Australia.",249.00 AUD,https://sc04.alicdn.com/kf/A4698a6c841b14cec8f1ce6fa878c0e0eN.png,Samsung,Electronics > Communications > Telephony > Mobile Phone Accessories,https://selfrepairkit.com.au/shop.html?model=galaxy-s22,new,in_stock
SRK-SAM-GalaxyS22-SCR-OEM,Galaxy S22 Screen Kit,"DIY Galaxy S22 screen replacement kit with factory-sealed OEM Service Pack display — identical to Apple/Samsung/Google original. Full True Tone, Face ID, biometric compatibility. Always diagnosable and pairable with System Configuration. Includes precision toolkit, adhesive, QR video guide. 90-day warranty. Ships from Newcastle AU.",359.00 AUD,https://sc04.alicdn.com/kf/A4698a6c841b14cec8f1ce6fa878c0e0eN.png,Samsung,Electronics > Communications > Telephony > Mobile Phone Accessories,https://selfrepairkit.com.au/shop.html?model=galaxy-s22,new,in_stock
SRK-SAM-GalaxyS22-BAT-STD,Galaxy S22 Battery Kit,"DIY Galaxy S22 battery replacement kit with quality lithium-ion cell matching original mAh capacity. Restores full-day battery life. Includes pentalobe screwdriver, suction cup, spudger, adhesive strips, and QR step-by-step video guide. 90-day warranty. Same-day dispatch from Newcastle Australia.",79.00 AUD,https://sc04.alicdn.com/kf/A4698a6c841b14cec8f1ce6fa878c0e0eN.png,Samsung,Electronics > Communications > Telephony > Mobile Phone Accessories,https://selfrepairkit.com.au/shop.html?model=galaxy-s22,new,in_stock
SRK-SAM-GalaxyS22-BAT-DIAG,Galaxy S22 Battery Kit,"DIY Galaxy S22 diagnosable battery replacement kit — embedded serial chip pairs with Apple System Configuration to restore Battery Health percentage in Settings. Quality cell matching original capacity. Includes all precision tools, adhesive, QR video guide. Optimised Battery Charging restored after pairing. 90-day warranty. Australian stock.",129.00 AUD,https://sc04.alicdn.com/kf/A4698a6c841b14cec8f1ce6fa878c0e0eN.png,Samsung,Electronics > Communications > Telephony > Mobile Phone Accessories,https://selfrepairkit.com.au/shop.html?model=galaxy-s22,new,in_stock
SRK-GALAX-SCR-PRO-AUTO,Galaxy S22 Screen Kit,Professional Pro Grade Replacement.,129.00 AUD,https://sc04.alicdn.com/kf/A4698a6c841b14cec8f1ce6fa878c0e0eN.png,Samsung,Electronics > Communications > Telephony > Mobile Phone Accessories,https://selfrepairkit.com.au/shop.html?model=galaxy-s22,new,in_stock
SRK-SAM-GALAXY-S22-CP-ELITE,Galaxy S22 Charging Port Kit,Includes ORIGINAL replacement port and tools. Fixes charging issues.,99.00 AUD,https://sc04.alicdn.com/kf/A4698a6c841b14cec8f1ce6fa878c0e0eN.png,Samsung,Electronics > Communications > Telephony > Mobile Phone Accessories,https://selfrepairkit.com.au/shop.html?model=galaxy-s22,new,in_stock
SRK-SAM-GalaxyS22Plu-SCR-INCELL,Galaxy S22 Plus Screen Kit,"DIY Galaxy S22 Plus screen replacement kit with INCELL LCD display. Includes precision pentalobe & tri-point screwdrivers, suction cup, ESD-safe spudgers, pre-cut adhesive strips, and QR-linked step-by-step video guide. 90-day warranty. Ships same day from Newcastle Australia.",249.00 AUD,https://sc04.alicdn.com/kf/A4698a6c841b14cec8f1ce6fa878c0e0eN.png,Samsung,Electronics > Communications > Telephony > Mobile Phone Accessories,https://selfrepairkit.com.au/shop.html?model=galaxy-s22-plus,new,in_stock
SRK-SAM-GalaxyS22Plu-SCR-OEM,Galaxy S22 Plus Screen Kit,"DIY Galaxy S22 Plus screen replacement kit with factory-sealed OEM Service Pack display — identical to Apple/Samsung/Google original. Full True Tone, Face ID, biometric compatibility. Always diagnosable and pairable with System Configuration. Includes precision toolkit, adhesive, QR video guide. 90-day warranty. Ships from Newcastle AU.",359.00 AUD,https://sc04.alicdn.com/kf/A4698a6c841b14cec8f1ce6fa878c0e0eN.png,Samsung,Electronics > Communications > Telephony > Mobile Phone Accessories,https://selfrepairkit.com.au/shop.html?model=galaxy-s22-plus,new,in_stock
SRK-SAM-GalaxyS22Plu-BAT-STD,Galaxy S22 Plus Battery Kit,"DIY Galaxy S22 Plus battery replacement kit with quality lithium-ion cell matching original mAh capacity. Restores full-day battery life. Includes pentalobe screwdriver, suction cup, spudger, adhesive strips, and QR step-by-step video guide. 90-day warranty. Same-day dispatch from Newcastle Australia.",79.00 AUD,https://sc04.alicdn.com/kf/A4698a6c841b14cec8f1ce6fa878c0e0eN.png,Samsung,Electronics > Communications > Telephony > Mobile Phone Accessories,https://selfrepairkit.com.au/shop.html?model=galaxy-s22-plus,new,in_stock
SRK-SAM-GalaxyS22Plu-BAT-DIAG,Galaxy S22 Plus Battery Kit,"DIY Galaxy S22 Plus diagnosable battery replacement kit — embedded serial chip pairs with Apple System Configuration to restore Battery Health percentage in Settings. Quality cell matching original capacity. Includes all precision tools, adhesive, QR video guide. Optimised Battery Charging restored after pairing. 90-day warranty. Australian stock.",129.00 AUD,https://sc04.alicdn.com/kf/A4698a6c841b14cec8f1ce6fa878c0e0eN.png,Samsung,Electronics > Communications > Telephony > Mobile Phone Accessories,https://selfrepairkit.com.au/shop.html?model=galaxy-s22-plus,new,in_stock
SRK-GALAX-SCR-PRO-AUTO,Galaxy S22 Plus Screen Kit,Professional Pro Grade Replacement.,129.00 AUD,https://sc04.alicdn.com/kf/A4698a6c841b14cec8f1ce6fa878c0e0eN.png,Samsung,Electronics > Communications > Telephony > Mobile Phone Accessories,https://selfrepairkit.com.au/shop.html?model=galaxy-s22-plus,new,in_stock
SRK-SAM-GALAXY-S22-PLUS-CP-ELITE,Galaxy S22 Plus Charging Port Kit,Includes ORIGINAL replacement port and tools. Fixes charging issues.,99.00 AUD,https://sc04.alicdn.com/kf/A4698a6c841b14cec8f1ce6fa878c0e0eN.png,Samsung,Electronics > Communications > Telephony > Mobile Phone Accessories,https://selfrepairkit.com.au/shop.html?model=galaxy-s22-plus,new,in_stock
SRK-SAM-GalaxyS22FE-SCR-INCELL,Galaxy S22 FE Screen Kit,"DIY Galaxy S22 FE screen replacement kit with INCELL LCD display. Includes precision pentalobe & tri-point screwdrivers, suction cup, ESD-safe spudgers, pre-cut adhesive strips, and QR-linked step-by-step video guide. 90-day warranty. Ships same day from Newcastle Australia.",249.00 AUD,https://sc04.alicdn.com/kf/A4698a6c841b14cec8f1ce6fa878c0e0eN.png,Samsung,Electronics > Communications > Telephony > Mobile Phone Accessories,https://selfrepairkit.com.au/shop.html?model=galaxy-s22-fe,new,in_stock
SRK-SAM-GalaxyS22FE-SCR-OEM,Galaxy S22 FE Screen Kit,"DIY Galaxy S22 FE screen replacement kit with factory-sealed OEM Service Pack display — identical to Apple/Samsung/Google original. Full True Tone, Face ID, biometric compatibility. Always diagnosable and pairable with System Configuration. Includes precision toolkit, adhesive, QR video guide. 90-day warranty. Ships from Newcastle AU.",359.00 AUD,https://sc04.alicdn.com/kf/A4698a6c841b14cec8f1ce6fa878c0e0eN.png,Samsung,Electronics > Communications > Telephony > Mobile Phone Accessories,https://selfrepairkit.com.au/shop.html?model=galaxy-s22-fe,new,in_stock
SRK-SAM-GalaxyS22FE-BAT-STD,Galaxy S22 FE Battery Kit,"DIY Galaxy S22 FE battery replacement kit with quality lithium-ion cell matching original mAh capacity. Restores full-day battery life. Includes pentalobe screwdriver, suction cup, spudger, adhesive strips, and QR step-by-step video guide. 90-day warranty. Same-day dispatch from Newcastle Australia.",79.00 AUD,https://sc04.alicdn.com/kf/A4698a6c841b14cec8f1ce6fa878c0e0eN.png,Samsung,Electronics > Communications > Telephony > Mobile Phone Accessories,https://selfrepairkit.com.au/shop.html?model=galaxy-s22-fe,new,in_stock
SRK-SAM-GalaxyS22FE-BAT-DIAG,Galaxy S22 FE Battery Kit,"DIY Galaxy S22 FE diagnosable battery replacement kit — embedded serial chip pairs with Apple System Configuration to restore Battery Health percentage in Settings. Quality cell matching original capacity. Includes all precision tools, adhesive, QR video guide. Optimised Battery Charging restored after pairing. 90-day warranty. Australian stock.",129.00 AUD,https://sc04.alicdn.com/kf/A4698a6c841b14cec8f1ce6fa878c0e0eN.png,Samsung,Electronics > Communications > Telephony > Mobile Phone Accessories,https://selfrepairkit.com.au/shop.html?model=galaxy-s22-fe,new,in_stock
SRK-GALAX-SCR-PRO-AUTO,Galaxy S22 Fe Screen Kit,Professional Pro Grade Replacement.,129.00 AUD,https://sc04.alicdn.com/kf/A4698a6c841b14cec8f1ce6fa878c0e0eN.png,Samsung,Electronics > Communications > Telephony > Mobile Phone Accessories,https://selfrepairkit.com.au/shop.html?model=galaxy-s22-fe,new,in_stock
SRK-SAM-GALAXY-S22-FE-CP-ELITE,Galaxy S22 Fe Charging Port Kit,Includes ORIGINAL replacement port and tools. Fixes charging issues.,99.00 AUD,https://sc04.alicdn.com/kf/A4698a6c841b14cec8f1ce6fa878c0e0eN.png,Samsung,Electronics > Communications > Telephony > Mobile Phone Accessories,https://selfrepairkit.com.au/shop.html?model=galaxy-s22-fe,new,in_stock
SRK-SAM-GalaxyS22Ult-SCR-INCELL,Galaxy S22 Ultra Screen Kit,"DIY Galaxy S22 Ultra screen replacement kit with INCELL LCD display. Includes precision pentalobe & tri-point screwdrivers, suction cup, ESD-safe spudgers, pre-cut adhesive strips, and QR-linked step-by-step video guide. 90-day warranty. Ships same day from Newcastle Australia.",249.00 AUD,https://sc04.alicdn.com/kf/A4698a6c841b14cec8f1ce6fa878c0e0eN.png,Samsung,Electronics > Communications > Telephony > Mobile Phone Accessories,https://selfrepairkit.com.au/shop.html?model=galaxy-s22-ultra,new,in_stock
SRK-SAM-GalaxyS22Ult-SCR-OEM,Galaxy S22 Ultra Screen Kit,"DIY Galaxy S22 Ultra screen replacement kit with factory-sealed OEM Service Pack display — identical to Apple/Samsung/Google original. Full True Tone, Face ID, biometric compatibility. Always diagnosable and pairable with System Configuration. Includes precision toolkit, adhesive, QR video guide. 90-day warranty. Ships from Newcastle AU.",359.00 AUD,https://sc04.alicdn.com/kf/A4698a6c841b14cec8f1ce6fa878c0e0eN.png,Samsung,Electronics > Communications > Telephony > Mobile Phone Accessories,https://selfrepairkit.com.au/shop.html?model=galaxy-s22-ultra,new,in_stock
SRK-SAM-GalaxyS22Ult-BAT-STD,Galaxy S22 Ultra Battery Kit,"DIY Galaxy S22 Ultra battery replacement kit with quality lithium-ion cell matching original mAh capacity. Restores full-day battery life. Includes pentalobe screwdriver, suction cup, spudger, adhesive strips, and QR step-by-step video guide. 90-day warranty. Same-day dispatch from Newcastle Australia.",79.00 AUD,https://sc04.alicdn.com/kf/A4698a6c841b14cec8f1ce6fa878c0e0eN.png,Samsung,Electronics > Communications > Telephony > Mobile Phone Accessories,https://selfrepairkit.com.au/shop.html?model=galaxy-s22-ultra,new,in_stock
SRK-SAM-GalaxyS22Ult-BAT-DIAG,Galaxy S22 Ultra Battery Kit,"DIY Galaxy S22 Ultra diagnosable battery replacement kit — embedded serial chip pairs with Apple System Configuration to restore Battery Health percentage in Settings. Quality cell matching original capacity. Includes all precision tools, adhesive, QR video guide. Optimised Battery Charging restored after pairing. 90-day warranty. Australian stock.",129.00 AUD,https://sc04.alicdn.com/kf/A4698a6c841b14cec8f1ce6fa878c0e0eN.png,Samsung,Electronics > Communications > Telephony > Mobile Phone Accessories,https://selfrepairkit.com.au/shop.html?model=galaxy-s22-ultra,new,in_stock
SRK-GALAX-SCR-PRO-AUTO,Galaxy S22 Ultra Screen Kit,Professional Pro Grade Replacement.,129.00 AUD,https://sc04.alicdn.com/kf/A4698a6c841b14cec8f1ce6fa878c0e0eN.png,Samsung,Electronics > Communications > Telephony > Mobile Phone Accessories,https://selfrepairkit.com.au/shop.html?model=galaxy-s22-ultra,new,in_stock
SRK-SAM-GALAXY-S22-ULTRA-CP-ELITE,Galaxy S22 Ultra Charging Port Kit,Includes ORIGINAL replacement port and tools. Fixes charging issues.,99.00 AUD,https://sc04.alicdn.com/kf/A4698a6c841b14cec8f1ce6fa878c0e0eN.png,Samsung,Electronics > Communications > Telephony > Mobile Phone Accessories,https://selfrepairkit.com.au/shop.html?model=galaxy-s22-ultra,new,in_stock
SRK-SAM-GalaxyS23-SCR-INCELL,Galaxy S23 Screen Kit,"DIY Galaxy S23 screen replacement kit with INCELL LCD display. Includes precision pentalobe & tri-point screwdrivers, suction cup, ESD-safe spudgers, pre-cut adhesive strips, and QR-linked step-by-step video guide. 90-day warranty. Ships same day from Newcastle Australia.",259.00 AUD,https://sc04.alicdn.com/kf/A4698a6c841b14cec8f1ce6fa878c0e0eN.png,Samsung,Electronics > Communications > Telephony > Mobile Phone Accessories,https://selfrepairkit.com.au/shop.html?model=galaxy-s23,new,in_stock
SRK-SAM-GalaxyS23-SCR-OEM,Galaxy S23 Screen Kit,"DIY Galaxy S23 screen replacement kit with factory-sealed OEM Service Pack display — identical to Apple/Samsung/Google original. Full True Tone, Face ID, biometric compatibility. Always diagnosable and pairable with System Configuration. Includes precision toolkit, adhesive, QR video guide. 90-day warranty. Ships from Newcastle AU.",359.00 AUD,https://sc04.alicdn.com/kf/A4698a6c841b14cec8f1ce6fa878c0e0eN.png,Samsung,Electronics > Communications > Telephony > Mobile Phone Accessories,https://selfrepairkit.com.au/shop.html?model=galaxy-s23,new,in_stock
SRK-SAM-GalaxyS23-BAT-STD,Galaxy S23 Battery Kit,"DIY Galaxy S23 battery replacement kit with quality lithium-ion cell matching original mAh capacity. Restores full-day battery life. Includes pentalobe screwdriver, suction cup, spudger, adhesive strips, and QR step-by-step video guide. 90-day warranty. Same-day dispatch from Newcastle Australia.",79.00 AUD,https://sc04.alicdn.com/kf/A4698a6c841b14cec8f1ce6fa878c0e0eN.png,Samsung,Electronics > Communications > Telephony > Mobile Phone Accessories,https://selfrepairkit.com.au/shop.html?model=galaxy-s23,new,in_stock
SRK-SAM-GalaxyS23-BAT-DIAG,Galaxy S23 Battery Kit,"DIY Galaxy S23 diagnosable battery replacement kit — embedded serial chip pairs with Apple System Configuration to restore Battery Health percentage in Settings. Quality cell matching original capacity. Includes all precision tools, adhesive, QR video guide. Optimised Battery Charging restored after pairing. 90-day warranty. Australian stock.",129.00 AUD,https://sc04.alicdn.com/kf/A4698a6c841b14cec8f1ce6fa878c0e0eN.png,Samsung,Electronics > Communications > Telephony > Mobile Phone Accessories,https://selfrepairkit.com.au/shop.html?model=galaxy-s23,new,in_stock
SRK-GALAX-SCR-PRO-AUTO,Galaxy S23 Screen Kit,Professional Pro Grade Replacement.,129.00 AUD,https://sc04.alicdn.com/kf/A4698a6c841b14cec8f1ce6fa878c0e0eN.png,Samsung,Electronics > Communications > Telephony > Mobile Phone Accessories,https://selfrepairkit.com.au/shop.html?model=galaxy-s23,new,in_stock
SRK-SAM-GALAXY-S23-CP-ELITE,Galaxy S23 Charging Port Kit,Includes ORIGINAL replacement port and tools. Fixes charging issues.,99.00 AUD,https://sc04.alicdn.com/kf/A4698a6c841b14cec8f1ce6fa878c0e0eN.png,Samsung,Electronics > Communications > Telephony > Mobile Phone Accessories,https://selfrepairkit.com.au/shop.html?model=galaxy-s23,new,in_stock
SRK-SAM-GalaxyS23FE-SCR-INCELL,Galaxy S23 FE Screen Kit,"DIY Galaxy S23 FE screen replacement kit with INCELL LCD display. Includes precision pentalobe & tri-point screwdrivers, suction cup, ESD-safe spudgers, pre-cut adhesive strips, and QR-linked step-by-step video guide. 90-day warranty. Ships same day from Newcastle Australia.",259.00 AUD,https://sc04.alicdn.com/kf/A4698a6c841b14cec8f1ce6fa878c0e0eN.png,Samsung,Electronics > Communications > Telephony > Mobile Phone Accessories,https://selfrepairkit.com.au/shop.html?model=galaxy-s23-fe,new,in_stock
SRK-SAM-GalaxyS23FE-SCR-OEM,Galaxy S23 FE Screen Kit,"DIY Galaxy S23 FE screen replacement kit with factory-sealed OEM Service Pack display — identical to Apple/Samsung/Google original. Full True Tone, Face ID, biometric compatibility. Always diagnosable and pairable with System Configuration. Includes precision toolkit, adhesive, QR video guide. 90-day warranty. Ships from Newcastle AU.",359.00 AUD,https://sc04.alicdn.com/kf/A4698a6c841b14cec8f1ce6fa878c0e0eN.png,Samsung,Electronics > Communications > Telephony > Mobile Phone Accessories,https://selfrepairkit.com.au/shop.html?model=galaxy-s23-fe,new,in_stock
SRK-SAM-GalaxyS23FE-BAT-STD,Galaxy S23 FE Battery Kit,"DIY Galaxy S23 FE battery replacement kit with quality lithium-ion cell matching original mAh capacity. Restores full-day battery life. Includes pentalobe screwdriver, suction cup, spudger, adhesive strips, and QR step-by-step video guide. 90-day warranty. Same-day dispatch from Newcastle Australia.",79.00 AUD,https://sc04.alicdn.com/kf/A4698a6c841b14cec8f1ce6fa878c0e0eN.png,Samsung,Electronics > Communications > Telephony > Mobile Phone Accessories,https://selfrepairkit.com.au/shop.html?model=galaxy-s23-fe,new,in_stock
SRK-SAM-GalaxyS23FE-BAT-DIAG,Galaxy S23 FE Battery Kit,"DIY Galaxy S23 FE diagnosable battery replacement kit — embedded serial chip pairs with Apple System Configuration to restore Battery Health percentage in Settings. Quality cell matching original capacity. Includes all precision tools, adhesive, QR video guide. Optimised Battery Charging restored after pairing. 90-day warranty. Australian stock.",129.00 AUD,https://sc04.alicdn.com/kf/A4698a6c841b14cec8f1ce6fa878c0e0eN.png,Samsung,Electronics > Communications > Telephony > Mobile Phone Accessories,https://selfrepairkit.com.au/shop.html?model=galaxy-s23-fe,new,in_stock
SRK-GALAX-SCR-PRO-AUTO,Galaxy S23 Fe Screen Kit,Professional Pro Grade Replacement.,129.00 AUD,https://sc04.alicdn.com/kf/A4698a6c841b14cec8f1ce6fa878c0e0eN.png,Samsung,Electronics > Communications > Telephony > Mobile Phone Accessories,https://selfrepairkit.com.au/shop.html?model=galaxy-s23-fe,new,in_stock
SRK-SAM-GALAXY-S23-FE-CP-ELITE,Galaxy S23 Fe Charging Port Kit,Includes ORIGINAL replacement port and tools. Fixes charging issues.,99.00 AUD,https://sc04.alicdn.com/kf/A4698a6c841b14cec8f1ce6fa878c0e0eN.png,Samsung,Electronics > Communications > Telephony > Mobile Phone Accessories,https://selfrepairkit.com.au/shop.html?model=galaxy-s23-fe,new,in_stock
SRK-SAM-GalaxyS23Plu-SCR-INCELL,Galaxy S23 Plus Screen Kit,"DIY Galaxy S23 Plus screen replacement kit with INCELL LCD display. Includes precision pentalobe & tri-point screwdrivers, suction cup, ESD-safe spudgers, pre-cut adhesive strips, and QR-linked step-by-step video guide. 90-day warranty. Ships same day from Newcastle Australia.",259.00 AUD,https://sc04.alicdn.com/kf/A4698a6c841b14cec8f1ce6fa878c0e0eN.png,Samsung,Electronics > Communications > Telephony > Mobile Phone Accessories,https://selfrepairkit.com.au/shop.html?model=galaxy-s23-plus,new,in_stock
SRK-SAM-GalaxyS23Plu-SCR-OEM,Galaxy S23 Plus Screen Kit,"DIY Galaxy S23 Plus screen replacement kit with factory-sealed OEM Service Pack display — identical to Apple/Samsung/Google original. Full True Tone, Face ID, biometric compatibility. Always diagnosable and pairable with System Configuration. Includes precision toolkit, adhesive, QR video guide. 90-day warranty. Ships from Newcastle AU.",359.00 AUD,https://sc04.alicdn.com/kf/A4698a6c841b14cec8f1ce6fa878c0e0eN.png,Samsung,Electronics > Communications > Telephony > Mobile Phone Accessories,https://selfrepairkit.com.au/shop.html?model=galaxy-s23-plus,new,in_stock
SRK-SAM-GalaxyS23Plu-BAT-STD,Galaxy S23 Plus Battery Kit,"DIY Galaxy S23 Plus battery replacement kit with quality lithium-ion cell matching original mAh capacity. Restores full-day battery life. Includes pentalobe screwdriver, suction cup, spudger, adhesive strips, and QR step-by-step video guide. 90-day warranty. Same-day dispatch from Newcastle Australia.",79.00 AUD,https://sc04.alicdn.com/kf/A4698a6c841b14cec8f1ce6fa878c0e0eN.png,Samsung,Electronics > Communications > Telephony > Mobile Phone Accessories,https://selfrepairkit.com.au/shop.html?model=galaxy-s23-plus,new,in_stock
SRK-SAM-GalaxyS23Plu-BAT-DIAG,Galaxy S23 Plus Battery Kit,"DIY Galaxy S23 Plus diagnosable battery replacement kit — embedded serial chip pairs with Apple System Configuration to restore Battery Health percentage in Settings. Quality cell matching original capacity. Includes all precision tools, adhesive, QR video guide. Optimised Battery Charging restored after pairing. 90-day warranty. Australian stock.",129.00 AUD,https://sc04.alicdn.com/kf/A4698a6c841b14cec8f1ce6fa878c0e0eN.png,Samsung,Electronics > Communications > Telephony > Mobile Phone Accessories,https://selfrepairkit.com.au/shop.html?model=galaxy-s23-plus,new,in_stock
SRK-GALAX-SCR-PRO-AUTO,Galaxy S23 Plus Screen Kit,Professional Pro Grade Replacement.,129.00 AUD,https://sc04.alicdn.com/kf/A4698a6c841b14cec8f1ce6fa878c0e0eN.png,Samsung,Electronics > Communications > Telephony > Mobile Phone Accessories,https://selfrepairkit.com.au/shop.html?model=galaxy-s23-plus,new,in_stock
SRK-SAM-GALAXY-S23-PLUS-CP-ELITE,Galaxy S23 Plus Charging Port Kit,Includes ORIGINAL replacement port and tools. Fixes charging issues.,99.00 AUD,https://sc04.alicdn.com/kf/A4698a6c841b14cec8f1ce6fa878c0e0eN.png,Samsung,Electronics > Communications > Telephony > Mobile Phone Accessories,https://selfrepairkit.com.au/shop.html?model=galaxy-s23-plus,new,in_stock
SRK-SAM-GalaxyS23Ult-SCR-INCELL,Galaxy S23 Ultra Screen Kit,"DIY Galaxy S23 Ultra screen replacement kit with INCELL LCD display. Includes precision pentalobe & tri-point screwdrivers, suction cup, ESD-safe spudgers, pre-cut adhesive strips, and QR-linked step-by-step video guide. 90-day warranty. Ships same day from Newcastle Australia.",259.00 AUD,https://sc04.alicdn.com/kf/A4698a6c841b14cec8f1ce6fa878c0e0eN.png,Samsung,Electronics > Communications > Telephony > Mobile Phone Accessories,https://selfrepairkit.com.au/shop.html?model=galaxy-s23-ultra,new,in_stock
SRK-SAM-GalaxyS23Ult-SCR-OEM,Galaxy S23 Ultra Screen Kit,"DIY Galaxy S23 Ultra screen replacement kit with factory-sealed OEM Service Pack display — identical to Apple/Samsung/Google original. Full True Tone, Face ID, biometric compatibility. Always diagnosable and pairable with System Configuration. Includes precision toolkit, adhesive, QR video guide. 90-day warranty. Ships from Newcastle AU.",359.00 AUD,https://sc04.alicdn.com/kf/A4698a6c841b14cec8f1ce6fa878c0e0eN.png,Samsung,Electronics > Communications > Telephony > Mobile Phone Accessories,https://selfrepairkit.com.au/shop.html?model=galaxy-s23-ultra,new,in_stock
SRK-SAM-GalaxyS23Ult-BAT-STD,Galaxy S23 Ultra Battery Kit,"DIY Galaxy S23 Ultra battery replacement kit with quality lithium-ion cell matching original mAh capacity. Restores full-day battery life. Includes pentalobe screwdriver, suction cup, spudger, adhesive strips, and QR step-by-step video guide. 90-day warranty. Same-day dispatch from Newcastle Australia.",79.00 AUD,https://sc04.alicdn.com/kf/A4698a6c841b14cec8f1ce6fa878c0e0eN.png,Samsung,Electronics > Communications > Telephony > Mobile Phone Accessories,https://selfrepairkit.com.au/shop.html?model=galaxy-s23-ultra,new,in_stock
SRK-SAM-GalaxyS23Ult-BAT-DIAG,Galaxy S23 Ultra Battery Kit,"DIY Galaxy S23 Ultra diagnosable battery replacement kit — embedded serial chip pairs with Apple System Configuration to restore Battery Health percentage in Settings. Quality cell matching original capacity. Includes all precision tools, adhesive, QR video guide. Optimised Battery Charging restored after pairing. 90-day warranty. Australian stock.",129.00 AUD,https://sc04.alicdn.com/kf/A4698a6c841b14cec8f1ce6fa878c0e0eN.png,Samsung,Electronics > Communications > Telephony > Mobile Phone Accessories,https://selfrepairkit.com.au/shop.html?model=galaxy-s23-ultra,new,in_stock
SRK-GALAX-SCR-PRO-AUTO,Galaxy S23 Ultra Screen Kit,Professional Pro Grade Replacement.,129.00 AUD,https://sc04.alicdn.com/kf/A4698a6c841b14cec8f1ce6fa878c0e0eN.png,Samsung,Electronics > Communications > Telephony > Mobile Phone Accessories,https://selfrepairkit.com.au/shop.html?model=galaxy-s23-ultra,new,in_stock
SRK-SAM-GALAXY-S23-ULTRA-CP-ELITE,Galaxy S23 Ultra Charging Port Kit,Includes ORIGINAL replacement port and tools. Fixes charging issues.,99.00 AUD,https://sc04.alicdn.com/kf/A4698a6c841b14cec8f1ce6fa878c0e0eN.png,Samsung,Electronics > Communications > Telephony > Mobile Phone Accessories,https://selfrepairkit.com.au/shop.html?model=galaxy-s23-ultra,new,in_stock
SRK-SAM-GalaxyS24-SCR-INCELL,Galaxy S24 Screen Kit,"DIY Galaxy S24 screen replacement kit with INCELL LCD display. Includes precision pentalobe & tri-point screwdrivers, suction cup, ESD-safe spudgers, pre-cut adhesive strips, and QR-linked step-by-step video guide. 90-day warranty. Ships same day from Newcastle Australia.",259.00 AUD,https://sc04.alicdn.com/kf/A4698a6c841b14cec8f1ce6fa878c0e0eN.png,Samsung,Electronics > Communications > Telephony > Mobile Phone Accessories,https://selfrepairkit.com.au/shop.html?model=galaxy-s24,new,in_stock
SRK-SAM-GalaxyS24-SCR-OEM,Galaxy S24 Screen Kit,"DIY Galaxy S24 screen replacement kit with factory-sealed OEM Service Pack display — identical to Apple/Samsung/Google original. Full True Tone, Face ID, biometric compatibility. Always diagnosable and pairable with System Configuration. Includes precision toolkit, adhesive, QR video guide. 90-day warranty. Ships from Newcastle AU.",359.00 AUD,https://sc04.alicdn.com/kf/A4698a6c841b14cec8f1ce6fa878c0e0eN.png,Samsung,Electronics > Communications > Telephony > Mobile Phone Accessories,https://selfrepairkit.com.au/shop.html?model=galaxy-s24,new,in_stock
SRK-SAM-GalaxyS24-BAT-STD,Galaxy S24 Battery Kit,"DIY Galaxy S24 battery replacement kit with quality lithium-ion cell matching original mAh capacity. Restores full-day battery life. Includes pentalobe screwdriver, suction cup, spudger, adhesive strips, and QR step-by-step video guide. 90-day warranty. Same-day dispatch from Newcastle Australia.",79.00 AUD,https://sc04.alicdn.com/kf/A4698a6c841b14cec8f1ce6fa878c0e0eN.png,Samsung,Electronics > Communications > Telephony > Mobile Phone Accessories,https://selfrepairkit.com.au/shop.html?model=galaxy-s24,new,in_stock
SRK-SAM-GalaxyS24-BAT-DIAG,Galaxy S24 Battery Kit,"DIY Galaxy S24 diagnosable battery replacement kit — embedded serial chip pairs with Apple System Configuration to restore Battery Health percentage in Settings. Quality cell matching original capacity. Includes all precision tools, adhesive, QR video guide. Optimised Battery Charging restored after pairing. 90-day warranty. Australian stock.",129.00 AUD,https://sc04.alicdn.com/kf/A4698a6c841b14cec8f1ce6fa878c0e0eN.png,Samsung,Electronics > Communications > Telephony > Mobile Phone Accessories,https://selfrepairkit.com.au/shop.html?model=galaxy-s24,new,in_stock
SRK-GALAX-SCR-PRO-AUTO,Galaxy S24 Screen Kit,Professional Pro Grade Replacement.,129.00 AUD,https://sc04.alicdn.com/kf/A4698a6c841b14cec8f1ce6fa878c0e0eN.png,Samsung,Electronics > Communications > Telephony > Mobile Phone Accessories,https://selfrepairkit.com.au/shop.html?model=galaxy-s24,new,in_stock
SRK-SAM-GALAXY-S24-CP-ELITE,Galaxy S24 Charging Port Kit,Includes ORIGINAL replacement port and tools. Fixes charging issues.,99.00 AUD,https://sc04.alicdn.com/kf/A4698a6c841b14cec8f1ce6fa878c0e0eN.png,Samsung,Electronics > Communications > Telephony > Mobile Phone Accessories,https://selfrepairkit.com.au/shop.html?model=galaxy-s24,new,in_stock
SRK-SAM-GalaxyS24Plu-SCR-INCELL,Galaxy S24 Plus Screen Kit,"DIY Galaxy S24 Plus screen replacement kit with INCELL LCD display. Includes precision pentalobe & tri-point screwdrivers, suction cup, ESD-safe spudgers, pre-cut adhesive strips, and QR-linked step-by-step video guide. 90-day warranty. Ships same day from Newcastle Australia.",259.00 AUD,https://sc04.alicdn.com/kf/A4698a6c841b14cec8f1ce6fa878c0e0eN.png,Samsung,Electronics > Communications > Telephony > Mobile Phone Accessories,https://selfrepairkit.com.au/shop.html?model=galaxy-s24-plus,new,in_stock
SRK-SAM-GalaxyS24Plu-SCR-OEM,Galaxy S24 Plus Screen Kit,"DIY Galaxy S24 Plus screen replacement kit with factory-sealed OEM Service Pack display — identical to Apple/Samsung/Google original. Full True Tone, Face ID, biometric compatibility. Always diagnosable and pairable with System Configuration. Includes precision toolkit, adhesive, QR video guide. 90-day warranty. Ships from Newcastle AU.",359.00 AUD,https://sc04.alicdn.com/kf/A4698a6c841b14cec8f1ce6fa878c0e0eN.png,Samsung,Electronics > Communications > Telephony > Mobile Phone Accessories,https://selfrepairkit.com.au/shop.html?model=galaxy-s24-plus,new,in_stock
SRK-SAM-GalaxyS24Plu-BAT-STD,Galaxy S24 Plus Battery Kit,"DIY Galaxy S24 Plus battery replacement kit with quality lithium-ion cell matching original mAh capacity. Restores full-day battery life. Includes pentalobe screwdriver, suction cup, spudger, adhesive strips, and QR step-by-step video guide. 90-day warranty. Same-day dispatch from Newcastle Australia.",79.00 AUD,https://sc04.alicdn.com/kf/A4698a6c841b14cec8f1ce6fa878c0e0eN.png,Samsung,Electronics > Communications > Telephony > Mobile Phone Accessories,https://selfrepairkit.com.au/shop.html?model=galaxy-s24-plus,new,in_stock
SRK-SAM-GalaxyS24Plu-BAT-DIAG,Galaxy S24 Plus Battery Kit,"DIY Galaxy S24 Plus diagnosable battery replacement kit — embedded serial chip pairs with Apple System Configuration to restore Battery Health percentage in Settings. Quality cell matching original capacity. Includes all precision tools, adhesive, QR video guide. Optimised Battery Charging restored after pairing. 90-day warranty. Australian stock.",129.00 AUD,https://sc04.alicdn.com/kf/A4698a6c841b14cec8f1ce6fa878c0e0eN.png,Samsung,Electronics > Communications > Telephony > Mobile Phone Accessories,https://selfrepairkit.com.au/shop.html?model=galaxy-s24-plus,new,in_stock
SRK-GALAX-SCR-PRO-AUTO,Galaxy S24 Plus Screen Kit,Professional Pro Grade Replacement.,129.00 AUD,https://sc04.alicdn.com/kf/A4698a6c841b14cec8f1ce6fa878c0e0eN.png,Samsung,Electronics > Communications > Telephony > Mobile Phone Accessories,https://selfrepairkit.com.au/shop.html?model=galaxy-s24-plus,new,in_stock
SRK-SAM-GALAXY-S24-PLUS-CP-ELITE,Galaxy S24 Plus Charging Port Kit,Includes ORIGINAL replacement port and tools. Fixes charging issues.,99.00 AUD,https://sc04.alicdn.com/kf/A4698a6c841b14cec8f1ce6fa878c0e0eN.png,Samsung,Electronics > Communications > Telephony > Mobile Phone Accessories,https://selfrepairkit.com.au/shop.html?model=galaxy-s24-plus,new,in_stock
SRK-SAM-GalaxyS24FE-SCR-INCELL,Galaxy S24 FE Screen Kit,"DIY Galaxy S24 FE screen replacement kit with INCELL LCD display. Includes precision pentalobe & tri-point screwdrivers, suction cup, ESD-safe spudgers, pre-cut adhesive strips, and QR-linked step-by-step video guide. 90-day warranty. Ships same day from Newcastle Australia.",259.00 AUD,https://sc04.alicdn.com/kf/A4698a6c841b14cec8f1ce6fa878c0e0eN.png,Samsung,Electronics > Communications > Telephony > Mobile Phone Accessories,https://selfrepairkit.com.au/shop.html?model=galaxy-s24-fe,new,in_stock
SRK-SAM-GalaxyS24FE-SCR-OEM,Galaxy S24 FE Screen Kit,"DIY Galaxy S24 FE screen replacement kit with factory-sealed OEM Service Pack display — identical to Apple/Samsung/Google original. Full True Tone, Face ID, biometric compatibility. Always diagnosable and pairable with System Configuration. Includes precision toolkit, adhesive, QR video guide. 90-day warranty. Ships from Newcastle AU.",359.00 AUD,https://sc04.alicdn.com/kf/A4698a6c841b14cec8f1ce6fa878c0e0eN.png,Samsung,Electronics > Communications > Telephony > Mobile Phone Accessories,https://selfrepairkit.com.au/shop.html?model=galaxy-s24-fe,new,in_stock
SRK-SAM-GalaxyS24FE-BAT-STD,Galaxy S24 FE Battery Kit,"DIY Galaxy S24 FE battery replacement kit with quality lithium-ion cell matching original mAh capacity. Restores full-day battery life. Includes pentalobe screwdriver, suction cup, spudger, adhesive strips, and QR step-by-step video guide. 90-day warranty. Same-day dispatch from Newcastle Australia.",79.00 AUD,https://sc04.alicdn.com/kf/A4698a6c841b14cec8f1ce6fa878c0e0eN.png,Samsung,Electronics > Communications > Telephony > Mobile Phone Accessories,https://selfrepairkit.com.au/shop.html?model=galaxy-s24-fe,new,in_stock
SRK-SAM-GalaxyS24FE-BAT-DIAG,Galaxy S24 FE Battery Kit,"DIY Galaxy S24 FE diagnosable battery replacement kit — embedded serial chip pairs with Apple System Configuration to restore Battery Health percentage in Settings. Quality cell matching original capacity. Includes all precision tools, adhesive, QR video guide. Optimised Battery Charging restored after pairing. 90-day warranty. Australian stock.",129.00 AUD,https://sc04.alicdn.com/kf/A4698a6c841b14cec8f1ce6fa878c0e0eN.png,Samsung,Electronics > Communications > Telephony > Mobile Phone Accessories,https://selfrepairkit.com.au/shop.html?model=galaxy-s24-fe,new,in_stock
SRK-GALAX-SCR-PRO-AUTO,Galaxy S24 Fe Screen Kit,Professional Pro Grade Replacement.,129.00 AUD,https://sc04.alicdn.com/kf/A4698a6c841b14cec8f1ce6fa878c0e0eN.png,Samsung,Electronics > Communications > Telephony > Mobile Phone Accessories,https://selfrepairkit.com.au/shop.html?model=galaxy-s24-fe,new,in_stock
SRK-SAM-GALAXY-S24-FE-CP-ELITE,Galaxy S24 Fe Charging Port Kit,Includes ORIGINAL replacement port and tools. Fixes charging issues.,99.00 AUD,https://sc04.alicdn.com/kf/A4698a6c841b14cec8f1ce6fa878c0e0eN.png,Samsung,Electronics > Communications > Telephony > Mobile Phone Accessories,https://selfrepairkit.com.au/shop.html?model=galaxy-s24-fe,new,in_stock
SRK-SAM-GalaxyS24Ult-SCR-INCELL,Galaxy S24 Ultra Screen Kit,"DIY Galaxy S24 Ultra screen replacement kit with INCELL LCD display. Includes precision pentalobe & tri-point screwdrivers, suction cup, ESD-safe spudgers, pre-cut adhesive strips, and QR-linked step-by-step video guide. 90-day warranty. Ships same day from Newcastle Australia.",259.00 AUD,https://sc04.alicdn.com/kf/A4698a6c841b14cec8f1ce6fa878c0e0eN.png,Samsung,Electronics > Communications > Telephony > Mobile Phone Accessories,https://selfrepairkit.com.au/shop.html?model=galaxy-s24-ultra,new,in_stock
SRK-SAM-GalaxyS24Ult-SCR-OEM,Galaxy S24 Ultra Screen Kit,"DIY Galaxy S24 Ultra screen replacement kit with factory-sealed OEM Service Pack display — identical to Apple/Samsung/Google original. Full True Tone, Face ID, biometric compatibility. Always diagnosable and pairable with System Configuration. Includes precision toolkit, adhesive, QR video guide. 90-day warranty. Ships from Newcastle AU.",359.00 AUD,https://sc04.alicdn.com/kf/A4698a6c841b14cec8f1ce6fa878c0e0eN.png,Samsung,Electronics > Communications > Telephony > Mobile Phone Accessories,https://selfrepairkit.com.au/shop.html?model=galaxy-s24-ultra,new,in_stock
SRK-SAM-GalaxyS24Ult-BAT-STD,Galaxy S24 Ultra Battery Kit,"DIY Galaxy S24 Ultra battery replacement kit with quality lithium-ion cell matching original mAh capacity. Restores full-day battery life. Includes pentalobe screwdriver, suction cup, spudger, adhesive strips, and QR step-by-step video guide. 90-day warranty. Same-day dispatch from Newcastle Australia.",79.00 AUD,https://sc04.alicdn.com/kf/A4698a6c841b14cec8f1ce6fa878c0e0eN.png,Samsung,Electronics > Communications > Telephony > Mobile Phone Accessories,https://selfrepairkit.com.au/shop.html?model=galaxy-s24-ultra,new,in_stock
SRK-SAM-GalaxyS24Ult-BAT-DIAG,Galaxy S24 Ultra Battery Kit,"DIY Galaxy S24 Ultra diagnosable battery replacement kit — embedded serial chip pairs with Apple System Configuration to restore Battery Health percentage in Settings. Quality cell matching original capacity. Includes all precision tools, adhesive, QR video guide. Optimised Battery Charging restored after pairing. 90-day warranty. Australian stock.",129.00 AUD,https://sc04.alicdn.com/kf/A4698a6c841b14cec8f1ce6fa878c0e0eN.png,Samsung,Electronics > Communications > Telephony > Mobile Phone Accessories,https://selfrepairkit.com.au/shop.html?model=galaxy-s24-ultra,new,in_stock
SRK-GALAX-SCR-PRO-AUTO,Galaxy S24 Ultra Screen Kit,Professional Pro Grade Replacement.,129.00 AUD,https://sc04.alicdn.com/kf/A4698a6c841b14cec8f1ce6fa878c0e0eN.png,Samsung,Electronics > Communications > Telephony > Mobile Phone Accessories,https://selfrepairkit.com.au/shop.html?model=galaxy-s24-ultra,new,in_stock
SRK-SAM-GALAXY-S24-ULTRA-CP-ELITE,Galaxy S24 Ultra Charging Port Kit,Includes ORIGINAL replacement port and tools. Fixes charging issues.,99.00 AUD,https://sc04.alicdn.com/kf/A4698a6c841b14cec8f1ce6fa878c0e0eN.png,Samsung,Electronics > Communications > Telephony > Mobile Phone Accessories,https://selfrepairkit.com.au/shop.html?model=galaxy-s24-ultra,new,in_stock
SRK-SAM-GalaxyS25FE-SCR-INCELL,Galaxy S25 FE Screen Kit,"DIY Galaxy S25 FE screen replacement kit with INCELL LCD display. Includes precision pentalobe & tri-point screwdrivers, suction cup, ESD-safe spudgers, pre-cut adhesive strips, and QR-linked step-by-step video guide. 90-day warranty. Ships same day from Newcastle Australia.",259.00 AUD,https://sc04.alicdn.com/kf/A4698a6c841b14cec8f1ce6fa878c0e0eN.png,Samsung,Electronics > Communications > Telephony > Mobile Phone Accessories,https://selfrepairkit.com.au/shop.html?model=galaxy-s25-fe,new,in_stock
SRK-SAM-GalaxyS25FE-SCR-OEM,Galaxy S25 FE Screen Kit,"DIY Galaxy S25 FE screen replacement kit with factory-sealed OEM Service Pack display — identical to Apple/Samsung/Google original. Full True Tone, Face ID, biometric compatibility. Always diagnosable and pairable with System Configuration. Includes precision toolkit, adhesive, QR video guide. 90-day warranty. Ships from Newcastle AU.",359.00 AUD,https://sc04.alicdn.com/kf/A4698a6c841b14cec8f1ce6fa878c0e0eN.png,Samsung,Electronics > Communications > Telephony > Mobile Phone Accessories,https://selfrepairkit.com.au/shop.html?model=galaxy-s25-fe,new,in_stock
SRK-SAM-GalaxyS25FE-BAT-STD,Galaxy S25 FE Battery Kit,"DIY Galaxy S25 FE battery replacement kit with quality lithium-ion cell matching original mAh capacity. Restores full-day battery life. Includes pentalobe screwdriver, suction cup, spudger, adhesive strips, and QR step-by-step video guide. 90-day warranty. Same-day dispatch from Newcastle Australia.",79.00 AUD,https://sc04.alicdn.com/kf/A4698a6c841b14cec8f1ce6fa878c0e0eN.png,Samsung,Electronics > Communications > Telephony > Mobile Phone Accessories,https://selfrepairkit.com.au/shop.html?model=galaxy-s25-fe,new,in_stock
SRK-SAM-GalaxyS25FE-BAT-DIAG,Galaxy S25 FE Battery Kit,"DIY Galaxy S25 FE diagnosable battery replacement kit — embedded serial chip pairs with Apple System Configuration to restore Battery Health percentage in Settings. Quality cell matching original capacity. Includes all precision tools, adhesive, QR video guide. Optimised Battery Charging restored after pairing. 90-day warranty. Australian stock.",129.00 AUD,https://sc04.alicdn.com/kf/A4698a6c841b14cec8f1ce6fa878c0e0eN.png,Samsung,Electronics > Communications > Telephony > Mobile Phone Accessories,https://selfrepairkit.com.au/shop.html?model=galaxy-s25-fe,new,in_stock
SRK-GALAX-SCR-PRO-AUTO,Galaxy S25 Fe Screen Kit,Professional Pro Grade Replacement.,129.00 AUD,https://sc04.alicdn.com/kf/A4698a6c841b14cec8f1ce6fa878c0e0eN.png,Samsung,Electronics > Communications > Telephony > Mobile Phone Accessories,https://selfrepairkit.com.au/shop.html?model=galaxy-s25-fe,new,in_stock
SRK-SAM-GALAXY-S25-FE-CP-ELITE,Galaxy S25 Fe Charging Port Kit,Includes ORIGINAL replacement port and tools. Fixes charging issues.,99.00 AUD,https://sc04.alicdn.com/kf/A4698a6c841b14cec8f1ce6fa878c0e0eN.png,Samsung,Electronics > Communications > Telephony > Mobile Phone Accessories,https://selfrepairkit.com.au/shop.html?model=galaxy-s25-fe,new,in_stock
SRK-SAM-GalaxyS25-SCR-INCELL,Galaxy S25 Screen Kit,"DIY Galaxy S25 screen replacement kit with INCELL LCD display. Includes precision pentalobe & tri-point screwdrivers, suction cup, ESD-safe spudgers, pre-cut adhesive strips, and QR-linked step-by-step video guide. 90-day warranty. Ships same day from Newcastle Australia.",259.00 AUD,https://sc04.alicdn.com/kf/A4698a6c841b14cec8f1ce6fa878c0e0eN.png,Samsung,Electronics > Communications > Telephony > Mobile Phone Accessories,https://selfrepairkit.com.au/shop.html?model=galaxy-s25,new,in_stock
SRK-SAM-GalaxyS25-SCR-OEM,Galaxy S25 Screen Kit,"DIY Galaxy S25 screen replacement kit with factory-sealed OEM Service Pack display — identical to Apple/Samsung/Google original. Full True Tone, Face ID, biometric compatibility. Always diagnosable and pairable with System Configuration. Includes precision toolkit, adhesive, QR video guide. 90-day warranty. Ships from Newcastle AU.",359.00 AUD,https://sc04.alicdn.com/kf/A4698a6c841b14cec8f1ce6fa878c0e0eN.png,Samsung,Electronics > Communications > Telephony > Mobile Phone Accessories,https://selfrepairkit.com.au/shop.html?model=galaxy-s25,new,in_stock
SRK-SAM-GalaxyS25-BAT-STD,Galaxy S25 Battery Kit,"DIY Galaxy S25 battery replacement kit with quality lithium-ion cell matching original mAh capacity. Restores full-day battery life. Includes pentalobe screwdriver, suction cup, spudger, adhesive strips, and QR step-by-step video guide. 90-day warranty. Same-day dispatch from Newcastle Australia.",79.00 AUD,https://sc04.alicdn.com/kf/A4698a6c841b14cec8f1ce6fa878c0e0eN.png,Samsung,Electronics > Communications > Telephony > Mobile Phone Accessories,https://selfrepairkit.com.au/shop.html?model=galaxy-s25,new,in_stock
SRK-SAM-GalaxyS25-BAT-DIAG,Galaxy S25 Battery Kit,"DIY Galaxy S25 diagnosable battery replacement kit — embedded serial chip pairs with Apple System Configuration to restore Battery Health percentage in Settings. Quality cell matching original capacity. Includes all precision tools, adhesive, QR video guide. Optimised Battery Charging restored after pairing. 90-day warranty. Australian stock.",129.00 AUD,https://sc04.alicdn.com/kf/A4698a6c841b14cec8f1ce6fa878c0e0eN.png,Samsung,Electronics > Communications > Telephony > Mobile Phone Accessories,https://selfrepairkit.com.au/shop.html?model=galaxy-s25,new,in_stock
SRK-GALAX-SCR-PRO-AUTO,Galaxy S25 Screen Kit,Professional Pro Grade Replacement.,129.00 AUD,https://sc04.alicdn.com/kf/A4698a6c841b14cec8f1ce6fa878c0e0eN.png,Samsung,Electronics > Communications > Telephony > Mobile Phone Accessories,https://selfrepairkit.com.au/shop.html?model=galaxy-s25,new,in_stock
SRK-SAM-GALAXY-S25-CP-ELITE,Galaxy S25 Charging Port Kit,Includes ORIGINAL replacement port and tools. Fixes charging issues.,99.00 AUD,https://sc04.alicdn.com/kf/A4698a6c841b14cec8f1ce6fa878c0e0eN.png,Samsung,Electronics > Communications > Telephony > Mobile Phone Accessories,https://selfrepairkit.com.au/shop.html?model=galaxy-s25,new,in_stock
SRK-SAM-GalaxyS25Plu-SCR-INCELL,Galaxy S25 Plus Screen Kit,"DIY Galaxy S25 Plus screen replacement kit with INCELL LCD display. Includes precision pentalobe & tri-point screwdrivers, suction cup, ESD-safe spudgers, pre-cut adhesive strips, and QR-linked step-by-step video guide. 90-day warranty. Ships same day from Newcastle Australia.",259.00 AUD,https://sc04.alicdn.com/kf/A4698a6c841b14cec8f1ce6fa878c0e0eN.png,Samsung,Electronics > Communications > Telephony > Mobile Phone Accessories,https://selfrepairkit.com.au/shop.html?model=galaxy-s25-plus,new,in_stock
SRK-SAM-GalaxyS25Plu-SCR-OEM,Galaxy S25 Plus Screen Kit,"DIY Galaxy S25 Plus screen replacement kit with factory-sealed OEM Service Pack display — identical to Apple/Samsung/Google original. Full True Tone, Face ID, biometric compatibility. Always diagnosable and pairable with System Configuration. Includes precision toolkit, adhesive, QR video guide. 90-day warranty. Ships from Newcastle AU.",359.00 AUD,https://sc04.alicdn.com/kf/A4698a6c841b14cec8f1ce6fa878c0e0eN.png,Samsung,Electronics > Communications > Telephony > Mobile Phone Accessories,https://selfrepairkit.com.au/shop.html?model=galaxy-s25-plus,new,in_stock
SRK-SAM-GalaxyS25Plu-BAT-STD,Galaxy S25 Plus Battery Kit,"DIY Galaxy S25 Plus battery replacement kit with quality lithium-ion cell matching original mAh capacity. Restores full-day battery life. Includes pentalobe screwdriver, suction cup, spudger, adhesive strips, and QR step-by-step video guide. 90-day warranty. Same-day dispatch from Newcastle Australia.",79.00 AUD,https://sc04.alicdn.com/kf/A4698a6c841b14cec8f1ce6fa878c0e0eN.png,Samsung,Electronics > Communications > Telephony > Mobile Phone Accessories,https://selfrepairkit.com.au/shop.html?model=galaxy-s25-plus,new,in_stock
SRK-SAM-GalaxyS25Plu-BAT-DIAG,Galaxy S25 Plus Battery Kit,"DIY Galaxy S25 Plus diagnosable battery replacement kit — embedded serial chip pairs with Apple System Configuration to restore Battery Health percentage in Settings. Quality cell matching original capacity. Includes all precision tools, adhesive, QR video guide. Optimised Battery Charging restored after pairing. 90-day warranty. Australian stock.",129.00 AUD,https://sc04.alicdn.com/kf/A4698a6c841b14cec8f1ce6fa878c0e0eN.png,Samsung,Electronics > Communications > Telephony > Mobile Phone Accessories,https://selfrepairkit.com.au/shop.html?model=galaxy-s25-plus,new,in_stock
SRK-GALAX-SCR-PRO-AUTO,Galaxy S25 Plus Screen Kit,Professional Pro Grade Replacement.,129.00 AUD,https://sc04.alicdn.com/kf/A4698a6c841b14cec8f1ce6fa878c0e0eN.png,Samsung,Electronics > Communications > Telephony > Mobile Phone Accessories,https://selfrepairkit.com.au/shop.html?model=galaxy-s25-plus,new,in_stock
SRK-SAM-GALAXY-S25-PLUS-CP-ELITE,Galaxy S25 Plus Charging Port Kit,Includes ORIGINAL replacement port and tools. Fixes charging issues.,99.00 AUD,https://sc04.alicdn.com/kf/A4698a6c841b14cec8f1ce6fa878c0e0eN.png,Samsung,Electronics > Communications > Telephony > Mobile Phone Accessories,https://selfrepairkit.com.au/shop.html?model=galaxy-s25-plus,new,in_stock
SRK-SAM-GalaxyS25Ult-SCR-INCELL,Galaxy S25 Ultra Screen Kit,"DIY Galaxy S25 Ultra screen replacement kit with INCELL LCD display. Includes precision pentalobe & tri-point screwdrivers, suction cup, ESD-safe spudgers, pre-cut adhesive strips, and QR-linked step-by-step video guide. 90-day warranty. Ships same day from Newcastle Australia.",259.00 AUD,https://sc04.alicdn.com/kf/A4698a6c841b14cec8f1ce6fa878c0e0eN.png,Samsung,Electronics > Communications > Telephony > Mobile Phone Accessories,https://selfrepairkit.com.au/shop.html?model=galaxy-s25-ultra,new,in_stock
SRK-SAM-GalaxyS25Ult-SCR-OEM,Galaxy S25 Ultra Screen Kit,"DIY Galaxy S25 Ultra screen replacement kit with factory-sealed OEM Service Pack display — identical to Apple/Samsung/Google original. Full True Tone, Face ID, biometric compatibility. Always diagnosable and pairable with System Configuration. Includes precision toolkit, adhesive, QR video guide. 90-day warranty. Ships from Newcastle AU.",359.00 AUD,https://sc04.alicdn.com/kf/A4698a6c841b14cec8f1ce6fa878c0e0eN.png,Samsung,Electronics > Communications > Telephony > Mobile Phone Accessories,https://selfrepairkit.com.au/shop.html?model=galaxy-s25-ultra,new,in_stock
SRK-SAM-GalaxyS25Ult-BAT-STD,Galaxy S25 Ultra Battery Kit,"DIY Galaxy S25 Ultra battery replacement kit with quality lithium-ion cell matching original mAh capacity. Restores full-day battery life. Includes pentalobe screwdriver, suction cup, spudger, adhesive strips, and QR step-by-step video guide. 90-day warranty. Same-day dispatch from Newcastle Australia.",79.00 AUD,https://sc04.alicdn.com/kf/A4698a6c841b14cec8f1ce6fa878c0e0eN.png,Samsung,Electronics > Communications > Telephony > Mobile Phone Accessories,https://selfrepairkit.com.au/shop.html?model=galaxy-s25-ultra,new,in_stock
SRK-SAM-GalaxyS25Ult-BAT-DIAG,Galaxy S25 Ultra Battery Kit,"DIY Galaxy S25 Ultra diagnosable battery replacement kit — embedded serial chip pairs with Apple System Configuration to restore Battery Health percentage in Settings. Quality cell matching original capacity. Includes all precision tools, adhesive, QR video guide. Optimised Battery Charging restored after pairing. 90-day warranty. Australian stock.",129.00 AUD,https://sc04.alicdn.com/kf/A4698a6c841b14cec8f1ce6fa878c0e0eN.png,Samsung,Electronics > Communications > Telephony > Mobile Phone Accessories,https://selfrepairkit.com.au/shop.html?model=galaxy-s25-ultra,new,in_stock
SRK-GALAX-SCR-PRO-AUTO,Galaxy S25 Ultra Screen Kit,Professional Pro Grade Replacement.,129.00 AUD,https://sc04.alicdn.com/kf/A4698a6c841b14cec8f1ce6fa878c0e0eN.png,Samsung,Electronics > Communications > Telephony > Mobile Phone Accessories,https://selfrepairkit.com.au/shop.html?model=galaxy-s25-ultra,new,in_stock
SRK-SAM-GALAXY-S25-ULTRA-CP-ELITE,Galaxy S25 Ultra Charging Port Kit,Includes ORIGINAL replacement port and tools. Fixes charging issues.,99.00 AUD,https://sc04.alicdn.com/kf/A4698a6c841b14cec8f1ce6fa878c0e0eN.png,Samsung,Electronics > Communications > Telephony > Mobile Phone Accessories,https://selfrepairkit.com.au/shop.html?model=galaxy-s25-ultra,new,in_stock
SRK-SAM-GalaxyS26-SCR-INCELL,Galaxy S26 Screen Kit,"DIY Galaxy S26 screen replacement kit with INCELL LCD display. Includes precision pentalobe & tri-point screwdrivers, suction cup, ESD-safe spudgers, pre-cut adhesive strips, and QR-linked step-by-step video guide. 90-day warranty. Ships same day from Newcastle Australia.",259.00 AUD,https://sc04.alicdn.com/kf/A4698a6c841b14cec8f1ce6fa878c0e0eN.png,Samsung,Electronics > Communications > Telephony > Mobile Phone Accessories,https://selfrepairkit.com.au/shop.html?model=galaxy-s26,new,in_stock
SRK-SAM-GalaxyS26-SCR-OEM,Galaxy S26 Screen Kit,"DIY Galaxy S26 screen replacement kit with factory-sealed OEM Service Pack display — identical to Apple/Samsung/Google original. Full True Tone, Face ID, biometric compatibility. Always diagnosable and pairable with System Configuration. Includes precision toolkit, adhesive, QR video guide. 90-day warranty. Ships from Newcastle AU.",359.00 AUD,https://sc04.alicdn.com/kf/A4698a6c841b14cec8f1ce6fa878c0e0eN.png,Samsung,Electronics > Communications > Telephony > Mobile Phone Accessories,https://selfrepairkit.com.au/shop.html?model=galaxy-s26,new,in_stock
SRK-SAM-GalaxyS26-BAT-STD,Galaxy S26 Battery Kit,"DIY Galaxy S26 battery replacement kit with quality lithium-ion cell matching original mAh capacity. Restores full-day battery life. Includes pentalobe screwdriver, suction cup, spudger, adhesive strips, and QR step-by-step video guide. 90-day warranty. Same-day dispatch from Newcastle Australia.",79.00 AUD,https://sc04.alicdn.com/kf/A4698a6c841b14cec8f1ce6fa878c0e0eN.png,Samsung,Electronics > Communications > Telephony > Mobile Phone Accessories,https://selfrepairkit.com.au/shop.html?model=galaxy-s26,new,in_stock
SRK-SAM-GalaxyS26-BAT-DIAG,Galaxy S26 Battery Kit,"DIY Galaxy S26 diagnosable battery replacement kit — embedded serial chip pairs with Apple System Configuration to restore Battery Health percentage in Settings. Quality cell matching original capacity. Includes all precision tools, adhesive, QR video guide. Optimised Battery Charging restored after pairing. 90-day warranty. Australian stock.",129.00 AUD,https://sc04.alicdn.com/kf/A4698a6c841b14cec8f1ce6fa878c0e0eN.png,Samsung,Electronics > Communications > Telephony > Mobile Phone Accessories,https://selfrepairkit.com.au/shop.html?model=galaxy-s26,new,in_stock
SRK-GALAX-SCR-PRO-AUTO,Galaxy S26 Screen Kit,Professional Pro Grade Replacement.,129.00 AUD,https://sc04.alicdn.com/kf/A4698a6c841b14cec8f1ce6fa878c0e0eN.png,Samsung,Electronics > Communications > Telephony > Mobile Phone Accessories,https://selfrepairkit.com.au/shop.html?model=galaxy-s26,new,in_stock
SRK-SAM-GALAXY-S26-CP-ELITE,Galaxy S26 Charging Port Kit,Includes ORIGINAL replacement port and tools. Fixes charging issues.,99.00 AUD,https://sc04.alicdn.com/kf/A4698a6c841b14cec8f1ce6fa878c0e0eN.png,Samsung,Electronics > Communications > Telephony > Mobile Phone Accessories,https://selfrepairkit.com.au/shop.html?model=galaxy-s26,new,in_stock
SRK-SAM-GalaxyS26FE-SCR-INCELL,Galaxy S26 FE Screen Kit,"DIY Galaxy S26 FE screen replacement kit with INCELL LCD display. Includes precision pentalobe & tri-point screwdrivers, suction cup, ESD-safe spudgers, pre-cut adhesive strips, and QR-linked step-by-step video guide. 90-day warranty. Ships same day from Newcastle Australia.",259.00 AUD,https://sc04.alicdn.com/kf/A4698a6c841b14cec8f1ce6fa878c0e0eN.png,Samsung,Electronics > Communications > Telephony > Mobile Phone Accessories,https://selfrepairkit.com.au/shop.html?model=galaxy-s26-fe,new,in_stock
SRK-SAM-GalaxyS26FE-SCR-OEM,Galaxy S26 FE Screen Kit,"DIY Galaxy S26 FE screen replacement kit with factory-sealed OEM Service Pack display — identical to Apple/Samsung/Google original. Full True Tone, Face ID, biometric compatibility. Always diagnosable and pairable with System Configuration. Includes precision toolkit, adhesive, QR video guide. 90-day warranty. Ships from Newcastle AU.",359.00 AUD,https://sc04.alicdn.com/kf/A4698a6c841b14cec8f1ce6fa878c0e0eN.png,Samsung,Electronics > Communications > Telephony > Mobile Phone Accessories,https://selfrepairkit.com.au/shop.html?model=galaxy-s26-fe,new,in_stock
SRK-SAM-GalaxyS26FE-BAT-STD,Galaxy S26 FE Battery Kit,"DIY Galaxy S26 FE battery replacement kit with quality lithium-ion cell matching original mAh capacity. Restores full-day battery life. Includes pentalobe screwdriver, suction cup, spudger, adhesive strips, and QR step-by-step video guide. 90-day warranty. Same-day dispatch from Newcastle Australia.",79.00 AUD,https://sc04.alicdn.com/kf/A4698a6c841b14cec8f1ce6fa878c0e0eN.png,Samsung,Electronics > Communications > Telephony > Mobile Phone Accessories,https://selfrepairkit.com.au/shop.html?model=galaxy-s26-fe,new,in_stock
SRK-SAM-GalaxyS26FE-BAT-DIAG,Galaxy S26 FE Battery Kit,"DIY Galaxy S26 FE diagnosable battery replacement kit — embedded serial chip pairs with Apple System Configuration to restore Battery Health percentage in Settings. Quality cell matching original capacity. Includes all precision tools, adhesive, QR video guide. Optimised Battery Charging restored after pairing. 90-day warranty. Australian stock.",129.00 AUD,https://sc04.alicdn.com/kf/A4698a6c841b14cec8f1ce6fa878c0e0eN.png,Samsung,Electronics > Communications > Telephony > Mobile Phone Accessories,https://selfrepairkit.com.au/shop.html?model=galaxy-s26-fe,new,in_stock
SRK-GALAX-SCR-PRO-AUTO,Galaxy S26 Fe Screen Kit,Professional Pro Grade Replacement.,129.00 AUD,https://sc04.alicdn.com/kf/A4698a6c841b14cec8f1ce6fa878c0e0eN.png,Samsung,Electronics > Communications > Telephony > Mobile Phone Accessories,https://selfrepairkit.com.au/shop.html?model=galaxy-s26-fe,new,in_stock
SRK-SAM-GALAXY-S26-FE-CP-ELITE,Galaxy S26 Fe Charging Port Kit,Includes ORIGINAL replacement port and tools. Fixes charging issues.,99.00 AUD,https://sc04.alicdn.com/kf/A4698a6c841b14cec8f1ce6fa878c0e0eN.png,Samsung,Electronics > Communications > Telephony > Mobile Phone Accessories,https://selfrepairkit.com.au/shop.html?model=galaxy-s26-fe,new,in_stock
SRK-SAM-GalaxyS26Plu-SCR-INCELL,Galaxy S26 Plus Screen Kit,"DIY Galaxy S26 Plus screen replacement kit with INCELL LCD display. Includes precision pentalobe & tri-point screwdrivers, suction cup, ESD-safe spudgers, pre-cut adhesive strips, and QR-linked step-by-step video guide. 90-day warranty. Ships same day from Newcastle Australia.",259.00 AUD,https://sc04.alicdn.com/kf/A4698a6c841b14cec8f1ce6fa878c0e0eN.png,Samsung,Electronics > Communications > Telephony > Mobile Phone Accessories,https://selfrepairkit.com.au/shop.html?model=galaxy-s26-plus,new,in_stock
SRK-SAM-GalaxyS26Plu-SCR-OEM,Galaxy S26 Plus Screen Kit,"DIY Galaxy S26 Plus screen replacement kit with factory-sealed OEM Service Pack display — identical to Apple/Samsung/Google original. Full True Tone, Face ID, biometric compatibility. Always diagnosable and pairable with System Configuration. Includes precision toolkit, adhesive, QR video guide. 90-day warranty. Ships from Newcastle AU.",359.00 AUD,https://sc04.alicdn.com/kf/A4698a6c841b14cec8f1ce6fa878c0e0eN.png,Samsung,Electronics > Communications > Telephony > Mobile Phone Accessories,https://selfrepairkit.com.au/shop.html?model=galaxy-s26-plus,new,in_stock
SRK-SAM-GalaxyS26Plu-BAT-STD,Galaxy S26 Plus Battery Kit,"DIY Galaxy S26 Plus battery replacement kit with quality lithium-ion cell matching original mAh capacity. Restores full-day battery life. Includes pentalobe screwdriver, suction cup, spudger, adhesive strips, and QR step-by-step video guide. 90-day warranty. Same-day dispatch from Newcastle Australia.",79.00 AUD,https://sc04.alicdn.com/kf/A4698a6c841b14cec8f1ce6fa878c0e0eN.png,Samsung,Electronics > Communications > Telephony > Mobile Phone Accessories,https://selfrepairkit.com.au/shop.html?model=galaxy-s26-plus,new,in_stock
SRK-SAM-GalaxyS26Plu-BAT-DIAG,Galaxy S26 Plus Battery Kit,"DIY Galaxy S26 Plus diagnosable battery replacement kit — embedded serial chip pairs with Apple System Configuration to restore Battery Health percentage in Settings. Quality cell matching original capacity. Includes all precision tools, adhesive, QR video guide. Optimised Battery Charging restored after pairing. 90-day warranty. Australian stock.",129.00 AUD,https://sc04.alicdn.com/kf/A4698a6c841b14cec8f1ce6fa878c0e0eN.png,Samsung,Electronics > Communications > Telephony > Mobile Phone Accessories,https://selfrepairkit.com.au/shop.html?model=galaxy-s26-plus,new,in_stock
SRK-GALAX-SCR-PRO-AUTO,Galaxy S26 Plus Screen Kit,Professional Pro Grade Replacement.,129.00 AUD,https://sc04.alicdn.com/kf/A4698a6c841b14cec8f1ce6fa878c0e0eN.png,Samsung,Electronics > Communications > Telephony > Mobile Phone Accessories,https://selfrepairkit.com.au/shop.html?model=galaxy-s26-plus,new,in_stock
SRK-SAM-GALAXY-S26-PLUS-CP-ELITE,Galaxy S26 Plus Charging Port Kit,Includes ORIGINAL replacement port and tools. Fixes charging issues.,99.00 AUD,https://sc04.alicdn.com/kf/A4698a6c841b14cec8f1ce6fa878c0e0eN.png,Samsung,Electronics > Communications > Telephony > Mobile Phone Accessories,https://selfrepairkit.com.au/shop.html?model=galaxy-s26-plus,new,in_stock
SRK-SAM-GalaxyS26Ult-SCR-INCELL,Galaxy S26 Ultra Screen Kit,"DIY Galaxy S26 Ultra screen replacement kit with INCELL LCD display. Includes precision pentalobe & tri-point screwdrivers, suction cup, ESD-safe spudgers, pre-cut adhesive strips, and QR-linked step-by-step video guide. 90-day warranty. Ships same day from Newcastle Australia.",259.00 AUD,https://sc04.alicdn.com/kf/A4698a6c841b14cec8f1ce6fa878c0e0eN.png,Samsung,Electronics > Communications > Telephony > Mobile Phone Accessories,https://selfrepairkit.com.au/shop.html?model=galaxy-s26-ultra,new,in_stock
SRK-SAM-GalaxyS26Ult-SCR-OEM,Galaxy S26 Ultra Screen Kit,"DIY Galaxy S26 Ultra screen replacement kit with factory-sealed OEM Service Pack display — identical to Apple/Samsung/Google original. Full True Tone, Face ID, biometric compatibility. Always diagnosable and pairable with System Configuration. Includes precision toolkit, adhesive, QR video guide. 90-day warranty. Ships from Newcastle AU.",359.00 AUD,https://sc04.alicdn.com/kf/A4698a6c841b14cec8f1ce6fa878c0e0eN.png,Samsung,Electronics > Communications > Telephony > Mobile Phone Accessories,https://selfrepairkit.com.au/shop.html?model=galaxy-s26-ultra,new,in_stock
SRK-SAM-GalaxyS26Ult-BAT-STD,Galaxy S26 Ultra Battery Kit,"DIY Galaxy S26 Ultra battery replacement kit with quality lithium-ion cell matching original mAh capacity. Restores full-day battery life. Includes pentalobe screwdriver, suction cup, spudger, adhesive strips, and QR step-by-step video guide. 90-day warranty. Same-day dispatch from Newcastle Australia.",79.00 AUD,https://sc04.alicdn.com/kf/A4698a6c841b14cec8f1ce6fa878c0e0eN.png,Samsung,Electronics > Communications > Telephony > Mobile Phone Accessories,https://selfrepairkit.com.au/shop.html?model=galaxy-s26-ultra,new,in_stock
SRK-SAM-GalaxyS26Ult-BAT-DIAG,Galaxy S26 Ultra Battery Kit,"DIY Galaxy S26 Ultra diagnosable battery replacement kit — embedded serial chip pairs with Apple System Configuration to restore Battery Health percentage in Settings. Quality cell matching original capacity. Includes all precision tools, adhesive, QR video guide. Optimised Battery Charging restored after pairing. 90-day warranty. Australian stock.",129.00 AUD,https://sc04.alicdn.com/kf/A4698a6c841b14cec8f1ce6fa878c0e0eN.png,Samsung,Electronics > Communications > Telephony > Mobile Phone Accessories,https://selfrepairkit.com.au/shop.html?model=galaxy-s26-ultra,new,in_stock
SRK-GALAX-SCR-PRO-AUTO,Galaxy S26 Ultra Screen Kit,Professional Pro Grade Replacement.,129.00 AUD,https://sc04.alicdn.com/kf/A4698a6c841b14cec8f1ce6fa878c0e0eN.png,Samsung,Electronics > Communications > Telephony > Mobile Phone Accessories,https://selfrepairkit.com.au/shop.html?model=galaxy-s26-ultra,new,in_stock
SRK-SAM-GALAXY-S26-ULTRA-CP-ELITE,Galaxy S26 Ultra Charging Port Kit,Includes ORIGINAL replacement port and tools. Fixes charging issues.,99.00 AUD,https://sc04.alicdn.com/kf/A4698a6c841b14cec8f1ce6fa878c0e0eN.png,Samsung,Electronics > Communications > Telephony > Mobile Phone Accessories,https://selfrepairkit.com.au/shop.html?model=galaxy-s26-ultra,new,in_stock
SRK-SAM-GalaxyA04-SCR-INCELL,Galaxy A04 Screen Kit,"DIY Galaxy A04 screen replacement kit with INCELL LCD display. Includes precision pentalobe & tri-point screwdrivers, suction cup, ESD-safe spudgers, pre-cut adhesive strips, and QR-linked step-by-step video guide. 90-day warranty. Ships same day from Newcastle Australia.",99.00 AUD,https://sc04.alicdn.com/kf/A4698a6c841b14cec8f1ce6fa878c0e0eN.png,Samsung,Electronics > Communications > Telephony > Mobile Phone Accessories,https://selfrepairkit.com.au/shop.html?model=galaxy-a04,new,in_stock
SRK-SAM-GalaxyA04-SCR-OLED,Galaxy A04 Screen Kit,"DIY Galaxy A04 screen replacement kit with aftermarket Soft OLED display — vivid colours, true blacks, flush fit with phone frame. Preserves Samsung fingerprint sensor. Includes all precision tools, adhesive, and QR video repair guide. Diagnosable on most models. 90-day warranty. Australian stock, same-day dispatch.",110.00 AUD,https://sc04.alicdn.com/kf/A4698a6c841b14cec8f1ce6fa878c0e0eN.png,Samsung,Electronics > Communications > Telephony > Mobile Phone Accessories,https://selfrepairkit.com.au/shop.html?model=galaxy-a04,new,in_stock
SRK-SAM-GalaxyA04-SCR-OEM,Galaxy A04 Screen Kit,"DIY Galaxy A04 screen replacement kit with factory-sealed OEM Service Pack display — identical to Apple/Samsung/Google original. Full True Tone, Face ID, biometric compatibility. Always diagnosable and pairable with System Configuration. Includes precision toolkit, adhesive, QR video guide. 90-day warranty. Ships from Newcastle AU.",149.00 AUD,https://sc04.alicdn.com/kf/A4698a6c841b14cec8f1ce6fa878c0e0eN.png,Samsung,Electronics > Communications > Telephony > Mobile Phone Accessories,https://selfrepairkit.com.au/shop.html?model=galaxy-a04,new,in_stock
SRK-SAM-GalaxyA04-BAT-STD,Galaxy A04 Battery Kit,"DIY Galaxy A04 battery replacement kit with quality lithium-ion cell matching original mAh capacity. Restores full-day battery life. Includes pentalobe screwdriver, suction cup, spudger, adhesive strips, and QR step-by-step video guide. 90-day warranty. Same-day dispatch from Newcastle Australia.",79.00 AUD,https://sc04.alicdn.com/kf/A4698a6c841b14cec8f1ce6fa878c0e0eN.png,Samsung,Electronics > Communications > Telephony > Mobile Phone Accessories,https://selfrepairkit.com.au/shop.html?model=galaxy-a04,new,in_stock
SRK-SAM-GalaxyA04-BAT-DIAG,Galaxy A04 Battery Kit,"DIY Galaxy A04 diagnosable battery replacement kit — embedded serial chip pairs with Apple System Configuration to restore Battery Health percentage in Settings. Quality cell matching original capacity. Includes all precision tools, adhesive, QR video guide. Optimised Battery Charging restored after pairing. 90-day warranty. Australian stock.",129.00 AUD,https://sc04.alicdn.com/kf/A4698a6c841b14cec8f1ce6fa878c0e0eN.png,Samsung,Electronics > Communications > Telephony > Mobile Phone Accessories,https://selfrepairkit.com.au/shop.html?model=galaxy-a04,new,in_stock
SRK-SAM-GALAXY-A04-CP-ELITE,Galaxy A04 Charging Port Kit,Includes ORIGINAL replacement port and tools. Fixes charging issues.,79.00 AUD,https://sc04.alicdn.com/kf/A4698a6c841b14cec8f1ce6fa878c0e0eN.png,Samsung,Electronics > Communications > Telephony > Mobile Phone Accessories,https://selfrepairkit.com.au/shop.html?model=galaxy-a04,new,in_stock
SRK-SAM-GalaxyA05s-SCR-INCELL,Galaxy A05s Screen Kit,"DIY Galaxy A05s screen replacement kit with INCELL LCD display. Includes precision pentalobe & tri-point screwdrivers, suction cup, ESD-safe spudgers, pre-cut adhesive strips, and QR-linked step-by-step video guide. 90-day warranty. Ships same day from Newcastle Australia.",99.00 AUD,https://sc04.alicdn.com/kf/A4698a6c841b14cec8f1ce6fa878c0e0eN.png,Samsung,Electronics > Communications > Telephony > Mobile Phone Accessories,https://selfrepairkit.com.au/shop.html?model=galaxy-a05s,new,in_stock
SRK-SAM-GalaxyA05s-SCR-OLED,Galaxy A05s Screen Kit,"DIY Galaxy A05s screen replacement kit with aftermarket Soft OLED display — vivid colours, true blacks, flush fit with phone frame. Preserves Samsung fingerprint sensor. Includes all precision tools, adhesive, and QR video repair guide. Diagnosable on most models. 90-day warranty. Australian stock, same-day dispatch.",110.00 AUD,https://sc04.alicdn.com/kf/A4698a6c841b14cec8f1ce6fa878c0e0eN.png,Samsung,Electronics > Communications > Telephony > Mobile Phone Accessories,https://selfrepairkit.com.au/shop.html?model=galaxy-a05s,new,in_stock
SRK-SAM-GalaxyA05s-SCR-OEM,Galaxy A05s Screen Kit,"DIY Galaxy A05s screen replacement kit with factory-sealed OEM Service Pack display — identical to Apple/Samsung/Google original. Full True Tone, Face ID, biometric compatibility. Always diagnosable and pairable with System Configuration. Includes precision toolkit, adhesive, QR video guide. 90-day warranty. Ships from Newcastle AU.",149.00 AUD,https://sc04.alicdn.com/kf/A4698a6c841b14cec8f1ce6fa878c0e0eN.png,Samsung,Electronics > Communications > Telephony > Mobile Phone Accessories,https://selfrepairkit.com.au/shop.html?model=galaxy-a05s,new,in_stock
SRK-SAM-GalaxyA05s-BAT-STD,Galaxy A05s Battery Kit,"DIY Galaxy A05s battery replacement kit with quality lithium-ion cell matching original mAh capacity. Restores full-day battery life. Includes pentalobe screwdriver, suction cup, spudger, adhesive strips, and QR step-by-step video guide. 90-day warranty. Same-day dispatch from Newcastle Australia.",79.00 AUD,https://sc04.alicdn.com/kf/A4698a6c841b14cec8f1ce6fa878c0e0eN.png,Samsung,Electronics > Communications > Telephony > Mobile Phone Accessories,https://selfrepairkit.com.au/shop.html?model=galaxy-a05s,new,in_stock
SRK-SAM-GalaxyA05s-BAT-DIAG,Galaxy A05s Battery Kit,"DIY Galaxy A05s diagnosable battery replacement kit — embedded serial chip pairs with Apple System Configuration to restore Battery Health percentage in Settings. Quality cell matching original capacity. Includes all precision tools, adhesive, QR video guide. Optimised Battery Charging restored after pairing. 90-day warranty. Australian stock.",129.00 AUD,https://sc04.alicdn.com/kf/A4698a6c841b14cec8f1ce6fa878c0e0eN.png,Samsung,Electronics > Communications > Telephony > Mobile Phone Accessories,https://selfrepairkit.com.au/shop.html?model=galaxy-a05s,new,in_stock
SRK-SAM-GALAXY-A05S-CP-ELITE,Galaxy A05S Charging Port Kit,Includes ORIGINAL replacement port and tools. Fixes charging issues.,79.00 AUD,https://sc04.alicdn.com/kf/A4698a6c841b14cec8f1ce6fa878c0e0eN.png,Samsung,Electronics > Communications > Telephony > Mobile Phone Accessories,https://selfrepairkit.com.au/shop.html?model=galaxy-a05s,new,in_stock
SRK-SAM-GalaxyA12-SCR-INCELL,Galaxy A12 Screen Kit,"DIY Galaxy A12 screen replacement kit with INCELL LCD display. Includes precision pentalobe & tri-point screwdrivers, suction cup, ESD-safe spudgers, pre-cut adhesive strips, and QR-linked step-by-step video guide. 90-day warranty. Ships same day from Newcastle Australia.",99.00 AUD,https://sc04.alicdn.com/kf/A4698a6c841b14cec8f1ce6fa878c0e0eN.png,Samsung,Electronics > Communications > Telephony > Mobile Phone Accessories,https://selfrepairkit.com.au/shop.html?model=galaxy-a12,new,in_stock
SRK-SAM-GalaxyA12-SCR-OLED,Galaxy A12 Screen Kit,"DIY Galaxy A12 screen replacement kit with aftermarket Soft OLED display — vivid colours, true blacks, flush fit with phone frame. Preserves Samsung fingerprint sensor. Includes all precision tools, adhesive, and QR video repair guide. Diagnosable on most models. 90-day warranty. Australian stock, same-day dispatch.",110.00 AUD,https://sc04.alicdn.com/kf/A4698a6c841b14cec8f1ce6fa878c0e0eN.png,Samsung,Electronics > Communications > Telephony > Mobile Phone Accessories,https://selfrepairkit.com.au/shop.html?model=galaxy-a12,new,in_stock
SRK-SAM-GalaxyA12-SCR-OEM,Galaxy A12 Screen Kit,"DIY Galaxy A12 screen replacement kit with factory-sealed OEM Service Pack display — identical to Apple/Samsung/Google original. Full True Tone, Face ID, biometric compatibility. Always diagnosable and pairable with System Configuration. Includes precision toolkit, adhesive, QR video guide. 90-day warranty. Ships from Newcastle AU.",149.00 AUD,https://sc04.alicdn.com/kf/A4698a6c841b14cec8f1ce6fa878c0e0eN.png,Samsung,Electronics > Communications > Telephony > Mobile Phone Accessories,https://selfrepairkit.com.au/shop.html?model=galaxy-a12,new,in_stock
SRK-SAM-GalaxyA12-BAT-STD,Galaxy A12 Battery Kit,"DIY Galaxy A12 battery replacement kit with quality lithium-ion cell matching original mAh capacity. Restores full-day battery life. Includes pentalobe screwdriver, suction cup, spudger, adhesive strips, and QR step-by-step video guide. 90-day warranty. Same-day dispatch from Newcastle Australia.",79.00 AUD,https://sc04.alicdn.com/kf/A4698a6c841b14cec8f1ce6fa878c0e0eN.png,Samsung,Electronics > Communications > Telephony > Mobile Phone Accessories,https://selfrepairkit.com.au/shop.html?model=galaxy-a12,new,in_stock
SRK-SAM-GalaxyA12-BAT-DIAG,Galaxy A12 Battery Kit,"DIY Galaxy A12 diagnosable battery replacement kit — embedded serial chip pairs with Apple System Configuration to restore Battery Health percentage in Settings. Quality cell matching original capacity. Includes all precision tools, adhesive, QR video guide. Optimised Battery Charging restored after pairing. 90-day warranty. Australian stock.",129.00 AUD,https://sc04.alicdn.com/kf/A4698a6c841b14cec8f1ce6fa878c0e0eN.png,Samsung,Electronics > Communications > Telephony > Mobile Phone Accessories,https://selfrepairkit.com.au/shop.html?model=galaxy-a12,new,in_stock
SRK-SAM-GALAXY-A12-CP-ELITE,Galaxy A12 Charging Port Kit,Includes ORIGINAL replacement port and tools. Fixes charging issues.,79.00 AUD,https://sc04.alicdn.com/kf/A4698a6c841b14cec8f1ce6fa878c0e0eN.png,Samsung,Electronics > Communications > Telephony > Mobile Phone Accessories,https://selfrepairkit.com.au/shop.html?model=galaxy-a12,new,in_stock
SRK-SAM-GalaxyA134G-SCR-INCELL,Galaxy A13 4G Screen Kit,"DIY Galaxy A13 4G screen replacement kit with INCELL LCD display. Includes precision pentalobe & tri-point screwdrivers, suction cup, ESD-safe spudgers, pre-cut adhesive strips, and QR-linked step-by-step video guide. 90-day warranty. Ships same day from Newcastle Australia.",99.00 AUD,https://sc04.alicdn.com/kf/A4698a6c841b14cec8f1ce6fa878c0e0eN.png,Samsung,Electronics > Communications > Telephony > Mobile Phone Accessories,https://selfrepairkit.com.au/shop.html?model=galaxy-a13-4g,new,in_stock
SRK-SAM-GalaxyA134G-SCR-OLED,Galaxy A13 4G Screen Kit,"DIY Galaxy A13 4G screen replacement kit with aftermarket Soft OLED display — vivid colours, true blacks, flush fit with phone frame. Preserves Samsung fingerprint sensor. Includes all precision tools, adhesive, and QR video repair guide. Diagnosable on most models. 90-day warranty. Australian stock, same-day dispatch.",110.00 AUD,https://sc04.alicdn.com/kf/A4698a6c841b14cec8f1ce6fa878c0e0eN.png,Samsung,Electronics > Communications > Telephony > Mobile Phone Accessories,https://selfrepairkit.com.au/shop.html?model=galaxy-a13-4g,new,in_stock
SRK-SAM-GalaxyA134G-SCR-OEM,Galaxy A13 4G Screen Kit,"DIY Galaxy A13 4G screen replacement kit with factory-sealed OEM Service Pack display — identical to Apple/Samsung/Google original. Full True Tone, Face ID, biometric compatibility. Always diagnosable and pairable with System Configuration. Includes precision toolkit, adhesive, QR video guide. 90-day warranty. Ships from Newcastle AU.",149.00 AUD,https://sc04.alicdn.com/kf/A4698a6c841b14cec8f1ce6fa878c0e0eN.png,Samsung,Electronics > Communications > Telephony > Mobile Phone Accessories,https://selfrepairkit.com.au/shop.html?model=galaxy-a13-4g,new,in_stock
SRK-SAM-GalaxyA134G-BAT-STD,Galaxy A13 4G Battery Kit,"DIY Galaxy A13 4G battery replacement kit with quality lithium-ion cell matching original mAh capacity. Restores full-day battery life. Includes pentalobe screwdriver, suction cup, spudger, adhesive strips, and QR step-by-step video guide. 90-day warranty. Same-day dispatch from Newcastle Australia.",79.00 AUD,https://sc04.alicdn.com/kf/A4698a6c841b14cec8f1ce6fa878c0e0eN.png,Samsung,Electronics > Communications > Telephony > Mobile Phone Accessories,https://selfrepairkit.com.au/shop.html?model=galaxy-a13-4g,new,in_stock
SRK-SAM-GalaxyA134G-BAT-DIAG,Galaxy A13 4G Battery Kit,"DIY Galaxy A13 4G diagnosable battery replacement kit — embedded serial chip pairs with Apple System Configuration to restore Battery Health percentage in Settings. Quality cell matching original capacity. Includes all precision tools, adhesive, QR video guide. Optimised Battery Charging restored after pairing. 90-day warranty. Australian stock.",129.00 AUD,https://sc04.alicdn.com/kf/A4698a6c841b14cec8f1ce6fa878c0e0eN.png,Samsung,Electronics > Communications > Telephony > Mobile Phone Accessories,https://selfrepairkit.com.au/shop.html?model=galaxy-a13-4g,new,in_stock
SRK-SAM-GALAXY-A13-4G-CP-ELITE,Galaxy A13 4G Charging Port Kit,Includes ORIGINAL replacement port and tools. Fixes charging issues.,79.00 AUD,https://sc04.alicdn.com/kf/A4698a6c841b14cec8f1ce6fa878c0e0eN.png,Samsung,Electronics > Communications > Telephony > Mobile Phone Accessories,https://selfrepairkit.com.au/shop.html?model=galaxy-a13-4g,new,in_stock
SRK-SAM-GalaxyA14-SCR-INCELL,Galaxy A14 Screen Kit,"DIY Galaxy A14 screen replacement kit with INCELL LCD display. Includes precision pentalobe & tri-point screwdrivers, suction cup, ESD-safe spudgers, pre-cut adhesive strips, and QR-linked step-by-step video guide. 90-day warranty. Ships same day from Newcastle Australia.",99.00 AUD,https://sc04.alicdn.com/kf/A4698a6c841b14cec8f1ce6fa878c0e0eN.png,Samsung,Electronics > Communications > Telephony > Mobile Phone Accessories,https://selfrepairkit.com.au/shop.html?model=galaxy-a14,new,in_stock
SRK-SAM-GalaxyA14-SCR-OLED,Galaxy A14 Screen Kit,"DIY Galaxy A14 screen replacement kit with aftermarket Soft OLED display — vivid colours, true blacks, flush fit with phone frame. Preserves Samsung fingerprint sensor. Includes all precision tools, adhesive, and QR video repair guide. Diagnosable on most models. 90-day warranty. Australian stock, same-day dispatch.",110.00 AUD,https://sc04.alicdn.com/kf/A4698a6c841b14cec8f1ce6fa878c0e0eN.png,Samsung,Electronics > Communications > Telephony > Mobile Phone Accessories,https://selfrepairkit.com.au/shop.html?model=galaxy-a14,new,in_stock
SRK-SAM-GalaxyA14-SCR-OEM,Galaxy A14 Screen Kit,"DIY Galaxy A14 screen replacement kit with factory-sealed OEM Service Pack display — identical to Apple/Samsung/Google original. Full True Tone, Face ID, biometric compatibility. Always diagnosable and pairable with System Configuration. Includes precision toolkit, adhesive, QR video guide. 90-day warranty. Ships from Newcastle AU.",149.00 AUD,https://sc04.alicdn.com/kf/A4698a6c841b14cec8f1ce6fa878c0e0eN.png,Samsung,Electronics > Communications > Telephony > Mobile Phone Accessories,https://selfrepairkit.com.au/shop.html?model=galaxy-a14,new,in_stock
SRK-SAM-GalaxyA14-BAT-STD,Galaxy A14 Battery Kit,"DIY Galaxy A14 battery replacement kit with quality lithium-ion cell matching original mAh capacity. Restores full-day battery life. Includes pentalobe screwdriver, suction cup, spudger, adhesive strips, and QR step-by-step video guide. 90-day warranty. Same-day dispatch from Newcastle Australia.",79.00 AUD,https://sc04.alicdn.com/kf/A4698a6c841b14cec8f1ce6fa878c0e0eN.png,Samsung,Electronics > Communications > Telephony > Mobile Phone Accessories,https://selfrepairkit.com.au/shop.html?model=galaxy-a14,new,in_stock
SRK-SAM-GalaxyA14-BAT-DIAG,Galaxy A14 Battery Kit,"DIY Galaxy A14 diagnosable battery replacement kit — embedded serial chip pairs with Apple System Configuration to restore Battery Health percentage in Settings. Quality cell matching original capacity. Includes all precision tools, adhesive, QR video guide. Optimised Battery Charging restored after pairing. 90-day warranty. Australian stock.",129.00 AUD,https://sc04.alicdn.com/kf/A4698a6c841b14cec8f1ce6fa878c0e0eN.png,Samsung,Electronics > Communications > Telephony > Mobile Phone Accessories,https://selfrepairkit.com.au/shop.html?model=galaxy-a14,new,in_stock
SRK-SAM-GALAXY-A14-CP-ELITE,Galaxy A14 Charging Port Kit,Includes ORIGINAL replacement port and tools. Fixes charging issues.,79.00 AUD,https://sc04.alicdn.com/kf/A4698a6c841b14cec8f1ce6fa878c0e0eN.png,Samsung,Electronics > Communications > Telephony > Mobile Phone Accessories,https://selfrepairkit.com.au/shop.html?model=galaxy-a14,new,in_stock
SRK-SAM-GalaxyA155G-SCR-INCELL,Galaxy A15 5G Screen Kit,"DIY Galaxy A15 5G screen replacement kit with INCELL LCD display. Includes precision pentalobe & tri-point screwdrivers, suction cup, ESD-safe spudgers, pre-cut adhesive strips, and QR-linked step-by-step video guide. 90-day warranty. Ships same day from Newcastle Australia.",99.00 AUD,https://sc04.alicdn.com/kf/A4698a6c841b14cec8f1ce6fa878c0e0eN.png,Samsung,Electronics > Communications > Telephony > Mobile Phone Accessories,https://selfrepairkit.com.au/shop.html?model=galaxy-a15-5g,new,in_stock
SRK-SAM-GalaxyA155G-SCR-OLED,Galaxy A15 5G Screen Kit,"DIY Galaxy A15 5G screen replacement kit with aftermarket Soft OLED display — vivid colours, true blacks, flush fit with phone frame. Preserves Samsung fingerprint sensor. Includes all precision tools, adhesive, and QR video repair guide. Diagnosable on most models. 90-day warranty. Australian stock, same-day dispatch.",110.00 AUD,https://sc04.alicdn.com/kf/A4698a6c841b14cec8f1ce6fa878c0e0eN.png,Samsung,Electronics > Communications > Telephony > Mobile Phone Accessories,https://selfrepairkit.com.au/shop.html?model=galaxy-a15-5g,new,in_stock
SRK-SAM-GalaxyA155G-SCR-OEM,Galaxy A15 5G Screen Kit,"DIY Galaxy A15 5G screen replacement kit with factory-sealed OEM Service Pack display — identical to Apple/Samsung/Google original. Full True Tone, Face ID, biometric compatibility. Always diagnosable and pairable with System Configuration. Includes precision toolkit, adhesive, QR video guide. 90-day warranty. Ships from Newcastle AU.",169.00 AUD,https://sc04.alicdn.com/kf/A4698a6c841b14cec8f1ce6fa878c0e0eN.png,Samsung,Electronics > Communications > Telephony > Mobile Phone Accessories,https://selfrepairkit.com.au/shop.html?model=galaxy-a15-5g,new,in_stock
SRK-SAM-GalaxyA155G-BAT-STD,Galaxy A15 5G Battery Kit,"DIY Galaxy A15 5G battery replacement kit with quality lithium-ion cell matching original mAh capacity. Restores full-day battery life. Includes pentalobe screwdriver, suction cup, spudger, adhesive strips, and QR step-by-step video guide. 90-day warranty. Same-day dispatch from Newcastle Australia.",79.00 AUD,https://sc04.alicdn.com/kf/A4698a6c841b14cec8f1ce6fa878c0e0eN.png,Samsung,Electronics > Communications > Telephony > Mobile Phone Accessories,https://selfrepairkit.com.au/shop.html?model=galaxy-a15-5g,new,in_stock
SRK-SAM-GalaxyA155G-BAT-DIAG,Galaxy A15 5G Battery Kit,"DIY Galaxy A15 5G diagnosable battery replacement kit — embedded serial chip pairs with Apple System Configuration to restore Battery Health percentage in Settings. Quality cell matching original capacity. Includes all precision tools, adhesive, QR video guide. Optimised Battery Charging restored after pairing. 90-day warranty. Australian stock.",129.00 AUD,https://sc04.alicdn.com/kf/A4698a6c841b14cec8f1ce6fa878c0e0eN.png,Samsung,Electronics > Communications > Telephony > Mobile Phone Accessories,https://selfrepairkit.com.au/shop.html?model=galaxy-a15-5g,new,in_stock
SRK-SAM-GALAXY-A15-5G-CP-ELITE,Galaxy A15 5G Charging Port Kit,Includes ORIGINAL replacement port and tools. Fixes charging issues.,79.00 AUD,https://sc04.alicdn.com/kf/A4698a6c841b14cec8f1ce6fa878c0e0eN.png,Samsung,Electronics > Communications > Telephony > Mobile Phone Accessories,https://selfrepairkit.com.au/shop.html?model=galaxy-a15-5g,new,in_stock
SRK-SAM-GalaxyA165G-SCR-INCELL,Galaxy A16 5G Screen Kit,"DIY Galaxy A16 5G screen replacement kit with INCELL LCD display. Includes precision pentalobe & tri-point screwdrivers, suction cup, ESD-safe spudgers, pre-cut adhesive strips, and QR-linked step-by-step video guide. 90-day warranty. Ships same day from Newcastle Australia.",99.00 AUD,https://sc04.alicdn.com/kf/A4698a6c841b14cec8f1ce6fa878c0e0eN.png,Samsung,Electronics > Communications > Telephony > Mobile Phone Accessories,https://selfrepairkit.com.au/shop.html?model=galaxy-a16-5g,new,in_stock
SRK-SAM-GalaxyA165G-SCR-OLED,Galaxy A16 5G Screen Kit,"DIY Galaxy A16 5G screen replacement kit with aftermarket Soft OLED display — vivid colours, true blacks, flush fit with phone frame. Preserves Samsung fingerprint sensor. Includes all precision tools, adhesive, and QR video repair guide. Diagnosable on most models. 90-day warranty. Australian stock, same-day dispatch.",110.00 AUD,https://sc04.alicdn.com/kf/A4698a6c841b14cec8f1ce6fa878c0e0eN.png,Samsung,Electronics > Communications > Telephony > Mobile Phone Accessories,https://selfrepairkit.com.au/shop.html?model=galaxy-a16-5g,new,in_stock
SRK-SAM-GalaxyA165G-SCR-OEM,Galaxy A16 5G Screen Kit,"DIY Galaxy A16 5G screen replacement kit with factory-sealed OEM Service Pack display — identical to Apple/Samsung/Google original. Full True Tone, Face ID, biometric compatibility. Always diagnosable and pairable with System Configuration. Includes precision toolkit, adhesive, QR video guide. 90-day warranty. Ships from Newcastle AU.",169.00 AUD,https://sc04.alicdn.com/kf/A4698a6c841b14cec8f1ce6fa878c0e0eN.png,Samsung,Electronics > Communications > Telephony > Mobile Phone Accessories,https://selfrepairkit.com.au/shop.html?model=galaxy-a16-5g,new,in_stock
SRK-SAM-GalaxyA165G-BAT-STD,Galaxy A16 5G Battery Kit,"DIY Galaxy A16 5G battery replacement kit with quality lithium-ion cell matching original mAh capacity. Restores full-day battery life. Includes pentalobe screwdriver, suction cup, spudger, adhesive strips, and QR step-by-step video guide. 90-day warranty. Same-day dispatch from Newcastle Australia.",79.00 AUD,https://sc04.alicdn.com/kf/A4698a6c841b14cec8f1ce6fa878c0e0eN.png,Samsung,Electronics > Communications > Telephony > Mobile Phone Accessories,https://selfrepairkit.com.au/shop.html?model=galaxy-a16-5g,new,in_stock
SRK-SAM-GalaxyA165G-BAT-DIAG,Galaxy A16 5G Battery Kit,"DIY Galaxy A16 5G diagnosable battery replacement kit — embedded serial chip pairs with Apple System Configuration to restore Battery Health percentage in Settings. Quality cell matching original capacity. Includes all precision tools, adhesive, QR video guide. Optimised Battery Charging restored after pairing. 90-day warranty. Australian stock.",129.00 AUD,https://sc04.alicdn.com/kf/A4698a6c841b14cec8f1ce6fa878c0e0eN.png,Samsung,Electronics > Communications > Telephony > Mobile Phone Accessories,https://selfrepairkit.com.au/shop.html?model=galaxy-a16-5g,new,in_stock
SRK-SAM-GALAXY-A16-5G-CP-ELITE,Galaxy A16 5G Charging Port Kit,Includes ORIGINAL replacement port and tools. Fixes charging issues.,79.00 AUD,https://sc04.alicdn.com/kf/A4698a6c841b14cec8f1ce6fa878c0e0eN.png,Samsung,Electronics > Communications > Telephony > Mobile Phone Accessories,https://selfrepairkit.com.au/shop.html?model=galaxy-a16-5g,new,in_stock
SRK-SAM-GalaxyA175G-SCR-INCELL,Galaxy A17 5G Screen Kit,"DIY Galaxy A17 5G screen replacement kit with INCELL LCD display. Includes precision pentalobe & tri-point screwdrivers, suction cup, ESD-safe spudgers, pre-cut adhesive strips, and QR-linked step-by-step video guide. 90-day warranty. Ships same day from Newcastle Australia.",99.00 AUD,https://sc04.alicdn.com/kf/A4698a6c841b14cec8f1ce6fa878c0e0eN.png,Samsung,Electronics > Communications > Telephony > Mobile Phone Accessories,https://selfrepairkit.com.au/shop.html?model=galaxy-a17-5g,new,in_stock
SRK-SAM-GalaxyA175G-SCR-OLED,Galaxy A17 5G Screen Kit,"DIY Galaxy A17 5G screen replacement kit with aftermarket Soft OLED display — vivid colours, true blacks, flush fit with phone frame. Preserves Samsung fingerprint sensor. Includes all precision tools, adhesive, and QR video repair guide. Diagnosable on most models. 90-day warranty. Australian stock, same-day dispatch.",110.00 AUD,https://sc04.alicdn.com/kf/A4698a6c841b14cec8f1ce6fa878c0e0eN.png,Samsung,Electronics > Communications > Telephony > Mobile Phone Accessories,https://selfrepairkit.com.au/shop.html?model=galaxy-a17-5g,new,in_stock
SRK-SAM-GalaxyA175G-SCR-OEM,Galaxy A17 5G Screen Kit,"DIY Galaxy A17 5G screen replacement kit with factory-sealed OEM Service Pack display — identical to Apple/Samsung/Google original. Full True Tone, Face ID, biometric compatibility. Always diagnosable and pairable with System Configuration. Includes precision toolkit, adhesive, QR video guide. 90-day warranty. Ships from Newcastle AU.",169.00 AUD,https://sc04.alicdn.com/kf/A4698a6c841b14cec8f1ce6fa878c0e0eN.png,Samsung,Electronics > Communications > Telephony > Mobile Phone Accessories,https://selfrepairkit.com.au/shop.html?model=galaxy-a17-5g,new,in_stock
SRK-SAM-GalaxyA175G-BAT-STD,Galaxy A17 5G Battery Kit,"DIY Galaxy A17 5G battery replacement kit with quality lithium-ion cell matching original mAh capacity. Restores full-day battery life. Includes pentalobe screwdriver, suction cup, spudger, adhesive strips, and QR step-by-step video guide. 90-day warranty. Same-day dispatch from Newcastle Australia.",79.00 AUD,https://sc04.alicdn.com/kf/A4698a6c841b14cec8f1ce6fa878c0e0eN.png,Samsung,Electronics > Communications > Telephony > Mobile Phone Accessories,https://selfrepairkit.com.au/shop.html?model=galaxy-a17-5g,new,in_stock
SRK-SAM-GalaxyA175G-BAT-DIAG,Galaxy A17 5G Battery Kit,"DIY Galaxy A17 5G diagnosable battery replacement kit — embedded serial chip pairs with Apple System Configuration to restore Battery Health percentage in Settings. Quality cell matching original capacity. Includes all precision tools, adhesive, QR video guide. Optimised Battery Charging restored after pairing. 90-day warranty. Australian stock.",129.00 AUD,https://sc04.alicdn.com/kf/A4698a6c841b14cec8f1ce6fa878c0e0eN.png,Samsung,Electronics > Communications > Telephony > Mobile Phone Accessories,https://selfrepairkit.com.au/shop.html?model=galaxy-a17-5g,new,in_stock
SRK-SAM-GALAXY-A17-5G-CP-ELITE,Galaxy A17 5G Charging Port Kit,Includes ORIGINAL replacement port and tools. Fixes charging issues.,79.00 AUD,https://sc04.alicdn.com/kf/A4698a6c841b14cec8f1ce6fa878c0e0eN.png,Samsung,Electronics > Communications > Telephony > Mobile Phone Accessories,https://selfrepairkit.com.au/shop.html?model=galaxy-a17-5g,new,in_stock
SRK-SAM-GalaxyA20-SCR-INCELL,Galaxy A20 Screen Kit,"DIY Galaxy A20 screen replacement kit with INCELL LCD display. Includes precision pentalobe & tri-point screwdrivers, suction cup, ESD-safe spudgers, pre-cut adhesive strips, and QR-linked step-by-step video guide. 90-day warranty. Ships same day from Newcastle Australia.",99.00 AUD,https://sc04.alicdn.com/kf/A4698a6c841b14cec8f1ce6fa878c0e0eN.png,Samsung,Electronics > Communications > Telephony > Mobile Phone Accessories,https://selfrepairkit.com.au/shop.html?model=galaxy-a20,new,in_stock
SRK-SAM-GalaxyA20-SCR-OLED,Galaxy A20 Screen Kit,"DIY Galaxy A20 screen replacement kit with aftermarket Soft OLED display — vivid colours, true blacks, flush fit with phone frame. Preserves Samsung fingerprint sensor. Includes all precision tools, adhesive, and QR video repair guide. Diagnosable on most models. 90-day warranty. Australian stock, same-day dispatch.",110.00 AUD,https://sc04.alicdn.com/kf/A4698a6c841b14cec8f1ce6fa878c0e0eN.png,Samsung,Electronics > Communications > Telephony > Mobile Phone Accessories,https://selfrepairkit.com.au/shop.html?model=galaxy-a20,new,in_stock
SRK-SAM-GalaxyA20-SCR-OEM,Galaxy A20 Screen Kit,"DIY Galaxy A20 screen replacement kit with factory-sealed OEM Service Pack display — identical to Apple/Samsung/Google original. Full True Tone, Face ID, biometric compatibility. Always diagnosable and pairable with System Configuration. Includes precision toolkit, adhesive, QR video guide. 90-day warranty. Ships from Newcastle AU.",149.00 AUD,https://sc04.alicdn.com/kf/A4698a6c841b14cec8f1ce6fa878c0e0eN.png,Samsung,Electronics > Communications > Telephony > Mobile Phone Accessories,https://selfrepairkit.com.au/shop.html?model=galaxy-a20,new,in_stock
SRK-SAM-GalaxyA20-BAT-STD,Galaxy A20 Battery Kit,"DIY Galaxy A20 battery replacement kit with quality lithium-ion cell matching original mAh capacity. Restores full-day battery life. Includes pentalobe screwdriver, suction cup, spudger, adhesive strips, and QR step-by-step video guide. 90-day warranty. Same-day dispatch from Newcastle Australia.",79.00 AUD,https://sc04.alicdn.com/kf/A4698a6c841b14cec8f1ce6fa878c0e0eN.png,Samsung,Electronics > Communications > Telephony > Mobile Phone Accessories,https://selfrepairkit.com.au/shop.html?model=galaxy-a20,new,in_stock
SRK-SAM-GalaxyA20-BAT-DIAG,Galaxy A20 Battery Kit,"DIY Galaxy A20 diagnosable battery replacement kit — embedded serial chip pairs with Apple System Configuration to restore Battery Health percentage in Settings. Quality cell matching original capacity. Includes all precision tools, adhesive, QR video guide. Optimised Battery Charging restored after pairing. 90-day warranty. Australian stock.",129.00 AUD,https://sc04.alicdn.com/kf/A4698a6c841b14cec8f1ce6fa878c0e0eN.png,Samsung,Electronics > Communications > Telephony > Mobile Phone Accessories,https://selfrepairkit.com.au/shop.html?model=galaxy-a20,new,in_stock
SRK-SAM-GALAXY-A20-CP-ELITE,Galaxy A20 Charging Port Kit,Includes ORIGINAL replacement port and tools. Fixes charging issues.,79.00 AUD,https://sc04.alicdn.com/kf/A4698a6c841b14cec8f1ce6fa878c0e0eN.png,Samsung,Electronics > Communications > Telephony > Mobile Phone Accessories,https://selfrepairkit.com.au/shop.html?model=galaxy-a20,new,in_stock
SRK-SAM-GalaxyA30-SCR-INCELL,Galaxy A30 Screen Kit,"DIY Galaxy A30 screen replacement kit with INCELL LCD display. Includes precision pentalobe & tri-point screwdrivers, suction cup, ESD-safe spudgers, pre-cut adhesive strips, and QR-linked step-by-step video guide. 90-day warranty. Ships same day from Newcastle Australia.",99.00 AUD,https://sc04.alicdn.com/kf/A4698a6c841b14cec8f1ce6fa878c0e0eN.png,Samsung,Electronics > Communications > Telephony > Mobile Phone Accessories,https://selfrepairkit.com.au/shop.html?model=galaxy-a30,new,in_stock
SRK-SAM-GalaxyA30-SCR-OLED,Galaxy A30 Screen Kit,"DIY Galaxy A30 screen replacement kit with aftermarket Soft OLED display — vivid colours, true blacks, flush fit with phone frame. Preserves Samsung fingerprint sensor. Includes all precision tools, adhesive, and QR video repair guide. Diagnosable on most models. 90-day warranty. Australian stock, same-day dispatch.",110.00 AUD,https://sc04.alicdn.com/kf/A4698a6c841b14cec8f1ce6fa878c0e0eN.png,Samsung,Electronics > Communications > Telephony > Mobile Phone Accessories,https://selfrepairkit.com.au/shop.html?model=galaxy-a30,new,in_stock
SRK-SAM-GalaxyA30-SCR-OEM,Galaxy A30 Screen Kit,"DIY Galaxy A30 screen replacement kit with factory-sealed OEM Service Pack display — identical to Apple/Samsung/Google original. Full True Tone, Face ID, biometric compatibility. Always diagnosable and pairable with System Configuration. Includes precision toolkit, adhesive, QR video guide. 90-day warranty. Ships from Newcastle AU.",149.00 AUD,https://sc04.alicdn.com/kf/A4698a6c841b14cec8f1ce6fa878c0e0eN.png,Samsung,Electronics > Communications > Telephony > Mobile Phone Accessories,https://selfrepairkit.com.au/shop.html?model=galaxy-a30,new,in_stock
SRK-SAM-GalaxyA30-BAT-STD,Galaxy A30 Battery Kit,"DIY Galaxy A30 battery replacement kit with quality lithium-ion cell matching original mAh capacity. Restores full-day battery life. Includes pentalobe screwdriver, suction cup, spudger, adhesive strips, and QR step-by-step video guide. 90-day warranty. Same-day dispatch from Newcastle Australia.",79.00 AUD,https://sc04.alicdn.com/kf/A4698a6c841b14cec8f1ce6fa878c0e0eN.png,Samsung,Electronics > Communications > Telephony > Mobile Phone Accessories,https://selfrepairkit.com.au/shop.html?model=galaxy-a30,new,in_stock
SRK-SAM-GalaxyA30-BAT-DIAG,Galaxy A30 Battery Kit,"DIY Galaxy A30 diagnosable battery replacement kit — embedded serial chip pairs with Apple System Configuration to restore Battery Health percentage in Settings. Quality cell matching original capacity. Includes all precision tools, adhesive, QR video guide. Optimised Battery Charging restored after pairing. 90-day warranty. Australian stock.",129.00 AUD,https://sc04.alicdn.com/kf/A4698a6c841b14cec8f1ce6fa878c0e0eN.png,Samsung,Electronics > Communications > Telephony > Mobile Phone Accessories,https://selfrepairkit.com.au/shop.html?model=galaxy-a30,new,in_stock
SRK-SAM-GALAXY-A30-CP-ELITE,Galaxy A30 Charging Port Kit,Includes ORIGINAL replacement port and tools. Fixes charging issues.,79.00 AUD,https://sc04.alicdn.com/kf/A4698a6c841b14cec8f1ce6fa878c0e0eN.png,Samsung,Electronics > Communications > Telephony > Mobile Phone Accessories,https://selfrepairkit.com.au/shop.html?model=galaxy-a30,new,in_stock
SRK-SAM-GalaxyA31-SCR-INCELL,Galaxy A31 Screen Kit,"DIY Galaxy A31 screen replacement kit with INCELL LCD display. Includes precision pentalobe & tri-point screwdrivers, suction cup, ESD-safe spudgers, pre-cut adhesive strips, and QR-linked step-by-step video guide. 90-day warranty. Ships same day from Newcastle Australia.",99.00 AUD,https://sc04.alicdn.com/kf/A4698a6c841b14cec8f1ce6fa878c0e0eN.png,Samsung,Electronics > Communications > Telephony > Mobile Phone Accessories,https://selfrepairkit.com.au/shop.html?model=galaxy-a31,new,in_stock
SRK-SAM-GalaxyA31-SCR-OLED,Galaxy A31 Screen Kit,"DIY Galaxy A31 screen replacement kit with aftermarket Soft OLED display — vivid colours, true blacks, flush fit with phone frame. Preserves Samsung fingerprint sensor. Includes all precision tools, adhesive, and QR video repair guide. Diagnosable on most models. 90-day warranty. Australian stock, same-day dispatch.",110.00 AUD,https://sc04.alicdn.com/kf/A4698a6c841b14cec8f1ce6fa878c0e0eN.png,Samsung,Electronics > Communications > Telephony > Mobile Phone Accessories,https://selfrepairkit.com.au/shop.html?model=galaxy-a31,new,in_stock
SRK-SAM-GalaxyA31-SCR-OEM,Galaxy A31 Screen Kit,"DIY Galaxy A31 screen replacement kit with factory-sealed OEM Service Pack display — identical to Apple/Samsung/Google original. Full True Tone, Face ID, biometric compatibility. Always diagnosable and pairable with System Configuration. Includes precision toolkit, adhesive, QR video guide. 90-day warranty. Ships from Newcastle AU.",149.00 AUD,https://sc04.alicdn.com/kf/A4698a6c841b14cec8f1ce6fa878c0e0eN.png,Samsung,Electronics > Communications > Telephony > Mobile Phone Accessories,https://selfrepairkit.com.au/shop.html?model=galaxy-a31,new,in_stock
SRK-SAM-GalaxyA31-BAT-STD,Galaxy A31 Battery Kit,"DIY Galaxy A31 battery replacement kit with quality lithium-ion cell matching original mAh capacity. Restores full-day battery life. Includes pentalobe screwdriver, suction cup, spudger, adhesive strips, and QR step-by-step video guide. 90-day warranty. Same-day dispatch from Newcastle Australia.",79.00 AUD,https://sc04.alicdn.com/kf/A4698a6c841b14cec8f1ce6fa878c0e0eN.png,Samsung,Electronics > Communications > Telephony > Mobile Phone Accessories,https://selfrepairkit.com.au/shop.html?model=galaxy-a31,new,in_stock
SRK-SAM-GalaxyA31-BAT-DIAG,Galaxy A31 Battery Kit,"DIY Galaxy A31 diagnosable battery replacement kit — embedded serial chip pairs with Apple System Configuration to restore Battery Health percentage in Settings. Quality cell matching original capacity. Includes all precision tools, adhesive, QR video guide. Optimised Battery Charging restored after pairing. 90-day warranty. Australian stock.",129.00 AUD,https://sc04.alicdn.com/kf/A4698a6c841b14cec8f1ce6fa878c0e0eN.png,Samsung,Electronics > Communications > Telephony > Mobile Phone Accessories,https://selfrepairkit.com.au/shop.html?model=galaxy-a31,new,in_stock
SRK-SAM-GALAXY-A31-CP-ELITE,Galaxy A31 Charging Port Kit,Includes ORIGINAL replacement port and tools. Fixes charging issues.,79.00 AUD,https://sc04.alicdn.com/kf/A4698a6c841b14cec8f1ce6fa878c0e0eN.png,Samsung,Electronics > Communications > Telephony > Mobile Phone Accessories,https://selfrepairkit.com.au/shop.html?model=galaxy-a31,new,in_stock
SRK-SAM-GalaxyA32-SCR-INCELL,Galaxy A32 Screen Kit,"DIY Galaxy A32 screen replacement kit with INCELL LCD display. Includes precision pentalobe & tri-point screwdrivers, suction cup, ESD-safe spudgers, pre-cut adhesive strips, and QR-linked step-by-step video guide. 90-day warranty. Ships same day from Newcastle Australia.",99.00 AUD,https://sc04.alicdn.com/kf/A4698a6c841b14cec8f1ce6fa878c0e0eN.png,Samsung,Electronics > Communications > Telephony > Mobile Phone Accessories,https://selfrepairkit.com.au/shop.html?model=galaxy-a32,new,in_stock
SRK-SAM-GalaxyA32-SCR-OLED,Galaxy A32 Screen Kit,"DIY Galaxy A32 screen replacement kit with aftermarket Soft OLED display — vivid colours, true blacks, flush fit with phone frame. Preserves Samsung fingerprint sensor. Includes all precision tools, adhesive, and QR video repair guide. Diagnosable on most models. 90-day warranty. Australian stock, same-day dispatch.",110.00 AUD,https://sc04.alicdn.com/kf/A4698a6c841b14cec8f1ce6fa878c0e0eN.png,Samsung,Electronics > Communications > Telephony > Mobile Phone Accessories,https://selfrepairkit.com.au/shop.html?model=galaxy-a32,new,in_stock
SRK-SAM-GalaxyA32-SCR-OEM,Galaxy A32 Screen Kit,"DIY Galaxy A32 screen replacement kit with factory-sealed OEM Service Pack display — identical to Apple/Samsung/Google original. Full True Tone, Face ID, biometric compatibility. Always diagnosable and pairable with System Configuration. Includes precision toolkit, adhesive, QR video guide. 90-day warranty. Ships from Newcastle AU.",149.00 AUD,https://sc04.alicdn.com/kf/A4698a6c841b14cec8f1ce6fa878c0e0eN.png,Samsung,Electronics > Communications > Telephony > Mobile Phone Accessories,https://selfrepairkit.com.au/shop.html?model=galaxy-a32,new,in_stock
SRK-SAM-GalaxyA32-BAT-STD,Galaxy A32 Battery Kit,"DIY Galaxy A32 battery replacement kit with quality lithium-ion cell matching original mAh capacity. Restores full-day battery life. Includes pentalobe screwdriver, suction cup, spudger, adhesive strips, and QR step-by-step video guide. 90-day warranty. Same-day dispatch from Newcastle Australia.",79.00 AUD,https://sc04.alicdn.com/kf/A4698a6c841b14cec8f1ce6fa878c0e0eN.png,Samsung,Electronics > Communications > Telephony > Mobile Phone Accessories,https://selfrepairkit.com.au/shop.html?model=galaxy-a32,new,in_stock
SRK-SAM-GalaxyA32-BAT-DIAG,Galaxy A32 Battery Kit,"DIY Galaxy A32 diagnosable battery replacement kit — embedded serial chip pairs with Apple System Configuration to restore Battery Health percentage in Settings. Quality cell matching original capacity. Includes all precision tools, adhesive, QR video guide. Optimised Battery Charging restored after pairing. 90-day warranty. Australian stock.",129.00 AUD,https://sc04.alicdn.com/kf/A4698a6c841b14cec8f1ce6fa878c0e0eN.png,Samsung,Electronics > Communications > Telephony > Mobile Phone Accessories,https://selfrepairkit.com.au/shop.html?model=galaxy-a32,new,in_stock
SRK-SAM-GALAXY-A32-CP-ELITE,Galaxy A32 Charging Port Kit,Includes ORIGINAL replacement port and tools. Fixes charging issues.,79.00 AUD,https://sc04.alicdn.com/kf/A4698a6c841b14cec8f1ce6fa878c0e0eN.png,Samsung,Electronics > Communications > Telephony > Mobile Phone Accessories,https://selfrepairkit.com.au/shop.html?model=galaxy-a32,new,in_stock
SRK-SAM-GalaxyA335G-SCR-INCELL,Galaxy A33 5G Screen Kit,"DIY Galaxy A33 5G screen replacement kit with INCELL LCD display. Includes precision pentalobe & tri-point screwdrivers, suction cup, ESD-safe spudgers, pre-cut adhesive strips, and QR-linked step-by-step video guide. 90-day warranty. Ships same day from Newcastle Australia.",99.00 AUD,https://sc04.alicdn.com/kf/A4698a6c841b14cec8f1ce6fa878c0e0eN.png,Samsung,Electronics > Communications > Telephony > Mobile Phone Accessories,https://selfrepairkit.com.au/shop.html?model=galaxy-a33-5g,new,in_stock
SRK-SAM-GalaxyA335G-SCR-OLED,Galaxy A33 5G Screen Kit,"DIY Galaxy A33 5G screen replacement kit with aftermarket Soft OLED display — vivid colours, true blacks, flush fit with phone frame. Preserves Samsung fingerprint sensor. Includes all precision tools, adhesive, and QR video repair guide. Diagnosable on most models. 90-day warranty. Australian stock, same-day dispatch.",110.00 AUD,https://sc04.alicdn.com/kf/A4698a6c841b14cec8f1ce6fa878c0e0eN.png,Samsung,Electronics > Communications > Telephony > Mobile Phone Accessories,https://selfrepairkit.com.au/shop.html?model=galaxy-a33-5g,new,in_stock
SRK-SAM-GalaxyA335G-SCR-OEM,Galaxy A33 5G Screen Kit,"DIY Galaxy A33 5G screen replacement kit with factory-sealed OEM Service Pack display — identical to Apple/Samsung/Google original. Full True Tone, Face ID, biometric compatibility. Always diagnosable and pairable with System Configuration. Includes precision toolkit, adhesive, QR video guide. 90-day warranty. Ships from Newcastle AU.",149.00 AUD,https://sc04.alicdn.com/kf/A4698a6c841b14cec8f1ce6fa878c0e0eN.png,Samsung,Electronics > Communications > Telephony > Mobile Phone Accessories,https://selfrepairkit.com.au/shop.html?model=galaxy-a33-5g,new,in_stock
SRK-SAM-GalaxyA335G-BAT-STD,Galaxy A33 5G Battery Kit,"DIY Galaxy A33 5G battery replacement kit with quality lithium-ion cell matching original mAh capacity. Restores full-day battery life. Includes pentalobe screwdriver, suction cup, spudger, adhesive strips, and QR step-by-step video guide. 90-day warranty. Same-day dispatch from Newcastle Australia.",79.00 AUD,https://sc04.alicdn.com/kf/A4698a6c841b14cec8f1ce6fa878c0e0eN.png,Samsung,Electronics > Communications > Telephony > Mobile Phone Accessories,https://selfrepairkit.com.au/shop.html?model=galaxy-a33-5g,new,in_stock
SRK-SAM-GalaxyA335G-BAT-DIAG,Galaxy A33 5G Battery Kit,"DIY Galaxy A33 5G diagnosable battery replacement kit — embedded serial chip pairs with Apple System Configuration to restore Battery Health percentage in Settings. Quality cell matching original capacity. Includes all precision tools, adhesive, QR video guide. Optimised Battery Charging restored after pairing. 90-day warranty. Australian stock.",129.00 AUD,https://sc04.alicdn.com/kf/A4698a6c841b14cec8f1ce6fa878c0e0eN.png,Samsung,Electronics > Communications > Telephony > Mobile Phone Accessories,https://selfrepairkit.com.au/shop.html?model=galaxy-a33-5g,new,in_stock
SRK-SAM-GALAXY-A33-5G-CP-ELITE,Galaxy A33 5G Charging Port Kit,Includes ORIGINAL replacement port and tools. Fixes charging issues.,79.00 AUD,https://sc04.alicdn.com/kf/A4698a6c841b14cec8f1ce6fa878c0e0eN.png,Samsung,Electronics > Communications > Telephony > Mobile Phone Accessories,https://selfrepairkit.com.au/shop.html?model=galaxy-a33-5g,new,in_stock
SRK-SAM-GalaxyA345G-SCR-INCELL,Galaxy A34 5G Screen Kit,"DIY Galaxy A34 5G screen replacement kit with INCELL LCD display. Includes precision pentalobe & tri-point screwdrivers, suction cup, ESD-safe spudgers, pre-cut adhesive strips, and QR-linked step-by-step video guide. 90-day warranty. Ships same day from Newcastle Australia.",99.00 AUD,https://sc04.alicdn.com/kf/A4698a6c841b14cec8f1ce6fa878c0e0eN.png,Samsung,Electronics > Communications > Telephony > Mobile Phone Accessories,https://selfrepairkit.com.au/shop.html?model=galaxy-a34-5g,new,in_stock
SRK-SAM-GalaxyA345G-SCR-OLED,Galaxy A34 5G Screen Kit,"DIY Galaxy A34 5G screen replacement kit with aftermarket Soft OLED display — vivid colours, true blacks, flush fit with phone frame. Preserves Samsung fingerprint sensor. Includes all precision tools, adhesive, and QR video repair guide. Diagnosable on most models. 90-day warranty. Australian stock, same-day dispatch.",110.00 AUD,https://sc04.alicdn.com/kf/A4698a6c841b14cec8f1ce6fa878c0e0eN.png,Samsung,Electronics > Communications > Telephony > Mobile Phone Accessories,https://selfrepairkit.com.au/shop.html?model=galaxy-a34-5g,new,in_stock
SRK-SAM-GalaxyA345G-SCR-OEM,Galaxy A34 5G Screen Kit,"DIY Galaxy A34 5G screen replacement kit with factory-sealed OEM Service Pack display — identical to Apple/Samsung/Google original. Full True Tone, Face ID, biometric compatibility. Always diagnosable and pairable with System Configuration. Includes precision toolkit, adhesive, QR video guide. 90-day warranty. Ships from Newcastle AU.",149.00 AUD,https://sc04.alicdn.com/kf/A4698a6c841b14cec8f1ce6fa878c0e0eN.png,Samsung,Electronics > Communications > Telephony > Mobile Phone Accessories,https://selfrepairkit.com.au/shop.html?model=galaxy-a34-5g,new,in_stock
SRK-SAM-GalaxyA345G-BAT-STD,Galaxy A34 5G Battery Kit,"DIY Galaxy A34 5G battery replacement kit with quality lithium-ion cell matching original mAh capacity. Restores full-day battery life. Includes pentalobe screwdriver, suction cup, spudger, adhesive strips, and QR step-by-step video guide. 90-day warranty. Same-day dispatch from Newcastle Australia.",79.00 AUD,https://sc04.alicdn.com/kf/A4698a6c841b14cec8f1ce6fa878c0e0eN.png,Samsung,Electronics > Communications > Telephony > Mobile Phone Accessories,https://selfrepairkit.com.au/shop.html?model=galaxy-a34-5g,new,in_stock
SRK-SAM-GalaxyA345G-BAT-DIAG,Galaxy A34 5G Battery Kit,"DIY Galaxy A34 5G diagnosable battery replacement kit — embedded serial chip pairs with Apple System Configuration to restore Battery Health percentage in Settings. Quality cell matching original capacity. Includes all precision tools, adhesive, QR video guide. Optimised Battery Charging restored after pairing. 90-day warranty. Australian stock.",129.00 AUD,https://sc04.alicdn.com/kf/A4698a6c841b14cec8f1ce6fa878c0e0eN.png,Samsung,Electronics > Communications > Telephony > Mobile Phone Accessories,https://selfrepairkit.com.au/shop.html?model=galaxy-a34-5g,new,in_stock
SRK-SAM-GALAXY-A34-5G-CP-ELITE,Galaxy A34 5G Charging Port Kit,Includes ORIGINAL replacement port and tools. Fixes charging issues.,79.00 AUD,https://sc04.alicdn.com/kf/A4698a6c841b14cec8f1ce6fa878c0e0eN.png,Samsung,Electronics > Communications > Telephony > Mobile Phone Accessories,https://selfrepairkit.com.au/shop.html?model=galaxy-a34-5g,new,in_stock
SRK-SAM-GalaxyA355G-SCR-INCELL,Galaxy A35 5G Screen Kit,"DIY Galaxy A35 5G screen replacement kit with INCELL LCD display. Includes precision pentalobe & tri-point screwdrivers, suction cup, ESD-safe spudgers, pre-cut adhesive strips, and QR-linked step-by-step video guide. 90-day warranty. Ships same day from Newcastle Australia.",99.00 AUD,https://sc04.alicdn.com/kf/A4698a6c841b14cec8f1ce6fa878c0e0eN.png,Samsung,Electronics > Communications > Telephony > Mobile Phone Accessories,https://selfrepairkit.com.au/shop.html?model=galaxy-a35-5g,new,in_stock
SRK-SAM-GalaxyA355G-SCR-OLED,Galaxy A35 5G Screen Kit,"DIY Galaxy A35 5G screen replacement kit with aftermarket Soft OLED display — vivid colours, true blacks, flush fit with phone frame. Preserves Samsung fingerprint sensor. Includes all precision tools, adhesive, and QR video repair guide. Diagnosable on most models. 90-day warranty. Australian stock, same-day dispatch.",110.00 AUD,https://sc04.alicdn.com/kf/A4698a6c841b14cec8f1ce6fa878c0e0eN.png,Samsung,Electronics > Communications > Telephony > Mobile Phone Accessories,https://selfrepairkit.com.au/shop.html?model=galaxy-a35-5g,new,in_stock
SRK-SAM-GalaxyA355G-SCR-OEM,Galaxy A35 5G Screen Kit,"DIY Galaxy A35 5G screen replacement kit with factory-sealed OEM Service Pack display — identical to Apple/Samsung/Google original. Full True Tone, Face ID, biometric compatibility. Always diagnosable and pairable with System Configuration. Includes precision toolkit, adhesive, QR video guide. 90-day warranty. Ships from Newcastle AU.",149.00 AUD,https://sc04.alicdn.com/kf/A4698a6c841b14cec8f1ce6fa878c0e0eN.png,Samsung,Electronics > Communications > Telephony > Mobile Phone Accessories,https://selfrepairkit.com.au/shop.html?model=galaxy-a35-5g,new,in_stock
SRK-SAM-GalaxyA355G-BAT-STD,Galaxy A35 5G Battery Kit,"DIY Galaxy A35 5G battery replacement kit with quality lithium-ion cell matching original mAh capacity. Restores full-day battery life. Includes pentalobe screwdriver, suction cup, spudger, adhesive strips, and QR step-by-step video guide. 90-day warranty. Same-day dispatch from Newcastle Australia.",79.00 AUD,https://sc04.alicdn.com/kf/A4698a6c841b14cec8f1ce6fa878c0e0eN.png,Samsung,Electronics > Communications > Telephony > Mobile Phone Accessories,https://selfrepairkit.com.au/shop.html?model=galaxy-a35-5g,new,in_stock
SRK-SAM-GalaxyA355G-BAT-DIAG,Galaxy A35 5G Battery Kit,"DIY Galaxy A35 5G diagnosable battery replacement kit — embedded serial chip pairs with Apple System Configuration to restore Battery Health percentage in Settings. Quality cell matching original capacity. Includes all precision tools, adhesive, QR video guide. Optimised Battery Charging restored after pairing. 90-day warranty. Australian stock.",129.00 AUD,https://sc04.alicdn.com/kf/A4698a6c841b14cec8f1ce6fa878c0e0eN.png,Samsung,Electronics > Communications > Telephony > Mobile Phone Accessories,https://selfrepairkit.com.au/shop.html?model=galaxy-a35-5g,new,in_stock
SRK-SAM-GALAXY-A35-5G-CP-ELITE,Galaxy A35 5G Charging Port Kit,Includes ORIGINAL replacement port and tools. Fixes charging issues.,79.00 AUD,https://sc04.alicdn.com/kf/A4698a6c841b14cec8f1ce6fa878c0e0eN.png,Samsung,Electronics > Communications > Telephony > Mobile Phone Accessories,https://selfrepairkit.com.au/shop.html?model=galaxy-a35-5g,new,in_stock
SRK-SAM-GalaxyA365G-SCR-INCELL,Galaxy A36 5G Screen Kit,"DIY Galaxy A36 5G screen replacement kit with INCELL LCD display. Includes precision pentalobe & tri-point screwdrivers, suction cup, ESD-safe spudgers, pre-cut adhesive strips, and QR-linked step-by-step video guide. 90-day warranty. Ships same day from Newcastle Australia.",99.00 AUD,https://sc04.alicdn.com/kf/A4698a6c841b14cec8f1ce6fa878c0e0eN.png,Samsung,Electronics > Communications > Telephony > Mobile Phone Accessories,https://selfrepairkit.com.au/shop.html?model=galaxy-a36-5g,new,in_stock
SRK-SAM-GalaxyA365G-SCR-OLED,Galaxy A36 5G Screen Kit,"DIY Galaxy A36 5G screen replacement kit with aftermarket Soft OLED display — vivid colours, true blacks, flush fit with phone frame. Preserves Samsung fingerprint sensor. Includes all precision tools, adhesive, and QR video repair guide. Diagnosable on most models. 90-day warranty. Australian stock, same-day dispatch.",110.00 AUD,https://sc04.alicdn.com/kf/A4698a6c841b14cec8f1ce6fa878c0e0eN.png,Samsung,Electronics > Communications > Telephony > Mobile Phone Accessories,https://selfrepairkit.com.au/shop.html?model=galaxy-a36-5g,new,in_stock
SRK-SAM-GalaxyA365G-SCR-OEM,Galaxy A36 5G Screen Kit,"DIY Galaxy A36 5G screen replacement kit with factory-sealed OEM Service Pack display — identical to Apple/Samsung/Google original. Full True Tone, Face ID, biometric compatibility. Always diagnosable and pairable with System Configuration. Includes precision toolkit, adhesive, QR video guide. 90-day warranty. Ships from Newcastle AU.",149.00 AUD,https://sc04.alicdn.com/kf/A4698a6c841b14cec8f1ce6fa878c0e0eN.png,Samsung,Electronics > Communications > Telephony > Mobile Phone Accessories,https://selfrepairkit.com.au/shop.html?model=galaxy-a36-5g,new,in_stock
SRK-SAM-GalaxyA365G-BAT-STD,Galaxy A36 5G Battery Kit,"DIY Galaxy A36 5G battery replacement kit with quality lithium-ion cell matching original mAh capacity. Restores full-day battery life. Includes pentalobe screwdriver, suction cup, spudger, adhesive strips, and QR step-by-step video guide. 90-day warranty. Same-day dispatch from Newcastle Australia.",79.00 AUD,https://sc04.alicdn.com/kf/A4698a6c841b14cec8f1ce6fa878c0e0eN.png,Samsung,Electronics > Communications > Telephony > Mobile Phone Accessories,https://selfrepairkit.com.au/shop.html?model=galaxy-a36-5g,new,in_stock
SRK-SAM-GalaxyA365G-BAT-DIAG,Galaxy A36 5G Battery Kit,"DIY Galaxy A36 5G diagnosable battery replacement kit — embedded serial chip pairs with Apple System Configuration to restore Battery Health percentage in Settings. Quality cell matching original capacity. Includes all precision tools, adhesive, QR video guide. Optimised Battery Charging restored after pairing. 90-day warranty. Australian stock.",129.00 AUD,https://sc04.alicdn.com/kf/A4698a6c841b14cec8f1ce6fa878c0e0eN.png,Samsung,Electronics > Communications > Telephony > Mobile Phone Accessories,https://selfrepairkit.com.au/shop.html?model=galaxy-a36-5g,new,in_stock
SRK-SAM-GALAXY-A36-5G-CP-ELITE,Galaxy A36 5G Charging Port Kit,Includes ORIGINAL replacement port and tools. Fixes charging issues.,79.00 AUD,https://sc04.alicdn.com/kf/A4698a6c841b14cec8f1ce6fa878c0e0eN.png,Samsung,Electronics > Communications > Telephony > Mobile Phone Accessories,https://selfrepairkit.com.au/shop.html?model=galaxy-a36-5g,new,in_stock
SRK-SAM-GalaxyA375G-SCR-INCELL,Galaxy A37 5G Screen Kit,"DIY Galaxy A37 5G screen replacement kit with INCELL LCD display. Includes precision pentalobe & tri-point screwdrivers, suction cup, ESD-safe spudgers, pre-cut adhesive strips, and QR-linked step-by-step video guide. 90-day warranty. Ships same day from Newcastle Australia.",99.00 AUD,https://sc04.alicdn.com/kf/A4698a6c841b14cec8f1ce6fa878c0e0eN.png,Samsung,Electronics > Communications > Telephony > Mobile Phone Accessories,https://selfrepairkit.com.au/shop.html?model=galaxy-a37-5g,new,in_stock
SRK-SAM-GalaxyA375G-SCR-OLED,Galaxy A37 5G Screen Kit,"DIY Galaxy A37 5G screen replacement kit with aftermarket Soft OLED display — vivid colours, true blacks, flush fit with phone frame. Preserves Samsung fingerprint sensor. Includes all precision tools, adhesive, and QR video repair guide. Diagnosable on most models. 90-day warranty. Australian stock, same-day dispatch.",110.00 AUD,https://sc04.alicdn.com/kf/A4698a6c841b14cec8f1ce6fa878c0e0eN.png,Samsung,Electronics > Communications > Telephony > Mobile Phone Accessories,https://selfrepairkit.com.au/shop.html?model=galaxy-a37-5g,new,in_stock
SRK-SAM-GalaxyA375G-SCR-OEM,Galaxy A37 5G Screen Kit,"DIY Galaxy A37 5G screen replacement kit with factory-sealed OEM Service Pack display — identical to Apple/Samsung/Google original. Full True Tone, Face ID, biometric compatibility. Always diagnosable and pairable with System Configuration. Includes precision toolkit, adhesive, QR video guide. 90-day warranty. Ships from Newcastle AU.",149.00 AUD,https://sc04.alicdn.com/kf/A4698a6c841b14cec8f1ce6fa878c0e0eN.png,Samsung,Electronics > Communications > Telephony > Mobile Phone Accessories,https://selfrepairkit.com.au/shop.html?model=galaxy-a37-5g,new,in_stock
SRK-SAM-GalaxyA375G-BAT-STD,Galaxy A37 5G Battery Kit,"DIY Galaxy A37 5G battery replacement kit with quality lithium-ion cell matching original mAh capacity. Restores full-day battery life. Includes pentalobe screwdriver, suction cup, spudger, adhesive strips, and QR step-by-step video guide. 90-day warranty. Same-day dispatch from Newcastle Australia.",79.00 AUD,https://sc04.alicdn.com/kf/A4698a6c841b14cec8f1ce6fa878c0e0eN.png,Samsung,Electronics > Communications > Telephony > Mobile Phone Accessories,https://selfrepairkit.com.au/shop.html?model=galaxy-a37-5g,new,in_stock
SRK-SAM-GalaxyA375G-BAT-DIAG,Galaxy A37 5G Battery Kit,"DIY Galaxy A37 5G diagnosable battery replacement kit — embedded serial chip pairs with Apple System Configuration to restore Battery Health percentage in Settings. Quality cell matching original capacity. Includes all precision tools, adhesive, QR video guide. Optimised Battery Charging restored after pairing. 90-day warranty. Australian stock.",129.00 AUD,https://sc04.alicdn.com/kf/A4698a6c841b14cec8f1ce6fa878c0e0eN.png,Samsung,Electronics > Communications > Telephony > Mobile Phone Accessories,https://selfrepairkit.com.au/shop.html?model=galaxy-a37-5g,new,in_stock
SRK-SAM-GALAXY-A37-5G-CP-ELITE,Galaxy A37 5G Charging Port Kit,Includes ORIGINAL replacement port and tools. Fixes charging issues.,79.00 AUD,https://sc04.alicdn.com/kf/A4698a6c841b14cec8f1ce6fa878c0e0eN.png,Samsung,Electronics > Communications > Telephony > Mobile Phone Accessories,https://selfrepairkit.com.au/shop.html?model=galaxy-a37-5g,new,in_stock
SRK-SAM-GalaxyA50-SCR-INCELL,Galaxy A50 Screen Kit,"DIY Galaxy A50 screen replacement kit with INCELL LCD display. Includes precision pentalobe & tri-point screwdrivers, suction cup, ESD-safe spudgers, pre-cut adhesive strips, and QR-linked step-by-step video guide. 90-day warranty. Ships same day from Newcastle Australia.",99.00 AUD,https://sc04.alicdn.com/kf/A4698a6c841b14cec8f1ce6fa878c0e0eN.png,Samsung,Electronics > Communications > Telephony > Mobile Phone Accessories,https://selfrepairkit.com.au/shop.html?model=galaxy-a50,new,in_stock
SRK-SAM-GalaxyA50-SCR-OLED,Galaxy A50 Screen Kit,"DIY Galaxy A50 screen replacement kit with aftermarket Soft OLED display — vivid colours, true blacks, flush fit with phone frame. Preserves Samsung fingerprint sensor. Includes all precision tools, adhesive, and QR video repair guide. Diagnosable on most models. 90-day warranty. Australian stock, same-day dispatch.",110.00 AUD,https://sc04.alicdn.com/kf/A4698a6c841b14cec8f1ce6fa878c0e0eN.png,Samsung,Electronics > Communications > Telephony > Mobile Phone Accessories,https://selfrepairkit.com.au/shop.html?model=galaxy-a50,new,in_stock
SRK-SAM-GalaxyA50-SCR-OEM,Galaxy A50 Screen Kit,"DIY Galaxy A50 screen replacement kit with factory-sealed OEM Service Pack display — identical to Apple/Samsung/Google original. Full True Tone, Face ID, biometric compatibility. Always diagnosable and pairable with System Configuration. Includes precision toolkit, adhesive, QR video guide. 90-day warranty. Ships from Newcastle AU.",149.00 AUD,https://sc04.alicdn.com/kf/A4698a6c841b14cec8f1ce6fa878c0e0eN.png,Samsung,Electronics > Communications > Telephony > Mobile Phone Accessories,https://selfrepairkit.com.au/shop.html?model=galaxy-a50,new,in_stock
SRK-SAM-GalaxyA50-BAT-STD,Galaxy A50 Battery Kit,"DIY Galaxy A50 battery replacement kit with quality lithium-ion cell matching original mAh capacity. Restores full-day battery life. Includes pentalobe screwdriver, suction cup, spudger, adhesive strips, and QR step-by-step video guide. 90-day warranty. Same-day dispatch from Newcastle Australia.",79.00 AUD,https://sc04.alicdn.com/kf/A4698a6c841b14cec8f1ce6fa878c0e0eN.png,Samsung,Electronics > Communications > Telephony > Mobile Phone Accessories,https://selfrepairkit.com.au/shop.html?model=galaxy-a50,new,in_stock
SRK-SAM-GalaxyA50-BAT-DIAG,Galaxy A50 Battery Kit,"DIY Galaxy A50 diagnosable battery replacement kit — embedded serial chip pairs with Apple System Configuration to restore Battery Health percentage in Settings. Quality cell matching original capacity. Includes all precision tools, adhesive, QR video guide. Optimised Battery Charging restored after pairing. 90-day warranty. Australian stock.",129.00 AUD,https://sc04.alicdn.com/kf/A4698a6c841b14cec8f1ce6fa878c0e0eN.png,Samsung,Electronics > Communications > Telephony > Mobile Phone Accessories,https://selfrepairkit.com.au/shop.html?model=galaxy-a50,new,in_stock
SRK-SAM-GALAXY-A50-CP-ELITE,Galaxy A50 Charging Port Kit,Includes ORIGINAL replacement port and tools. Fixes charging issues.,79.00 AUD,https://sc04.alicdn.com/kf/A4698a6c841b14cec8f1ce6fa878c0e0eN.png,Samsung,Electronics > Communications > Telephony > Mobile Phone Accessories,https://selfrepairkit.com.au/shop.html?model=galaxy-a50,new,in_stock
SRK-SAM-GalaxyA51-SCR-INCELL,Galaxy A51 Screen Kit,"DIY Galaxy A51 screen replacement kit with INCELL LCD display. Includes precision pentalobe & tri-point screwdrivers, suction cup, ESD-safe spudgers, pre-cut adhesive strips, and QR-linked step-by-step video guide. 90-day warranty. Ships same day from Newcastle Australia.",99.00 AUD,https://sc04.alicdn.com/kf/A4698a6c841b14cec8f1ce6fa878c0e0eN.png,Samsung,Electronics > Communications > Telephony > Mobile Phone Accessories,https://selfrepairkit.com.au/shop.html?model=galaxy-a51,new,in_stock
SRK-SAM-GalaxyA51-SCR-OLED,Galaxy A51 Screen Kit,"DIY Galaxy A51 screen replacement kit with aftermarket Soft OLED display — vivid colours, true blacks, flush fit with phone frame. Preserves Samsung fingerprint sensor. Includes all precision tools, adhesive, and QR video repair guide. Diagnosable on most models. 90-day warranty. Australian stock, same-day dispatch.",110.00 AUD,https://sc04.alicdn.com/kf/A4698a6c841b14cec8f1ce6fa878c0e0eN.png,Samsung,Electronics > Communications > Telephony > Mobile Phone Accessories,https://selfrepairkit.com.au/shop.html?model=galaxy-a51,new,in_stock
SRK-SAM-GalaxyA51-SCR-OEM,Galaxy A51 Screen Kit,"DIY Galaxy A51 screen replacement kit with factory-sealed OEM Service Pack display — identical to Apple/Samsung/Google original. Full True Tone, Face ID, biometric compatibility. Always diagnosable and pairable with System Configuration. Includes precision toolkit, adhesive, QR video guide. 90-day warranty. Ships from Newcastle AU.",139.00 AUD,https://sc04.alicdn.com/kf/A4698a6c841b14cec8f1ce6fa878c0e0eN.png,Samsung,Electronics > Communications > Telephony > Mobile Phone Accessories,https://selfrepairkit.com.au/shop.html?model=galaxy-a51,new,in_stock
SRK-SAM-GalaxyA51-BAT-STD,Galaxy A51 Battery Kit,"DIY Galaxy A51 battery replacement kit with quality lithium-ion cell matching original mAh capacity. Restores full-day battery life. Includes pentalobe screwdriver, suction cup, spudger, adhesive strips, and QR step-by-step video guide. 90-day warranty. Same-day dispatch from Newcastle Australia.",79.00 AUD,https://sc04.alicdn.com/kf/A4698a6c841b14cec8f1ce6fa878c0e0eN.png,Samsung,Electronics > Communications > Telephony > Mobile Phone Accessories,https://selfrepairkit.com.au/shop.html?model=galaxy-a51,new,in_stock
SRK-SAM-GalaxyA51-BAT-DIAG,Galaxy A51 Battery Kit,"DIY Galaxy A51 diagnosable battery replacement kit — embedded serial chip pairs with Apple System Configuration to restore Battery Health percentage in Settings. Quality cell matching original capacity. Includes all precision tools, adhesive, QR video guide. Optimised Battery Charging restored after pairing. 90-day warranty. Australian stock.",129.00 AUD,https://sc04.alicdn.com/kf/A4698a6c841b14cec8f1ce6fa878c0e0eN.png,Samsung,Electronics > Communications > Telephony > Mobile Phone Accessories,https://selfrepairkit.com.au/shop.html?model=galaxy-a51,new,in_stock
SRK-SAM-GALAXY-A51-CP-ELITE,Galaxy A51 Charging Port Kit,Includes ORIGINAL replacement port and tools. Fixes charging issues.,79.00 AUD,https://sc04.alicdn.com/kf/A4698a6c841b14cec8f1ce6fa878c0e0eN.png,Samsung,Electronics > Communications > Telephony > Mobile Phone Accessories,https://selfrepairkit.com.au/shop.html?model=galaxy-a51,new,in_stock
SRK-SAM-GalaxyA52-SCR-INCELL,Galaxy A52 Screen Kit,"DIY Galaxy A52 screen replacement kit with INCELL LCD display. Includes precision pentalobe & tri-point screwdrivers, suction cup, ESD-safe spudgers, pre-cut adhesive strips, and QR-linked step-by-step video guide. 90-day warranty. Ships same day from Newcastle Australia.",99.00 AUD,https://sc04.alicdn.com/kf/A4698a6c841b14cec8f1ce6fa878c0e0eN.png,Samsung,Electronics > Communications > Telephony > Mobile Phone Accessories,https://selfrepairkit.com.au/shop.html?model=galaxy-a52,new,in_stock
SRK-SAM-GalaxyA52-SCR-OLED,Galaxy A52 Screen Kit,"DIY Galaxy A52 screen replacement kit with aftermarket Soft OLED display — vivid colours, true blacks, flush fit with phone frame. Preserves Samsung fingerprint sensor. Includes all precision tools, adhesive, and QR video repair guide. Diagnosable on most models. 90-day warranty. Australian stock, same-day dispatch.",110.00 AUD,https://sc04.alicdn.com/kf/A4698a6c841b14cec8f1ce6fa878c0e0eN.png,Samsung,Electronics > Communications > Telephony > Mobile Phone Accessories,https://selfrepairkit.com.au/shop.html?model=galaxy-a52,new,in_stock
SRK-SAM-GalaxyA52-SCR-OEM,Galaxy A52 Screen Kit,"DIY Galaxy A52 screen replacement kit with factory-sealed OEM Service Pack display — identical to Apple/Samsung/Google original. Full True Tone, Face ID, biometric compatibility. Always diagnosable and pairable with System Configuration. Includes precision toolkit, adhesive, QR video guide. 90-day warranty. Ships from Newcastle AU.",149.00 AUD,https://sc04.alicdn.com/kf/A4698a6c841b14cec8f1ce6fa878c0e0eN.png,Samsung,Electronics > Communications > Telephony > Mobile Phone Accessories,https://selfrepairkit.com.au/shop.html?model=galaxy-a52,new,in_stock
SRK-SAM-GalaxyA52-BAT-STD,Galaxy A52 Battery Kit,"DIY Galaxy A52 battery replacement kit with quality lithium-ion cell matching original mAh capacity. Restores full-day battery life. Includes pentalobe screwdriver, suction cup, spudger, adhesive strips, and QR step-by-step video guide. 90-day warranty. Same-day dispatch from Newcastle Australia.",79.00 AUD,https://sc04.alicdn.com/kf/A4698a6c841b14cec8f1ce6fa878c0e0eN.png,Samsung,Electronics > Communications > Telephony > Mobile Phone Accessories,https://selfrepairkit.com.au/shop.html?model=galaxy-a52,new,in_stock
SRK-SAM-GalaxyA52-BAT-DIAG,Galaxy A52 Battery Kit,"DIY Galaxy A52 diagnosable battery replacement kit — embedded serial chip pairs with Apple System Configuration to restore Battery Health percentage in Settings. Quality cell matching original capacity. Includes all precision tools, adhesive, QR video guide. Optimised Battery Charging restored after pairing. 90-day warranty. Australian stock.",129.00 AUD,https://sc04.alicdn.com/kf/A4698a6c841b14cec8f1ce6fa878c0e0eN.png,Samsung,Electronics > Communications > Telephony > Mobile Phone Accessories,https://selfrepairkit.com.au/shop.html?model=galaxy-a52,new,in_stock
SRK-SAM-GALAXY-A52-CP-ELITE,Galaxy A52 Charging Port Kit,Includes ORIGINAL replacement port and tools. Fixes charging issues.,79.00 AUD,https://sc04.alicdn.com/kf/A4698a6c841b14cec8f1ce6fa878c0e0eN.png,Samsung,Electronics > Communications > Telephony > Mobile Phone Accessories,https://selfrepairkit.com.au/shop.html?model=galaxy-a52,new,in_stock
SRK-SAM-GalaxyA52s5G-SCR-INCELL,Galaxy A52s 5G Screen Kit,"DIY Galaxy A52s 5G screen replacement kit with INCELL LCD display. Includes precision pentalobe & tri-point screwdrivers, suction cup, ESD-safe spudgers, pre-cut adhesive strips, and QR-linked step-by-step video guide. 90-day warranty. Ships same day from Newcastle Australia.",99.00 AUD,https://sc04.alicdn.com/kf/A4698a6c841b14cec8f1ce6fa878c0e0eN.png,Samsung,Electronics > Communications > Telephony > Mobile Phone Accessories,https://selfrepairkit.com.au/shop.html?model=galaxy-a52s-5g,new,in_stock
SRK-SAM-GalaxyA52s5G-SCR-OLED,Galaxy A52s 5G Screen Kit,"DIY Galaxy A52s 5G screen replacement kit with aftermarket Soft OLED display — vivid colours, true blacks, flush fit with phone frame. Preserves Samsung fingerprint sensor. Includes all precision tools, adhesive, and QR video repair guide. Diagnosable on most models. 90-day warranty. Australian stock, same-day dispatch.",110.00 AUD,https://sc04.alicdn.com/kf/A4698a6c841b14cec8f1ce6fa878c0e0eN.png,Samsung,Electronics > Communications > Telephony > Mobile Phone Accessories,https://selfrepairkit.com.au/shop.html?model=galaxy-a52s-5g,new,in_stock
SRK-SAM-GalaxyA52s5G-SCR-OEM,Galaxy A52s 5G Screen Kit,"DIY Galaxy A52s 5G screen replacement kit with factory-sealed OEM Service Pack display — identical to Apple/Samsung/Google original. Full True Tone, Face ID, biometric compatibility. Always diagnosable and pairable with System Configuration. Includes precision toolkit, adhesive, QR video guide. 90-day warranty. Ships from Newcastle AU.",149.00 AUD,https://sc04.alicdn.com/kf/A4698a6c841b14cec8f1ce6fa878c0e0eN.png,Samsung,Electronics > Communications > Telephony > Mobile Phone Accessories,https://selfrepairkit.com.au/shop.html?model=galaxy-a52s-5g,new,in_stock
SRK-SAM-GalaxyA52s5G-BAT-STD,Galaxy A52s 5G Battery Kit,"DIY Galaxy A52s 5G battery replacement kit with quality lithium-ion cell matching original mAh capacity. Restores full-day battery life. Includes pentalobe screwdriver, suction cup, spudger, adhesive strips, and QR step-by-step video guide. 90-day warranty. Same-day dispatch from Newcastle Australia.",79.00 AUD,https://sc04.alicdn.com/kf/A4698a6c841b14cec8f1ce6fa878c0e0eN.png,Samsung,Electronics > Communications > Telephony > Mobile Phone Accessories,https://selfrepairkit.com.au/shop.html?model=galaxy-a52s-5g,new,in_stock
SRK-SAM-GalaxyA52s5G-BAT-DIAG,Galaxy A52s 5G Battery Kit,"DIY Galaxy A52s 5G diagnosable battery replacement kit — embedded serial chip pairs with Apple System Configuration to restore Battery Health percentage in Settings. Quality cell matching original capacity. Includes all precision tools, adhesive, QR video guide. Optimised Battery Charging restored after pairing. 90-day warranty. Australian stock.",129.00 AUD,https://sc04.alicdn.com/kf/A4698a6c841b14cec8f1ce6fa878c0e0eN.png,Samsung,Electronics > Communications > Telephony > Mobile Phone Accessories,https://selfrepairkit.com.au/shop.html?model=galaxy-a52s-5g,new,in_stock
SRK-SAM-GALAXY-A52S-5G-CP-ELITE,Galaxy A52S 5G Charging Port Kit,Includes ORIGINAL replacement port and tools. Fixes charging issues.,79.00 AUD,https://sc04.alicdn.com/kf/A4698a6c841b14cec8f1ce6fa878c0e0eN.png,Samsung,Electronics > Communications > Telephony > Mobile Phone Accessories,https://selfrepairkit.com.au/shop.html?model=galaxy-a52s-5g,new,in_stock
SRK-SAM-GalaxyA535G-SCR-INCELL,Galaxy A53 5G Screen Kit,"DIY Galaxy A53 5G screen replacement kit with INCELL LCD display. Includes precision pentalobe & tri-point screwdrivers, suction cup, ESD-safe spudgers, pre-cut adhesive strips, and QR-linked step-by-step video guide. 90-day warranty. Ships same day from Newcastle Australia.",99.00 AUD,https://sc04.alicdn.com/kf/A4698a6c841b14cec8f1ce6fa878c0e0eN.png,Samsung,Electronics > Communications > Telephony > Mobile Phone Accessories,https://selfrepairkit.com.au/shop.html?model=galaxy-a53-5g,new,in_stock
SRK-SAM-GalaxyA535G-SCR-OLED,Galaxy A53 5G Screen Kit,"DIY Galaxy A53 5G screen replacement kit with aftermarket Soft OLED display — vivid colours, true blacks, flush fit with phone frame. Preserves Samsung fingerprint sensor. Includes all precision tools, adhesive, and QR video repair guide. Diagnosable on most models. 90-day warranty. Australian stock, same-day dispatch.",110.00 AUD,https://sc04.alicdn.com/kf/A4698a6c841b14cec8f1ce6fa878c0e0eN.png,Samsung,Electronics > Communications > Telephony > Mobile Phone Accessories,https://selfrepairkit.com.au/shop.html?model=galaxy-a53-5g,new,in_stock
SRK-SAM-GalaxyA535G-SCR-OEM,Galaxy A53 5G Screen Kit,"DIY Galaxy A53 5G screen replacement kit with factory-sealed OEM Service Pack display — identical to Apple/Samsung/Google original. Full True Tone, Face ID, biometric compatibility. Always diagnosable and pairable with System Configuration. Includes precision toolkit, adhesive, QR video guide. 90-day warranty. Ships from Newcastle AU.",149.00 AUD,https://sc04.alicdn.com/kf/A4698a6c841b14cec8f1ce6fa878c0e0eN.png,Samsung,Electronics > Communications > Telephony > Mobile Phone Accessories,https://selfrepairkit.com.au/shop.html?model=galaxy-a53-5g,new,in_stock
SRK-SAM-GalaxyA535G-BAT-STD,Galaxy A53 5G Battery Kit,"DIY Galaxy A53 5G battery replacement kit with quality lithium-ion cell matching original mAh capacity. Restores full-day battery life. Includes pentalobe screwdriver, suction cup, spudger, adhesive strips, and QR step-by-step video guide. 90-day warranty. Same-day dispatch from Newcastle Australia.",79.00 AUD,https://sc04.alicdn.com/kf/A4698a6c841b14cec8f1ce6fa878c0e0eN.png,Samsung,Electronics > Communications > Telephony > Mobile Phone Accessories,https://selfrepairkit.com.au/shop.html?model=galaxy-a53-5g,new,in_stock
SRK-SAM-GalaxyA535G-BAT-DIAG,Galaxy A53 5G Battery Kit,"DIY Galaxy A53 5G diagnosable battery replacement kit — embedded serial chip pairs with Apple System Configuration to restore Battery Health percentage in Settings. Quality cell matching original capacity. Includes all precision tools, adhesive, QR video guide. Optimised Battery Charging restored after pairing. 90-day warranty. Australian stock.",129.00 AUD,https://sc04.alicdn.com/kf/A4698a6c841b14cec8f1ce6fa878c0e0eN.png,Samsung,Electronics > Communications > Telephony > Mobile Phone Accessories,https://selfrepairkit.com.au/shop.html?model=galaxy-a53-5g,new,in_stock
SRK-SAM-GALAXY-A53-5G-CP-ELITE,Galaxy A53 5G Charging Port Kit,Includes ORIGINAL replacement port and tools. Fixes charging issues.,79.00 AUD,https://sc04.alicdn.com/kf/A4698a6c841b14cec8f1ce6fa878c0e0eN.png,Samsung,Electronics > Communications > Telephony > Mobile Phone Accessories,https://selfrepairkit.com.au/shop.html?model=galaxy-a53-5g,new,in_stock
SRK-SAM-GalaxyA545G-SCR-INCELL,Galaxy A54 5G Screen Kit,"DIY Galaxy A54 5G screen replacement kit with INCELL LCD display. Includes precision pentalobe & tri-point screwdrivers, suction cup, ESD-safe spudgers, pre-cut adhesive strips, and QR-linked step-by-step video guide. 90-day warranty. Ships same day from Newcastle Australia.",99.00 AUD,https://sc04.alicdn.com/kf/A4698a6c841b14cec8f1ce6fa878c0e0eN.png,Samsung,Electronics > Communications > Telephony > Mobile Phone Accessories,https://selfrepairkit.com.au/shop.html?model=galaxy-a54-5g,new,in_stock
SRK-SAM-GalaxyA545G-SCR-OLED,Galaxy A54 5G Screen Kit,"DIY Galaxy A54 5G screen replacement kit with aftermarket Soft OLED display — vivid colours, true blacks, flush fit with phone frame. Preserves Samsung fingerprint sensor. Includes all precision tools, adhesive, and QR video repair guide. Diagnosable on most models. 90-day warranty. Australian stock, same-day dispatch.",110.00 AUD,https://sc04.alicdn.com/kf/A4698a6c841b14cec8f1ce6fa878c0e0eN.png,Samsung,Electronics > Communications > Telephony > Mobile Phone Accessories,https://selfrepairkit.com.au/shop.html?model=galaxy-a54-5g,new,in_stock
SRK-SAM-GalaxyA545G-SCR-OEM,Galaxy A54 5G Screen Kit,"DIY Galaxy A54 5G screen replacement kit with factory-sealed OEM Service Pack display — identical to Apple/Samsung/Google original. Full True Tone, Face ID, biometric compatibility. Always diagnosable and pairable with System Configuration. Includes precision toolkit, adhesive, QR video guide. 90-day warranty. Ships from Newcastle AU.",179.00 AUD,https://sc04.alicdn.com/kf/A4698a6c841b14cec8f1ce6fa878c0e0eN.png,Samsung,Electronics > Communications > Telephony > Mobile Phone Accessories,https://selfrepairkit.com.au/shop.html?model=galaxy-a54-5g,new,in_stock
SRK-SAM-GalaxyA545G-BAT-STD,Galaxy A54 5G Battery Kit,"DIY Galaxy A54 5G battery replacement kit with quality lithium-ion cell matching original mAh capacity. Restores full-day battery life. Includes pentalobe screwdriver, suction cup, spudger, adhesive strips, and QR step-by-step video guide. 90-day warranty. Same-day dispatch from Newcastle Australia.",79.00 AUD,https://sc04.alicdn.com/kf/A4698a6c841b14cec8f1ce6fa878c0e0eN.png,Samsung,Electronics > Communications > Telephony > Mobile Phone Accessories,https://selfrepairkit.com.au/shop.html?model=galaxy-a54-5g,new,in_stock
SRK-SAM-GalaxyA545G-BAT-DIAG,Galaxy A54 5G Battery Kit,"DIY Galaxy A54 5G diagnosable battery replacement kit — embedded serial chip pairs with Apple System Configuration to restore Battery Health percentage in Settings. Quality cell matching original capacity. Includes all precision tools, adhesive, QR video guide. Optimised Battery Charging restored after pairing. 90-day warranty. Australian stock.",129.00 AUD,https://sc04.alicdn.com/kf/A4698a6c841b14cec8f1ce6fa878c0e0eN.png,Samsung,Electronics > Communications > Telephony > Mobile Phone Accessories,https://selfrepairkit.com.au/shop.html?model=galaxy-a54-5g,new,in_stock
SRK-SAM-GALAXY-A54-5G-CP-ELITE,Galaxy A54 5G Charging Port Kit,Includes ORIGINAL replacement port and tools. Fixes charging issues.,79.00 AUD,https://sc04.alicdn.com/kf/A4698a6c841b14cec8f1ce6fa878c0e0eN.png,Samsung,Electronics > Communications > Telephony > Mobile Phone Accessories,https://selfrepairkit.com.au/shop.html?model=galaxy-a54-5g,new,in_stock
SRK-SAM-GalaxyA555G-SCR-INCELL,Galaxy A55 5G Screen Kit,"DIY Galaxy A55 5G screen replacement kit with INCELL LCD display. Includes precision pentalobe & tri-point screwdrivers, suction cup, ESD-safe spudgers, pre-cut adhesive strips, and QR-linked step-by-step video guide. 90-day warranty. Ships same day from Newcastle Australia.",99.00 AUD,https://sc04.alicdn.com/kf/A4698a6c841b14cec8f1ce6fa878c0e0eN.png,Samsung,Electronics > Communications > Telephony > Mobile Phone Accessories,https://selfrepairkit.com.au/shop.html?model=galaxy-a55-5g,new,in_stock
SRK-SAM-GalaxyA555G-SCR-OLED,Galaxy A55 5G Screen Kit,"DIY Galaxy A55 5G screen replacement kit with aftermarket Soft OLED display — vivid colours, true blacks, flush fit with phone frame. Preserves Samsung fingerprint sensor. Includes all precision tools, adhesive, and QR video repair guide. Diagnosable on most models. 90-day warranty. Australian stock, same-day dispatch.",110.00 AUD,https://sc04.alicdn.com/kf/A4698a6c841b14cec8f1ce6fa878c0e0eN.png,Samsung,Electronics > Communications > Telephony > Mobile Phone Accessories,https://selfrepairkit.com.au/shop.html?model=galaxy-a55-5g,new,in_stock
SRK-SAM-GalaxyA555G-SCR-OEM,Galaxy A55 5G Screen Kit,"DIY Galaxy A55 5G screen replacement kit with factory-sealed OEM Service Pack display — identical to Apple/Samsung/Google original. Full True Tone, Face ID, biometric compatibility. Always diagnosable and pairable with System Configuration. Includes precision toolkit, adhesive, QR video guide. 90-day warranty. Ships from Newcastle AU.",179.00 AUD,https://sc04.alicdn.com/kf/A4698a6c841b14cec8f1ce6fa878c0e0eN.png,Samsung,Electronics > Communications > Telephony > Mobile Phone Accessories,https://selfrepairkit.com.au/shop.html?model=galaxy-a55-5g,new,in_stock
SRK-SAM-GalaxyA555G-BAT-STD,Galaxy A55 5G Battery Kit,"DIY Galaxy A55 5G battery replacement kit with quality lithium-ion cell matching original mAh capacity. Restores full-day battery life. Includes pentalobe screwdriver, suction cup, spudger, adhesive strips, and QR step-by-step video guide. 90-day warranty. Same-day dispatch from Newcastle Australia.",79.00 AUD,https://sc04.alicdn.com/kf/A4698a6c841b14cec8f1ce6fa878c0e0eN.png,Samsung,Electronics > Communications > Telephony > Mobile Phone Accessories,https://selfrepairkit.com.au/shop.html?model=galaxy-a55-5g,new,in_stock
SRK-SAM-GalaxyA555G-BAT-DIAG,Galaxy A55 5G Battery Kit,"DIY Galaxy A55 5G diagnosable battery replacement kit — embedded serial chip pairs with Apple System Configuration to restore Battery Health percentage in Settings. Quality cell matching original capacity. Includes all precision tools, adhesive, QR video guide. Optimised Battery Charging restored after pairing. 90-day warranty. Australian stock.",129.00 AUD,https://sc04.alicdn.com/kf/A4698a6c841b14cec8f1ce6fa878c0e0eN.png,Samsung,Electronics > Communications > Telephony > Mobile Phone Accessories,https://selfrepairkit.com.au/shop.html?model=galaxy-a55-5g,new,in_stock
SRK-SAM-GALAXY-A55-5G-CP-ELITE,Galaxy A55 5G Charging Port Kit,Includes ORIGINAL replacement port and tools. Fixes charging issues.,79.00 AUD,https://sc04.alicdn.com/kf/A4698a6c841b14cec8f1ce6fa878c0e0eN.png,Samsung,Electronics > Communications > Telephony > Mobile Phone Accessories,https://selfrepairkit.com.au/shop.html?model=galaxy-a55-5g,new,in_stock
SRK-SAM-GalaxyA565G-SCR-INCELL,Galaxy A56 5G Screen Kit,"DIY Galaxy A56 5G screen replacement kit with INCELL LCD display. Includes precision pentalobe & tri-point screwdrivers, suction cup, ESD-safe spudgers, pre-cut adhesive strips, and QR-linked step-by-step video guide. 90-day warranty. Ships same day from Newcastle Australia.",99.00 AUD,https://sc04.alicdn.com/kf/A4698a6c841b14cec8f1ce6fa878c0e0eN.png,Samsung,Electronics > Communications > Telephony > Mobile Phone Accessories,https://selfrepairkit.com.au/shop.html?model=galaxy-a56-5g,new,in_stock
SRK-SAM-GalaxyA565G-SCR-OLED,Galaxy A56 5G Screen Kit,"DIY Galaxy A56 5G screen replacement kit with aftermarket Soft OLED display — vivid colours, true blacks, flush fit with phone frame. Preserves Samsung fingerprint sensor. Includes all precision tools, adhesive, and QR video repair guide. Diagnosable on most models. 90-day warranty. Australian stock, same-day dispatch.",110.00 AUD,https://sc04.alicdn.com/kf/A4698a6c841b14cec8f1ce6fa878c0e0eN.png,Samsung,Electronics > Communications > Telephony > Mobile Phone Accessories,https://selfrepairkit.com.au/shop.html?model=galaxy-a56-5g,new,in_stock
SRK-SAM-GalaxyA565G-SCR-OEM,Galaxy A56 5G Screen Kit,"DIY Galaxy A56 5G screen replacement kit with factory-sealed OEM Service Pack display — identical to Apple/Samsung/Google original. Full True Tone, Face ID, biometric compatibility. Always diagnosable and pairable with System Configuration. Includes precision toolkit, adhesive, QR video guide. 90-day warranty. Ships from Newcastle AU.",179.00 AUD,https://sc04.alicdn.com/kf/A4698a6c841b14cec8f1ce6fa878c0e0eN.png,Samsung,Electronics > Communications > Telephony > Mobile Phone Accessories,https://selfrepairkit.com.au/shop.html?model=galaxy-a56-5g,new,in_stock
SRK-SAM-GalaxyA565G-BAT-STD,Galaxy A56 5G Battery Kit,"DIY Galaxy A56 5G battery replacement kit with quality lithium-ion cell matching original mAh capacity. Restores full-day battery life. Includes pentalobe screwdriver, suction cup, spudger, adhesive strips, and QR step-by-step video guide. 90-day warranty. Same-day dispatch from Newcastle Australia.",79.00 AUD,https://sc04.alicdn.com/kf/A4698a6c841b14cec8f1ce6fa878c0e0eN.png,Samsung,Electronics > Communications > Telephony > Mobile Phone Accessories,https://selfrepairkit.com.au/shop.html?model=galaxy-a56-5g,new,in_stock
SRK-SAM-GalaxyA565G-BAT-DIAG,Galaxy A56 5G Battery Kit,"DIY Galaxy A56 5G diagnosable battery replacement kit — embedded serial chip pairs with Apple System Configuration to restore Battery Health percentage in Settings. Quality cell matching original capacity. Includes all precision tools, adhesive, QR video guide. Optimised Battery Charging restored after pairing. 90-day warranty. Australian stock.",129.00 AUD,https://sc04.alicdn.com/kf/A4698a6c841b14cec8f1ce6fa878c0e0eN.png,Samsung,Electronics > Communications > Telephony > Mobile Phone Accessories,https://selfrepairkit.com.au/shop.html?model=galaxy-a56-5g,new,in_stock
SRK-SAM-GALAXY-A56-5G-CP-ELITE,Galaxy A56 5G Charging Port Kit,Includes ORIGINAL replacement port and tools. Fixes charging issues.,79.00 AUD,https://sc04.alicdn.com/kf/A4698a6c841b14cec8f1ce6fa878c0e0eN.png,Samsung,Electronics > Communications > Telephony > Mobile Phone Accessories,https://selfrepairkit.com.au/shop.html?model=galaxy-a56-5g,new,in_stock
SRK-SAM-GalaxyA575G-SCR-INCELL,Galaxy A57 5G Screen Kit,"DIY Galaxy A57 5G screen replacement kit with INCELL LCD display. Includes precision pentalobe & tri-point screwdrivers, suction cup, ESD-safe spudgers, pre-cut adhesive strips, and QR-linked step-by-step video guide. 90-day warranty. Ships same day from Newcastle Australia.",99.00 AUD,https://sc04.alicdn.com/kf/A4698a6c841b14cec8f1ce6fa878c0e0eN.png,Samsung,Electronics > Communications > Telephony > Mobile Phone Accessories,https://selfrepairkit.com.au/shop.html?model=galaxy-a57-5g,new,in_stock
SRK-SAM-GalaxyA575G-SCR-OLED,Galaxy A57 5G Screen Kit,"DIY Galaxy A57 5G screen replacement kit with aftermarket Soft OLED display — vivid colours, true blacks, flush fit with phone frame. Preserves Samsung fingerprint sensor. Includes all precision tools, adhesive, and QR video repair guide. Diagnosable on most models. 90-day warranty. Australian stock, same-day dispatch.",110.00 AUD,https://sc04.alicdn.com/kf/A4698a6c841b14cec8f1ce6fa878c0e0eN.png,Samsung,Electronics > Communications > Telephony > Mobile Phone Accessories,https://selfrepairkit.com.au/shop.html?model=galaxy-a57-5g,new,in_stock
SRK-SAM-GalaxyA575G-SCR-OEM,Galaxy A57 5G Screen Kit,"DIY Galaxy A57 5G screen replacement kit with factory-sealed OEM Service Pack display — identical to Apple/Samsung/Google original. Full True Tone, Face ID, biometric compatibility. Always diagnosable and pairable with System Configuration. Includes precision toolkit, adhesive, QR video guide. 90-day warranty. Ships from Newcastle AU.",179.00 AUD,https://sc04.alicdn.com/kf/A4698a6c841b14cec8f1ce6fa878c0e0eN.png,Samsung,Electronics > Communications > Telephony > Mobile Phone Accessories,https://selfrepairkit.com.au/shop.html?model=galaxy-a57-5g,new,in_stock
SRK-SAM-GalaxyA575G-BAT-STD,Galaxy A57 5G Battery Kit,"DIY Galaxy A57 5G battery replacement kit with quality lithium-ion cell matching original mAh capacity. Restores full-day battery life. Includes pentalobe screwdriver, suction cup, spudger, adhesive strips, and QR step-by-step video guide. 90-day warranty. Same-day dispatch from Newcastle Australia.",79.00 AUD,https://sc04.alicdn.com/kf/A4698a6c841b14cec8f1ce6fa878c0e0eN.png,Samsung,Electronics > Communications > Telephony > Mobile Phone Accessories,https://selfrepairkit.com.au/shop.html?model=galaxy-a57-5g,new,in_stock
SRK-SAM-GalaxyA575G-BAT-DIAG,Galaxy A57 5G Battery Kit,"DIY Galaxy A57 5G diagnosable battery replacement kit — embedded serial chip pairs with Apple System Configuration to restore Battery Health percentage in Settings. Quality cell matching original capacity. Includes all precision tools, adhesive, QR video guide. Optimised Battery Charging restored after pairing. 90-day warranty. Australian stock.",129.00 AUD,https://sc04.alicdn.com/kf/A4698a6c841b14cec8f1ce6fa878c0e0eN.png,Samsung,Electronics > Communications > Telephony > Mobile Phone Accessories,https://selfrepairkit.com.au/shop.html?model=galaxy-a57-5g,new,in_stock
SRK-SAM-GALAXY-A57-5G-CP-ELITE,Galaxy A57 5G Charging Port Kit,Includes ORIGINAL replacement port and tools. Fixes charging issues.,79.00 AUD,https://sc04.alicdn.com/kf/A4698a6c841b14cec8f1ce6fa878c0e0eN.png,Samsung,Electronics > Communications > Telephony > Mobile Phone Accessories,https://selfrepairkit.com.au/shop.html?model=galaxy-a57-5g,new,in_stock
SRK-SAM-GalaxyA70-SCR-INCELL,Galaxy A70 Screen Kit,"DIY Galaxy A70 screen replacement kit with INCELL LCD display. Includes precision pentalobe & tri-point screwdrivers, suction cup, ESD-safe spudgers, pre-cut adhesive strips, and QR-linked step-by-step video guide. 90-day warranty. Ships same day from Newcastle Australia.",99.00 AUD,https://sc04.alicdn.com/kf/A4698a6c841b14cec8f1ce6fa878c0e0eN.png,Samsung,Electronics > Communications > Telephony > Mobile Phone Accessories,https://selfrepairkit.com.au/shop.html?model=galaxy-a70,new,in_stock
SRK-SAM-GalaxyA70-SCR-OLED,Galaxy A70 Screen Kit,"DIY Galaxy A70 screen replacement kit with aftermarket Soft OLED display — vivid colours, true blacks, flush fit with phone frame. Preserves Samsung fingerprint sensor. Includes all precision tools, adhesive, and QR video repair guide. Diagnosable on most models. 90-day warranty. Australian stock, same-day dispatch.",110.00 AUD,https://sc04.alicdn.com/kf/A4698a6c841b14cec8f1ce6fa878c0e0eN.png,Samsung,Electronics > Communications > Telephony > Mobile Phone Accessories,https://selfrepairkit.com.au/shop.html?model=galaxy-a70,new,in_stock
SRK-SAM-GalaxyA70-SCR-OEM,Galaxy A70 Screen Kit,"DIY Galaxy A70 screen replacement kit with factory-sealed OEM Service Pack display — identical to Apple/Samsung/Google original. Full True Tone, Face ID, biometric compatibility. Always diagnosable and pairable with System Configuration. Includes precision toolkit, adhesive, QR video guide. 90-day warranty. Ships from Newcastle AU.",149.00 AUD,https://sc04.alicdn.com/kf/A4698a6c841b14cec8f1ce6fa878c0e0eN.png,Samsung,Electronics > Communications > Telephony > Mobile Phone Accessories,https://selfrepairkit.com.au/shop.html?model=galaxy-a70,new,in_stock
SRK-SAM-GalaxyA70-BAT-STD,Galaxy A70 Battery Kit,"DIY Galaxy A70 battery replacement kit with quality lithium-ion cell matching original mAh capacity. Restores full-day battery life. Includes pentalobe screwdriver, suction cup, spudger, adhesive strips, and QR step-by-step video guide. 90-day warranty. Same-day dispatch from Newcastle Australia.",79.00 AUD,https://sc04.alicdn.com/kf/A4698a6c841b14cec8f1ce6fa878c0e0eN.png,Samsung,Electronics > Communications > Telephony > Mobile Phone Accessories,https://selfrepairkit.com.au/shop.html?model=galaxy-a70,new,in_stock
SRK-SAM-GalaxyA70-BAT-DIAG,Galaxy A70 Battery Kit,"DIY Galaxy A70 diagnosable battery replacement kit — embedded serial chip pairs with Apple System Configuration to restore Battery Health percentage in Settings. Quality cell matching original capacity. Includes all precision tools, adhesive, QR video guide. Optimised Battery Charging restored after pairing. 90-day warranty. Australian stock.",129.00 AUD,https://sc04.alicdn.com/kf/A4698a6c841b14cec8f1ce6fa878c0e0eN.png,Samsung,Electronics > Communications > Telephony > Mobile Phone Accessories,https://selfrepairkit.com.au/shop.html?model=galaxy-a70,new,in_stock
SRK-SAM-GALAXY-A70-CP-ELITE,Galaxy A70 Charging Port Kit,Includes ORIGINAL replacement port and tools. Fixes charging issues.,79.00 AUD,https://sc04.alicdn.com/kf/A4698a6c841b14cec8f1ce6fa878c0e0eN.png,Samsung,Electronics > Communications > Telephony > Mobile Phone Accessories,https://selfrepairkit.com.au/shop.html?model=galaxy-a70,new,in_stock
SRK-SAM-GalaxyA71-SCR-INCELL,Galaxy A71 Screen Kit,"DIY Galaxy A71 screen replacement kit with INCELL LCD display. Includes precision pentalobe & tri-point screwdrivers, suction cup, ESD-safe spudgers, pre-cut adhesive strips, and QR-linked step-by-step video guide. 90-day warranty. Ships same day from Newcastle Australia.",99.00 AUD,https://sc04.alicdn.com/kf/A4698a6c841b14cec8f1ce6fa878c0e0eN.png,Samsung,Electronics > Communications > Telephony > Mobile Phone Accessories,https://selfrepairkit.com.au/shop.html?model=galaxy-a71,new,in_stock
SRK-SAM-GalaxyA71-SCR-OLED,Galaxy A71 Screen Kit,"DIY Galaxy A71 screen replacement kit with aftermarket Soft OLED display — vivid colours, true blacks, flush fit with phone frame. Preserves Samsung fingerprint sensor. Includes all precision tools, adhesive, and QR video repair guide. Diagnosable on most models. 90-day warranty. Australian stock, same-day dispatch.",110.00 AUD,https://sc04.alicdn.com/kf/A4698a6c841b14cec8f1ce6fa878c0e0eN.png,Samsung,Electronics > Communications > Telephony > Mobile Phone Accessories,https://selfrepairkit.com.au/shop.html?model=galaxy-a71,new,in_stock
SRK-SAM-GalaxyA71-SCR-OEM,Galaxy A71 Screen Kit,"DIY Galaxy A71 screen replacement kit with factory-sealed OEM Service Pack display — identical to Apple/Samsung/Google original. Full True Tone, Face ID, biometric compatibility. Always diagnosable and pairable with System Configuration. Includes precision toolkit, adhesive, QR video guide. 90-day warranty. Ships from Newcastle AU.",149.00 AUD,https://sc04.alicdn.com/kf/A4698a6c841b14cec8f1ce6fa878c0e0eN.png,Samsung,Electronics > Communications > Telephony > Mobile Phone Accessories,https://selfrepairkit.com.au/shop.html?model=galaxy-a71,new,in_stock
SRK-SAM-GalaxyA71-BAT-STD,Galaxy A71 Battery Kit,"DIY Galaxy A71 battery replacement kit with quality lithium-ion cell matching original mAh capacity. Restores full-day battery life. Includes pentalobe screwdriver, suction cup, spudger, adhesive strips, and QR step-by-step video guide. 90-day warranty. Same-day dispatch from Newcastle Australia.",79.00 AUD,https://sc04.alicdn.com/kf/A4698a6c841b14cec8f1ce6fa878c0e0eN.png,Samsung,Electronics > Communications > Telephony > Mobile Phone Accessories,https://selfrepairkit.com.au/shop.html?model=galaxy-a71,new,in_stock
SRK-SAM-GalaxyA71-BAT-DIAG,Galaxy A71 Battery Kit,"DIY Galaxy A71 diagnosable battery replacement kit — embedded serial chip pairs with Apple System Configuration to restore Battery Health percentage in Settings. Quality cell matching original capacity. Includes all precision tools, adhesive, QR video guide. Optimised Battery Charging restored after pairing. 90-day warranty. Australian stock.",129.00 AUD,https://sc04.alicdn.com/kf/A4698a6c841b14cec8f1ce6fa878c0e0eN.png,Samsung,Electronics > Communications > Telephony > Mobile Phone Accessories,https://selfrepairkit.com.au/shop.html?model=galaxy-a71,new,in_stock
SRK-SAM-GALAXY-A71-CP-ELITE,Galaxy A71 Charging Port Kit,Includes ORIGINAL replacement port and tools. Fixes charging issues.,79.00 AUD,https://sc04.alicdn.com/kf/A4698a6c841b14cec8f1ce6fa878c0e0eN.png,Samsung,Electronics > Communications > Telephony > Mobile Phone Accessories,https://selfrepairkit.com.au/shop.html?model=galaxy-a71,new,in_stock
SRK-SAM-GalaxyA725G-SCR-INCELL,Galaxy A72 5G Screen Kit,"DIY Galaxy A72 5G screen replacement kit with INCELL LCD display. Includes precision pentalobe & tri-point screwdrivers, suction cup, ESD-safe spudgers, pre-cut adhesive strips, and QR-linked step-by-step video guide. 90-day warranty. Ships same day from Newcastle Australia.",99.00 AUD,https://sc04.alicdn.com/kf/A4698a6c841b14cec8f1ce6fa878c0e0eN.png,Samsung,Electronics > Communications > Telephony > Mobile Phone Accessories,https://selfrepairkit.com.au/shop.html?model=galaxy-a72-5g,new,in_stock
SRK-SAM-GalaxyA725G-SCR-OLED,Galaxy A72 5G Screen Kit,"DIY Galaxy A72 5G screen replacement kit with aftermarket Soft OLED display — vivid colours, true blacks, flush fit with phone frame. Preserves Samsung fingerprint sensor. Includes all precision tools, adhesive, and QR video repair guide. Diagnosable on most models. 90-day warranty. Australian stock, same-day dispatch.",110.00 AUD,https://sc04.alicdn.com/kf/A4698a6c841b14cec8f1ce6fa878c0e0eN.png,Samsung,Electronics > Communications > Telephony > Mobile Phone Accessories,https://selfrepairkit.com.au/shop.html?model=galaxy-a72-5g,new,in_stock
SRK-SAM-GalaxyA725G-SCR-OEM,Galaxy A72 5G Screen Kit,"DIY Galaxy A72 5G screen replacement kit with factory-sealed OEM Service Pack display — identical to Apple/Samsung/Google original. Full True Tone, Face ID, biometric compatibility. Always diagnosable and pairable with System Configuration. Includes precision toolkit, adhesive, QR video guide. 90-day warranty. Ships from Newcastle AU.",149.00 AUD,https://sc04.alicdn.com/kf/A4698a6c841b14cec8f1ce6fa878c0e0eN.png,Samsung,Electronics > Communications > Telephony > Mobile Phone Accessories,https://selfrepairkit.com.au/shop.html?model=galaxy-a72-5g,new,in_stock
SRK-SAM-GalaxyA725G-BAT-STD,Galaxy A72 5G Battery Kit,"DIY Galaxy A72 5G battery replacement kit with quality lithium-ion cell matching original mAh capacity. Restores full-day battery life. Includes pentalobe screwdriver, suction cup, spudger, adhesive strips, and QR step-by-step video guide. 90-day warranty. Same-day dispatch from Newcastle Australia.",79.00 AUD,https://sc04.alicdn.com/kf/A4698a6c841b14cec8f1ce6fa878c0e0eN.png,Samsung,Electronics > Communications > Telephony > Mobile Phone Accessories,https://selfrepairkit.com.au/shop.html?model=galaxy-a72-5g,new,in_stock
SRK-SAM-GalaxyA725G-BAT-DIAG,Galaxy A72 5G Battery Kit,"DIY Galaxy A72 5G diagnosable battery replacement kit — embedded serial chip pairs with Apple System Configuration to restore Battery Health percentage in Settings. Quality cell matching original capacity. Includes all precision tools, adhesive, QR video guide. Optimised Battery Charging restored after pairing. 90-day warranty. Australian stock.",129.00 AUD,https://sc04.alicdn.com/kf/A4698a6c841b14cec8f1ce6fa878c0e0eN.png,Samsung,Electronics > Communications > Telephony > Mobile Phone Accessories,https://selfrepairkit.com.au/shop.html?model=galaxy-a72-5g,new,in_stock
SRK-SAM-GALAXY-A72-5G-CP-ELITE,Galaxy A72 5G Charging Port Kit,Includes ORIGINAL replacement port and tools. Fixes charging issues.,79.00 AUD,https://sc04.alicdn.com/kf/A4698a6c841b14cec8f1ce6fa878c0e0eN.png,Samsung,Electronics > Communications > Telephony > Mobile Phone Accessories,https://selfrepairkit.com.au/shop.html?model=galaxy-a72-5g,new,in_stock
SRK-SAM-GalaxyA735G-SCR-INCELL,Galaxy A73 5G Screen Kit,"DIY Galaxy A73 5G screen replacement kit with INCELL LCD display. Includes precision pentalobe & tri-point screwdrivers, suction cup, ESD-safe spudgers, pre-cut adhesive strips, and QR-linked step-by-step video guide. 90-day warranty. Ships same day from Newcastle Australia.",99.00 AUD,https://sc04.alicdn.com/kf/A4698a6c841b14cec8f1ce6fa878c0e0eN.png,Samsung,Electronics > Communications > Telephony > Mobile Phone Accessories,https://selfrepairkit.com.au/shop.html?model=galaxy-a73-5g,new,in_stock
SRK-SAM-GalaxyA735G-SCR-OLED,Galaxy A73 5G Screen Kit,"DIY Galaxy A73 5G screen replacement kit with aftermarket Soft OLED display — vivid colours, true blacks, flush fit with phone frame. Preserves Samsung fingerprint sensor. Includes all precision tools, adhesive, and QR video repair guide. Diagnosable on most models. 90-day warranty. Australian stock, same-day dispatch.",110.00 AUD,https://sc04.alicdn.com/kf/A4698a6c841b14cec8f1ce6fa878c0e0eN.png,Samsung,Electronics > Communications > Telephony > Mobile Phone Accessories,https://selfrepairkit.com.au/shop.html?model=galaxy-a73-5g,new,in_stock
SRK-SAM-GalaxyA735G-SCR-OEM,Galaxy A73 5G Screen Kit,"DIY Galaxy A73 5G screen replacement kit with factory-sealed OEM Service Pack display — identical to Apple/Samsung/Google original. Full True Tone, Face ID, biometric compatibility. Always diagnosable and pairable with System Configuration. Includes precision toolkit, adhesive, QR video guide. 90-day warranty. Ships from Newcastle AU.",149.00 AUD,https://sc04.alicdn.com/kf/A4698a6c841b14cec8f1ce6fa878c0e0eN.png,Samsung,Electronics > Communications > Telephony > Mobile Phone Accessories,https://selfrepairkit.com.au/shop.html?model=galaxy-a73-5g,new,in_stock
SRK-SAM-GalaxyA735G-BAT-STD,Galaxy A73 5G Battery Kit,"DIY Galaxy A73 5G battery replacement kit with quality lithium-ion cell matching original mAh capacity. Restores full-day battery life. Includes pentalobe screwdriver, suction cup, spudger, adhesive strips, and QR step-by-step video guide. 90-day warranty. Same-day dispatch from Newcastle Australia.",79.00 AUD,https://sc04.alicdn.com/kf/A4698a6c841b14cec8f1ce6fa878c0e0eN.png,Samsung,Electronics > Communications > Telephony > Mobile Phone Accessories,https://selfrepairkit.com.au/shop.html?model=galaxy-a73-5g,new,in_stock
SRK-SAM-GalaxyA735G-BAT-DIAG,Galaxy A73 5G Battery Kit,"DIY Galaxy A73 5G diagnosable battery replacement kit — embedded serial chip pairs with Apple System Configuration to restore Battery Health percentage in Settings. Quality cell matching original capacity. Includes all precision tools, adhesive, QR video guide. Optimised Battery Charging restored after pairing. 90-day warranty. Australian stock.",129.00 AUD,https://sc04.alicdn.com/kf/A4698a6c841b14cec8f1ce6fa878c0e0eN.png,Samsung,Electronics > Communications > Telephony > Mobile Phone Accessories,https://selfrepairkit.com.au/shop.html?model=galaxy-a73-5g,new,in_stock
SRK-SAM-GALAXY-A73-5G-CP-ELITE,Galaxy A73 5G Charging Port Kit,Includes ORIGINAL replacement port and tools. Fixes charging issues.,79.00 AUD,https://sc04.alicdn.com/kf/A4698a6c841b14cec8f1ce6fa878c0e0eN.png,Samsung,Electronics > Communications > Telephony > Mobile Phone Accessories,https://selfrepairkit.com.au/shop.html?model=galaxy-a73-5g,new,in_stock
SRK-SAM-GalaxyA745G-SCR-INCELL,Galaxy A74 5G Screen Kit,"DIY Galaxy A74 5G screen replacement kit with INCELL LCD display. Includes precision pentalobe & tri-point screwdrivers, suction cup, ESD-safe spudgers, pre-cut adhesive strips, and QR-linked step-by-step video guide. 90-day warranty. Ships same day from Newcastle Australia.",99.00 AUD,https://sc04.alicdn.com/kf/A4698a6c841b14cec8f1ce6fa878c0e0eN.png,Samsung,Electronics > Communications > Telephony > Mobile Phone Accessories,https://selfrepairkit.com.au/shop.html?model=galaxy-a74-5g,new,in_stock
SRK-SAM-GalaxyA745G-SCR-OLED,Galaxy A74 5G Screen Kit,"DIY Galaxy A74 5G screen replacement kit with aftermarket Soft OLED display — vivid colours, true blacks, flush fit with phone frame. Preserves Samsung fingerprint sensor. Includes all precision tools, adhesive, and QR video repair guide. Diagnosable on most models. 90-day warranty. Australian stock, same-day dispatch.",110.00 AUD,https://sc04.alicdn.com/kf/A4698a6c841b14cec8f1ce6fa878c0e0eN.png,Samsung,Electronics > Communications > Telephony > Mobile Phone Accessories,https://selfrepairkit.com.au/shop.html?model=galaxy-a74-5g,new,in_stock
SRK-SAM-GalaxyA745G-SCR-OEM,Galaxy A74 5G Screen Kit,"DIY Galaxy A74 5G screen replacement kit with factory-sealed OEM Service Pack display — identical to Apple/Samsung/Google original. Full True Tone, Face ID, biometric compatibility. Always diagnosable and pairable with System Configuration. Includes precision toolkit, adhesive, QR video guide. 90-day warranty. Ships from Newcastle AU.",149.00 AUD,https://sc04.alicdn.com/kf/A4698a6c841b14cec8f1ce6fa878c0e0eN.png,Samsung,Electronics > Communications > Telephony > Mobile Phone Accessories,https://selfrepairkit.com.au/shop.html?model=galaxy-a74-5g,new,in_stock
SRK-SAM-GalaxyA745G-BAT-STD,Galaxy A74 5G Battery Kit,"DIY Galaxy A74 5G battery replacement kit with quality lithium-ion cell matching original mAh capacity. Restores full-day battery life. Includes pentalobe screwdriver, suction cup, spudger, adhesive strips, and QR step-by-step video guide. 90-day warranty. Same-day dispatch from Newcastle Australia.",79.00 AUD,https://sc04.alicdn.com/kf/A4698a6c841b14cec8f1ce6fa878c0e0eN.png,Samsung,Electronics > Communications > Telephony > Mobile Phone Accessories,https://selfrepairkit.com.au/shop.html?model=galaxy-a74-5g,new,in_stock
SRK-SAM-GalaxyA745G-BAT-DIAG,Galaxy A74 5G Battery Kit,"DIY Galaxy A74 5G diagnosable battery replacement kit — embedded serial chip pairs with Apple System Configuration to restore Battery Health percentage in Settings. Quality cell matching original capacity. Includes all precision tools, adhesive, QR video guide. Optimised Battery Charging restored after pairing. 90-day warranty. Australian stock.",129.00 AUD,https://sc04.alicdn.com/kf/A4698a6c841b14cec8f1ce6fa878c0e0eN.png,Samsung,Electronics > Communications > Telephony > Mobile Phone Accessories,https://selfrepairkit.com.au/shop.html?model=galaxy-a74-5g,new,in_stock
SRK-SAM-GALAXY-A74-5G-CP-ELITE,Galaxy A74 5G Charging Port Kit,Includes ORIGINAL replacement port and tools. Fixes charging issues.,79.00 AUD,https://sc04.alicdn.com/kf/A4698a6c841b14cec8f1ce6fa878c0e0eN.png,Samsung,Electronics > Communications > Telephony > Mobile Phone Accessories,https://selfrepairkit.com.au/shop.html?model=galaxy-a74-5g,new,in_stock
SRK-OPP-OPPOA17-SCR-INCELL,OPPO A17 Screen Kit,"DIY OPPO A17 screen replacement kit with INCELL LCD display. Includes precision pentalobe & tri-point screwdrivers, suction cup, ESD-safe spudgers, pre-cut adhesive strips, and QR-linked step-by-step video guide. 90-day warranty. Ships same day from Newcastle Australia.",99.00 AUD,https://sc04.alicdn.com/kf/A4698a6c841b14cec8f1ce6fa878c0e0eN.png,OPPO,Electronics > Communications > Telephony > Mobile Phone Accessories,https://selfrepairkit.com.au/shop.html?model=oppo-a17,new,in_stock
SRK-OPP-OPPOA17-BAT-STD,OPPO A17 Battery Kit,"DIY OPPO A17 battery replacement kit with quality lithium-ion cell matching original mAh capacity. Restores full-day battery life. Includes pentalobe screwdriver, suction cup, spudger, adhesive strips, and QR step-by-step video guide. 90-day warranty. Same-day dispatch from Newcastle Australia.",79.00 AUD,https://sc04.alicdn.com/kf/A4698a6c841b14cec8f1ce6fa878c0e0eN.png,OPPO,Electronics > Communications > Telephony > Mobile Phone Accessories,https://selfrepairkit.com.au/shop.html?model=oppo-a17,new,in_stock
SRK-OPPO--SCR-PRO-AUTO,Oppo A17 Screen Kit,Professional Pro Grade Replacement.,129.00 AUD,https://sc04.alicdn.com/kf/A4698a6c841b14cec8f1ce6fa878c0e0eN.png,OPPO,Electronics > Communications > Telephony > Mobile Phone Accessories,https://selfrepairkit.com.au/shop.html?model=oppo-a17,new,in_stock
SRK-OPPO--SCR-ELITE-AUTO,Oppo A17 Screen Kit,Professional Elite Grade Replacement.,189.00 AUD,https://sc04.alicdn.com/kf/A4698a6c841b14cec8f1ce6fa878c0e0eN.png,OPPO,Electronics > Communications > Telephony > Mobile Phone Accessories,https://selfrepairkit.com.au/shop.html?model=oppo-a17,new,in_stock
SRK-OPP-OPPOA18-SCR-INCELL,OPPO A18 Screen Kit,"DIY OPPO A18 screen replacement kit with INCELL LCD display. Includes precision pentalobe & tri-point screwdrivers, suction cup, ESD-safe spudgers, pre-cut adhesive strips, and QR-linked step-by-step video guide. 90-day warranty. Ships same day from Newcastle Australia.",99.00 AUD,https://sc04.alicdn.com/kf/A4698a6c841b14cec8f1ce6fa878c0e0eN.png,OPPO,Electronics > Communications > Telephony > Mobile Phone Accessories,https://selfrepairkit.com.au/shop.html?model=oppo-a18,new,in_stock
SRK-OPP-OPPOA18-BAT-STD,OPPO A18 Battery Kit,"DIY OPPO A18 battery replacement kit with quality lithium-ion cell matching original mAh capacity. Restores full-day battery life. Includes pentalobe screwdriver, suction cup, spudger, adhesive strips, and QR step-by-step video guide. 90-day warranty. Same-day dispatch from Newcastle Australia.",79.00 AUD,https://sc04.alicdn.com/kf/A4698a6c841b14cec8f1ce6fa878c0e0eN.png,OPPO,Electronics > Communications > Telephony > Mobile Phone Accessories,https://selfrepairkit.com.au/shop.html?model=oppo-a18,new,in_stock
SRK-OPPO--SCR-PRO-AUTO,Oppo A18 Screen Kit,Professional Pro Grade Replacement.,129.00 AUD,https://sc04.alicdn.com/kf/A4698a6c841b14cec8f1ce6fa878c0e0eN.png,OPPO,Electronics > Communications > Telephony > Mobile Phone Accessories,https://selfrepairkit.com.au/shop.html?model=oppo-a18,new,in_stock
SRK-OPPO--SCR-ELITE-AUTO,Oppo A18 Screen Kit,Professional Elite Grade Replacement.,189.00 AUD,https://sc04.alicdn.com/kf/A4698a6c841b14cec8f1ce6fa878c0e0eN.png,OPPO,Electronics > Communications > Telephony > Mobile Phone Accessories,https://selfrepairkit.com.au/shop.html?model=oppo-a18,new,in_stock
SRK-OPP-OPPOA38-SCR-INCELL,OPPO A38 Screen Kit,"DIY OPPO A38 screen replacement kit with INCELL LCD display. Includes precision pentalobe & tri-point screwdrivers, suction cup, ESD-safe spudgers, pre-cut adhesive strips, and QR-linked step-by-step video guide. 90-day warranty. Ships same day from Newcastle Australia.",99.00 AUD,https://sc04.alicdn.com/kf/A4698a6c841b14cec8f1ce6fa878c0e0eN.png,OPPO,Electronics > Communications > Telephony > Mobile Phone Accessories,https://selfrepairkit.com.au/shop.html?model=oppo-a38,new,in_stock
SRK-OPP-OPPOA38-BAT-STD,OPPO A38 Battery Kit,"DIY OPPO A38 battery replacement kit with quality lithium-ion cell matching original mAh capacity. Restores full-day battery life. Includes pentalobe screwdriver, suction cup, spudger, adhesive strips, and QR step-by-step video guide. 90-day warranty. Same-day dispatch from Newcastle Australia.",79.00 AUD,https://sc04.alicdn.com/kf/A4698a6c841b14cec8f1ce6fa878c0e0eN.png,OPPO,Electronics > Communications > Telephony > Mobile Phone Accessories,https://selfrepairkit.com.au/shop.html?model=oppo-a38,new,in_stock
SRK-OPPO--SCR-PRO-AUTO,Oppo A38 Screen Kit,Professional Pro Grade Replacement.,129.00 AUD,https://sc04.alicdn.com/kf/A4698a6c841b14cec8f1ce6fa878c0e0eN.png,OPPO,Electronics > Communications > Telephony > Mobile Phone Accessories,https://selfrepairkit.com.au/shop.html?model=oppo-a38,new,in_stock
SRK-OPPO--SCR-ELITE-AUTO,Oppo A38 Screen Kit,Professional Elite Grade Replacement.,189.00 AUD,https://sc04.alicdn.com/kf/A4698a6c841b14cec8f1ce6fa878c0e0eN.png,OPPO,Electronics > Communications > Telephony > Mobile Phone Accessories,https://selfrepairkit.com.au/shop.html?model=oppo-a38,new,in_stock
SRK-OPP-OPPOA40-SCR-INCELL,OPPO A40 Screen Kit,"DIY OPPO A40 screen replacement kit with INCELL LCD display. Includes precision pentalobe & tri-point screwdrivers, suction cup, ESD-safe spudgers, pre-cut adhesive strips, and QR-linked step-by-step video guide. 90-day warranty. Ships same day from Newcastle Australia.",99.00 AUD,https://sc04.alicdn.com/kf/A4698a6c841b14cec8f1ce6fa878c0e0eN.png,OPPO,Electronics > Communications > Telephony > Mobile Phone Accessories,https://selfrepairkit.com.au/shop.html?model=oppo-a40,new,in_stock
SRK-OPP-OPPOA40-BAT-STD,OPPO A40 Battery Kit,"DIY OPPO A40 battery replacement kit with quality lithium-ion cell matching original mAh capacity. Restores full-day battery life. Includes pentalobe screwdriver, suction cup, spudger, adhesive strips, and QR step-by-step video guide. 90-day warranty. Same-day dispatch from Newcastle Australia.",79.00 AUD,https://sc04.alicdn.com/kf/A4698a6c841b14cec8f1ce6fa878c0e0eN.png,OPPO,Electronics > Communications > Telephony > Mobile Phone Accessories,https://selfrepairkit.com.au/shop.html?model=oppo-a40,new,in_stock
SRK-OPPO--SCR-PRO-AUTO,Oppo A40 Screen Kit,Professional Pro Grade Replacement.,129.00 AUD,https://sc04.alicdn.com/kf/A4698a6c841b14cec8f1ce6fa878c0e0eN.png,OPPO,Electronics > Communications > Telephony > Mobile Phone Accessories,https://selfrepairkit.com.au/shop.html?model=oppo-a40,new,in_stock
SRK-OPPO--SCR-ELITE-AUTO,Oppo A40 Screen Kit,Professional Elite Grade Replacement.,189.00 AUD,https://sc04.alicdn.com/kf/A4698a6c841b14cec8f1ce6fa878c0e0eN.png,OPPO,Electronics > Communications > Telephony > Mobile Phone Accessories,https://selfrepairkit.com.au/shop.html?model=oppo-a40,new,in_stock
SRK-OPP-OPPOA53s-SCR-INCELL,OPPO A53s Screen Kit,"DIY OPPO A53s screen replacement kit with INCELL LCD display. Includes precision pentalobe & tri-point screwdrivers, suction cup, ESD-safe spudgers, pre-cut adhesive strips, and QR-linked step-by-step video guide. 90-day warranty. Ships same day from Newcastle Australia.",99.00 AUD,https://sc04.alicdn.com/kf/A4698a6c841b14cec8f1ce6fa878c0e0eN.png,OPPO,Electronics > Communications > Telephony > Mobile Phone Accessories,https://selfrepairkit.com.au/shop.html?model=oppo-a53s,new,in_stock
SRK-OPP-OPPOA53s-BAT-STD,OPPO A53s Battery Kit,"DIY OPPO A53s battery replacement kit with quality lithium-ion cell matching original mAh capacity. Restores full-day battery life. Includes pentalobe screwdriver, suction cup, spudger, adhesive strips, and QR step-by-step video guide. 90-day warranty. Same-day dispatch from Newcastle Australia.",79.00 AUD,https://sc04.alicdn.com/kf/A4698a6c841b14cec8f1ce6fa878c0e0eN.png,OPPO,Electronics > Communications > Telephony > Mobile Phone Accessories,https://selfrepairkit.com.au/shop.html?model=oppo-a53s,new,in_stock
SRK-OPPO--SCR-PRO-AUTO,Oppo A53S Screen Kit,Professional Pro Grade Replacement.,129.00 AUD,https://sc04.alicdn.com/kf/A4698a6c841b14cec8f1ce6fa878c0e0eN.png,OPPO,Electronics > Communications > Telephony > Mobile Phone Accessories,https://selfrepairkit.com.au/shop.html?model=oppo-a53s,new,in_stock
SRK-OPPO--SCR-ELITE-AUTO,Oppo A53S Screen Kit,Professional Elite Grade Replacement.,189.00 AUD,https://sc04.alicdn.com/kf/A4698a6c841b14cec8f1ce6fa878c0e0eN.png,OPPO,Electronics > Communications > Telephony > Mobile Phone Accessories,https://selfrepairkit.com.au/shop.html?model=oppo-a53s,new,in_stock
SRK-OPP-OPPOA54-SCR-INCELL,OPPO A54 Screen Kit,"DIY OPPO A54 screen replacement kit with INCELL LCD display. Includes precision pentalobe & tri-point screwdrivers, suction cup, ESD-safe spudgers, pre-cut adhesive strips, and QR-linked step-by-step video guide. 90-day warranty. Ships same day from Newcastle Australia.",99.00 AUD,https://sc04.alicdn.com/kf/A4698a6c841b14cec8f1ce6fa878c0e0eN.png,OPPO,Electronics > Communications > Telephony > Mobile Phone Accessories,https://selfrepairkit.com.au/shop.html?model=oppo-a54,new,in_stock
SRK-OPP-OPPOA54-BAT-STD,OPPO A54 Battery Kit,"DIY OPPO A54 battery replacement kit with quality lithium-ion cell matching original mAh capacity. Restores full-day battery life. Includes pentalobe screwdriver, suction cup, spudger, adhesive strips, and QR step-by-step video guide. 90-day warranty. Same-day dispatch from Newcastle Australia.",79.00 AUD,https://sc04.alicdn.com/kf/A4698a6c841b14cec8f1ce6fa878c0e0eN.png,OPPO,Electronics > Communications > Telephony > Mobile Phone Accessories,https://selfrepairkit.com.au/shop.html?model=oppo-a54,new,in_stock
SRK-OPPO--SCR-PRO-AUTO,Oppo A54 Screen Kit,Professional Pro Grade Replacement.,129.00 AUD,https://sc04.alicdn.com/kf/A4698a6c841b14cec8f1ce6fa878c0e0eN.png,OPPO,Electronics > Communications > Telephony > Mobile Phone Accessories,https://selfrepairkit.com.au/shop.html?model=oppo-a54,new,in_stock
SRK-OPPO--SCR-ELITE-AUTO,Oppo A54 Screen Kit,Professional Elite Grade Replacement.,189.00 AUD,https://sc04.alicdn.com/kf/A4698a6c841b14cec8f1ce6fa878c0e0eN.png,OPPO,Electronics > Communications > Telephony > Mobile Phone Accessories,https://selfrepairkit.com.au/shop.html?model=oppo-a54,new,in_stock
SRK-OPP-OPPOA57-SCR-INCELL,OPPO A57 Screen Kit,"DIY OPPO A57 screen replacement kit with INCELL LCD display. Includes precision pentalobe & tri-point screwdrivers, suction cup, ESD-safe spudgers, pre-cut adhesive strips, and QR-linked step-by-step video guide. 90-day warranty. Ships same day from Newcastle Australia.",99.00 AUD,https://sc04.alicdn.com/kf/A4698a6c841b14cec8f1ce6fa878c0e0eN.png,OPPO,Electronics > Communications > Telephony > Mobile Phone Accessories,https://selfrepairkit.com.au/shop.html?model=oppo-a57,new,in_stock
SRK-OPP-OPPOA57-BAT-STD,OPPO A57 Battery Kit,"DIY OPPO A57 battery replacement kit with quality lithium-ion cell matching original mAh capacity. Restores full-day battery life. Includes pentalobe screwdriver, suction cup, spudger, adhesive strips, and QR step-by-step video guide. 90-day warranty. Same-day dispatch from Newcastle Australia.",79.00 AUD,https://sc04.alicdn.com/kf/A4698a6c841b14cec8f1ce6fa878c0e0eN.png,OPPO,Electronics > Communications > Telephony > Mobile Phone Accessories,https://selfrepairkit.com.au/shop.html?model=oppo-a57,new,in_stock
SRK-OPPO--SCR-PRO-AUTO,Oppo A57 Screen Kit,Professional Pro Grade Replacement.,129.00 AUD,https://sc04.alicdn.com/kf/A4698a6c841b14cec8f1ce6fa878c0e0eN.png,OPPO,Electronics > Communications > Telephony > Mobile Phone Accessories,https://selfrepairkit.com.au/shop.html?model=oppo-a57,new,in_stock
SRK-OPPO--SCR-ELITE-AUTO,Oppo A57 Screen Kit,Professional Elite Grade Replacement.,189.00 AUD,https://sc04.alicdn.com/kf/A4698a6c841b14cec8f1ce6fa878c0e0eN.png,OPPO,Electronics > Communications > Telephony > Mobile Phone Accessories,https://selfrepairkit.com.au/shop.html?model=oppo-a57,new,in_stock
SRK-OPP-OPPOA58-SCR-INCELL,OPPO A58 Screen Kit,"DIY OPPO A58 screen replacement kit with INCELL LCD display. Includes precision pentalobe & tri-point screwdrivers, suction cup, ESD-safe spudgers, pre-cut adhesive strips, and QR-linked step-by-step video guide. 90-day warranty. Ships same day from Newcastle Australia.",99.00 AUD,https://sc04.alicdn.com/kf/A4698a6c841b14cec8f1ce6fa878c0e0eN.png,OPPO,Electronics > Communications > Telephony > Mobile Phone Accessories,https://selfrepairkit.com.au/shop.html?model=oppo-a58,new,in_stock
SRK-OPP-OPPOA58-BAT-STD,OPPO A58 Battery Kit,"DIY OPPO A58 battery replacement kit with quality lithium-ion cell matching original mAh capacity. Restores full-day battery life. Includes pentalobe screwdriver, suction cup, spudger, adhesive strips, and QR step-by-step video guide. 90-day warranty. Same-day dispatch from Newcastle Australia.",79.00 AUD,https://sc04.alicdn.com/kf/A4698a6c841b14cec8f1ce6fa878c0e0eN.png,OPPO,Electronics > Communications > Telephony > Mobile Phone Accessories,https://selfrepairkit.com.au/shop.html?model=oppo-a58,new,in_stock
SRK-OPPO--SCR-PRO-AUTO,Oppo A58 Screen Kit,Professional Pro Grade Replacement.,129.00 AUD,https://sc04.alicdn.com/kf/A4698a6c841b14cec8f1ce6fa878c0e0eN.png,OPPO,Electronics > Communications > Telephony > Mobile Phone Accessories,https://selfrepairkit.com.au/shop.html?model=oppo-a58,new,in_stock
SRK-OPPO--SCR-ELITE-AUTO,Oppo A58 Screen Kit,Professional Elite Grade Replacement.,189.00 AUD,https://sc04.alicdn.com/kf/A4698a6c841b14cec8f1ce6fa878c0e0eN.png,OPPO,Electronics > Communications > Telephony > Mobile Phone Accessories,https://selfrepairkit.com.au/shop.html?model=oppo-a58,new,in_stock
SRK-OPP-OPPOA60-SCR-INCELL,OPPO A60 Screen Kit,"DIY OPPO A60 screen replacement kit with INCELL LCD display. Includes precision pentalobe & tri-point screwdrivers, suction cup, ESD-safe spudgers, pre-cut adhesive strips, and QR-linked step-by-step video guide. 90-day warranty. Ships same day from Newcastle Australia.",99.00 AUD,https://sc04.alicdn.com/kf/A4698a6c841b14cec8f1ce6fa878c0e0eN.png,OPPO,Electronics > Communications > Telephony > Mobile Phone Accessories,https://selfrepairkit.com.au/shop.html?model=oppo-a60,new,in_stock
SRK-OPP-OPPOA60-BAT-STD,OPPO A60 Battery Kit,"DIY OPPO A60 battery replacement kit with quality lithium-ion cell matching original mAh capacity. Restores full-day battery life. Includes pentalobe screwdriver, suction cup, spudger, adhesive strips, and QR step-by-step video guide. 90-day warranty. Same-day dispatch from Newcastle Australia.",79.00 AUD,https://sc04.alicdn.com/kf/A4698a6c841b14cec8f1ce6fa878c0e0eN.png,OPPO,Electronics > Communications > Telephony > Mobile Phone Accessories,https://selfrepairkit.com.au/shop.html?model=oppo-a60,new,in_stock
SRK-OPPO--SCR-PRO-AUTO,Oppo A60 Screen Kit,Professional Pro Grade Replacement.,129.00 AUD,https://sc04.alicdn.com/kf/A4698a6c841b14cec8f1ce6fa878c0e0eN.png,OPPO,Electronics > Communications > Telephony > Mobile Phone Accessories,https://selfrepairkit.com.au/shop.html?model=oppo-a60,new,in_stock
SRK-OPPO--SCR-ELITE-AUTO,Oppo A60 Screen Kit,Professional Elite Grade Replacement.,189.00 AUD,https://sc04.alicdn.com/kf/A4698a6c841b14cec8f1ce6fa878c0e0eN.png,OPPO,Electronics > Communications > Telephony > Mobile Phone Accessories,https://selfrepairkit.com.au/shop.html?model=oppo-a60,new,in_stock
SRK-OPP-OPPOA77-SCR-INCELL,OPPO A77 Screen Kit,"DIY OPPO A77 screen replacement kit with INCELL LCD display. Includes precision pentalobe & tri-point screwdrivers, suction cup, ESD-safe spudgers, pre-cut adhesive strips, and QR-linked step-by-step video guide. 90-day warranty. Ships same day from Newcastle Australia.",99.00 AUD,https://sc04.alicdn.com/kf/A4698a6c841b14cec8f1ce6fa878c0e0eN.png,OPPO,Electronics > Communications > Telephony > Mobile Phone Accessories,https://selfrepairkit.com.au/shop.html?model=oppo-a77,new,in_stock
SRK-OPP-OPPOA77-BAT-STD,OPPO A77 Battery Kit,"DIY OPPO A77 battery replacement kit with quality lithium-ion cell matching original mAh capacity. Restores full-day battery life. Includes pentalobe screwdriver, suction cup, spudger, adhesive strips, and QR step-by-step video guide. 90-day warranty. Same-day dispatch from Newcastle Australia.",79.00 AUD,https://sc04.alicdn.com/kf/A4698a6c841b14cec8f1ce6fa878c0e0eN.png,OPPO,Electronics > Communications > Telephony > Mobile Phone Accessories,https://selfrepairkit.com.au/shop.html?model=oppo-a77,new,in_stock
SRK-OPPO--SCR-PRO-AUTO,Oppo A77 Screen Kit,Professional Pro Grade Replacement.,129.00 AUD,https://sc04.alicdn.com/kf/A4698a6c841b14cec8f1ce6fa878c0e0eN.png,OPPO,Electronics > Communications > Telephony > Mobile Phone Accessories,https://selfrepairkit.com.au/shop.html?model=oppo-a77,new,in_stock
SRK-OPPO--SCR-ELITE-AUTO,Oppo A77 Screen Kit,Professional Elite Grade Replacement.,189.00 AUD,https://sc04.alicdn.com/kf/A4698a6c841b14cec8f1ce6fa878c0e0eN.png,OPPO,Electronics > Communications > Telephony > Mobile Phone Accessories,https://selfrepairkit.com.au/shop.html?model=oppo-a77,new,in_stock
SRK-OPP-OPPOA78-SCR-INCELL,OPPO A78 Screen Kit,"DIY OPPO A78 screen replacement kit with INCELL LCD display. Includes precision pentalobe & tri-point screwdrivers, suction cup, ESD-safe spudgers, pre-cut adhesive strips, and QR-linked step-by-step video guide. 90-day warranty. Ships same day from Newcastle Australia.",99.00 AUD,https://sc04.alicdn.com/kf/A4698a6c841b14cec8f1ce6fa878c0e0eN.png,OPPO,Electronics > Communications > Telephony > Mobile Phone Accessories,https://selfrepairkit.com.au/shop.html?model=oppo-a78,new,in_stock
SRK-OPP-OPPOA78-BAT-STD,OPPO A78 Battery Kit,"DIY OPPO A78 battery replacement kit with quality lithium-ion cell matching original mAh capacity. Restores full-day battery life. Includes pentalobe screwdriver, suction cup, spudger, adhesive strips, and QR step-by-step video guide. 90-day warranty. Same-day dispatch from Newcastle Australia.",79.00 AUD,https://sc04.alicdn.com/kf/A4698a6c841b14cec8f1ce6fa878c0e0eN.png,OPPO,Electronics > Communications > Telephony > Mobile Phone Accessories,https://selfrepairkit.com.au/shop.html?model=oppo-a78,new,in_stock
SRK-OPPO--SCR-PRO-AUTO,Oppo A78 Screen Kit,Professional Pro Grade Replacement.,129.00 AUD,https://sc04.alicdn.com/kf/A4698a6c841b14cec8f1ce6fa878c0e0eN.png,OPPO,Electronics > Communications > Telephony > Mobile Phone Accessories,https://selfrepairkit.com.au/shop.html?model=oppo-a78,new,in_stock
SRK-OPPO--SCR-ELITE-AUTO,Oppo A78 Screen Kit,Professional Elite Grade Replacement.,189.00 AUD,https://sc04.alicdn.com/kf/A4698a6c841b14cec8f1ce6fa878c0e0eN.png,OPPO,Electronics > Communications > Telephony > Mobile Phone Accessories,https://selfrepairkit.com.au/shop.html?model=oppo-a78,new,in_stock
SRK-OPP-OPPOA79-SCR-INCELL,OPPO A79 Screen Kit,"DIY OPPO A79 screen replacement kit with INCELL LCD display. Includes precision pentalobe & tri-point screwdrivers, suction cup, ESD-safe spudgers, pre-cut adhesive strips, and QR-linked step-by-step video guide. 90-day warranty. Ships same day from Newcastle Australia.",99.00 AUD,https://sc04.alicdn.com/kf/A4698a6c841b14cec8f1ce6fa878c0e0eN.png,OPPO,Electronics > Communications > Telephony > Mobile Phone Accessories,https://selfrepairkit.com.au/shop.html?model=oppo-a79,new,in_stock
SRK-OPP-OPPOA79-BAT-STD,OPPO A79 Battery Kit,"DIY OPPO A79 battery replacement kit with quality lithium-ion cell matching original mAh capacity. Restores full-day battery life. Includes pentalobe screwdriver, suction cup, spudger, adhesive strips, and QR step-by-step video guide. 90-day warranty. Same-day dispatch from Newcastle Australia.",79.00 AUD,https://sc04.alicdn.com/kf/A4698a6c841b14cec8f1ce6fa878c0e0eN.png,OPPO,Electronics > Communications > Telephony > Mobile Phone Accessories,https://selfrepairkit.com.au/shop.html?model=oppo-a79,new,in_stock
SRK-OPPO--SCR-PRO-AUTO,Oppo A79 Screen Kit,Professional Pro Grade Replacement.,129.00 AUD,https://sc04.alicdn.com/kf/A4698a6c841b14cec8f1ce6fa878c0e0eN.png,OPPO,Electronics > Communications > Telephony > Mobile Phone Accessories,https://selfrepairkit.com.au/shop.html?model=oppo-a79,new,in_stock
SRK-OPPO--SCR-ELITE-AUTO,Oppo A79 Screen Kit,Professional Elite Grade Replacement.,189.00 AUD,https://sc04.alicdn.com/kf/A4698a6c841b14cec8f1ce6fa878c0e0eN.png,OPPO,Electronics > Communications > Telephony > Mobile Phone Accessories,https://selfrepairkit.com.au/shop.html?model=oppo-a79,new,in_stock
SRK-OPP-OPPOA80-SCR-INCELL,OPPO A80 Screen Kit,"DIY OPPO A80 screen replacement kit with INCELL LCD display. Includes precision pentalobe & tri-point screwdrivers, suction cup, ESD-safe spudgers, pre-cut adhesive strips, and QR-linked step-by-step video guide. 90-day warranty. Ships same day from Newcastle Australia.",99.00 AUD,https://sc04.alicdn.com/kf/A4698a6c841b14cec8f1ce6fa878c0e0eN.png,OPPO,Electronics > Communications > Telephony > Mobile Phone Accessories,https://selfrepairkit.com.au/shop.html?model=oppo-a80,new,in_stock
SRK-OPP-OPPOA80-BAT-STD,OPPO A80 Battery Kit,"DIY OPPO A80 battery replacement kit with quality lithium-ion cell matching original mAh capacity. Restores full-day battery life. Includes pentalobe screwdriver, suction cup, spudger, adhesive strips, and QR step-by-step video guide. 90-day warranty. Same-day dispatch from Newcastle Australia.",79.00 AUD,https://sc04.alicdn.com/kf/A4698a6c841b14cec8f1ce6fa878c0e0eN.png,OPPO,Electronics > Communications > Telephony > Mobile Phone Accessories,https://selfrepairkit.com.au/shop.html?model=oppo-a80,new,in_stock
SRK-OPPO--SCR-PRO-AUTO,Oppo A80 Screen Kit,Professional Pro Grade Replacement.,129.00 AUD,https://sc04.alicdn.com/kf/A4698a6c841b14cec8f1ce6fa878c0e0eN.png,OPPO,Electronics > Communications > Telephony > Mobile Phone Accessories,https://selfrepairkit.com.au/shop.html?model=oppo-a80,new,in_stock
SRK-OPPO--SCR-ELITE-AUTO,Oppo A80 Screen Kit,Professional Elite Grade Replacement.,189.00 AUD,https://sc04.alicdn.com/kf/A4698a6c841b14cec8f1ce6fa878c0e0eN.png,OPPO,Electronics > Communications > Telephony > Mobile Phone Accessories,https://selfrepairkit.com.au/shop.html?model=oppo-a80,new,in_stock
SRK-OPP-OPPOA94-SCR-INCELL,OPPO A94 Screen Kit,"DIY OPPO A94 screen replacement kit with INCELL LCD display. Includes precision pentalobe & tri-point screwdrivers, suction cup, ESD-safe spudgers, pre-cut adhesive strips, and QR-linked step-by-step video guide. 90-day warranty. Ships same day from Newcastle Australia.",99.00 AUD,https://sc04.alicdn.com/kf/A4698a6c841b14cec8f1ce6fa878c0e0eN.png,OPPO,Electronics > Communications > Telephony > Mobile Phone Accessories,https://selfrepairkit.com.au/shop.html?model=oppo-a94,new,in_stock
SRK-OPP-OPPOA94-BAT-STD,OPPO A94 Battery Kit,"DIY OPPO A94 battery replacement kit with quality lithium-ion cell matching original mAh capacity. Restores full-day battery life. Includes pentalobe screwdriver, suction cup, spudger, adhesive strips, and QR step-by-step video guide. 90-day warranty. Same-day dispatch from Newcastle Australia.",79.00 AUD,https://sc04.alicdn.com/kf/A4698a6c841b14cec8f1ce6fa878c0e0eN.png,OPPO,Electronics > Communications > Telephony > Mobile Phone Accessories,https://selfrepairkit.com.au/shop.html?model=oppo-a94,new,in_stock
SRK-OPPO--SCR-PRO-AUTO,Oppo A94 Screen Kit,Professional Pro Grade Replacement.,129.00 AUD,https://sc04.alicdn.com/kf/A4698a6c841b14cec8f1ce6fa878c0e0eN.png,OPPO,Electronics > Communications > Telephony > Mobile Phone Accessories,https://selfrepairkit.com.au/shop.html?model=oppo-a94,new,in_stock
SRK-OPPO--SCR-ELITE-AUTO,Oppo A94 Screen Kit,Professional Elite Grade Replacement.,189.00 AUD,https://sc04.alicdn.com/kf/A4698a6c841b14cec8f1ce6fa878c0e0eN.png,OPPO,Electronics > Communications > Telephony > Mobile Phone Accessories,https://selfrepairkit.com.au/shop.html?model=oppo-a94,new,in_stock
SRK-OPP-OPPOA96-SCR-INCELL,OPPO A96 Screen Kit,"DIY OPPO A96 screen replacement kit with INCELL LCD display. Includes precision pentalobe & tri-point screwdrivers, suction cup, ESD-safe spudgers, pre-cut adhesive strips, and QR-linked step-by-step video guide. 90-day warranty. Ships same day from Newcastle Australia.",99.00 AUD,https://sc04.alicdn.com/kf/A4698a6c841b14cec8f1ce6fa878c0e0eN.png,OPPO,Electronics > Communications > Telephony > Mobile Phone Accessories,https://selfrepairkit.com.au/shop.html?model=oppo-a96,new,in_stock
SRK-OPP-OPPOA96-BAT-STD,OPPO A96 Battery Kit,"DIY OPPO A96 battery replacement kit with quality lithium-ion cell matching original mAh capacity. Restores full-day battery life. Includes pentalobe screwdriver, suction cup, spudger, adhesive strips, and QR step-by-step video guide. 90-day warranty. Same-day dispatch from Newcastle Australia.",79.00 AUD,https://sc04.alicdn.com/kf/A4698a6c841b14cec8f1ce6fa878c0e0eN.png,OPPO,Electronics > Communications > Telephony > Mobile Phone Accessories,https://selfrepairkit.com.au/shop.html?model=oppo-a96,new,in_stock
SRK-OPPO--SCR-PRO-AUTO,Oppo A96 Screen Kit,Professional Pro Grade Replacement.,129.00 AUD,https://sc04.alicdn.com/kf/A4698a6c841b14cec8f1ce6fa878c0e0eN.png,OPPO,Electronics > Communications > Telephony > Mobile Phone Accessories,https://selfrepairkit.com.au/shop.html?model=oppo-a96,new,in_stock
SRK-OPPO--SCR-ELITE-AUTO,Oppo A96 Screen Kit,Professional Elite Grade Replacement.,189.00 AUD,https://sc04.alicdn.com/kf/A4698a6c841b14cec8f1ce6fa878c0e0eN.png,OPPO,Electronics > Communications > Telephony > Mobile Phone Accessories,https://selfrepairkit.com.au/shop.html?model=oppo-a96,new,in_stock
SRK-OPP-OPPOA98-SCR-INCELL,OPPO A98 Screen Kit,"DIY OPPO A98 screen replacement kit with INCELL LCD display. Includes precision pentalobe & tri-point screwdrivers, suction cup, ESD-safe spudgers, pre-cut adhesive strips, and QR-linked step-by-step video guide. 90-day warranty. Ships same day from Newcastle Australia.",99.00 AUD,https://sc04.alicdn.com/kf/A4698a6c841b14cec8f1ce6fa878c0e0eN.png,OPPO,Electronics > Communications > Telephony > Mobile Phone Accessories,https://selfrepairkit.com.au/shop.html?model=oppo-a98,new,in_stock
SRK-OPP-OPPOA98-BAT-STD,OPPO A98 Battery Kit,"DIY OPPO A98 battery replacement kit with quality lithium-ion cell matching original mAh capacity. Restores full-day battery life. Includes pentalobe screwdriver, suction cup, spudger, adhesive strips, and QR step-by-step video guide. 90-day warranty. Same-day dispatch from Newcastle Australia.",79.00 AUD,https://sc04.alicdn.com/kf/A4698a6c841b14cec8f1ce6fa878c0e0eN.png,OPPO,Electronics > Communications > Telephony > Mobile Phone Accessories,https://selfrepairkit.com.au/shop.html?model=oppo-a98,new,in_stock
SRK-OPPO--SCR-PRO-AUTO,Oppo A98 Screen Kit,Professional Pro Grade Replacement.,129.00 AUD,https://sc04.alicdn.com/kf/A4698a6c841b14cec8f1ce6fa878c0e0eN.png,OPPO,Electronics > Communications > Telephony > Mobile Phone Accessories,https://selfrepairkit.com.au/shop.html?model=oppo-a98,new,in_stock
SRK-OPPO--SCR-ELITE-AUTO,Oppo A98 Screen Kit,Professional Elite Grade Replacement.,189.00 AUD,https://sc04.alicdn.com/kf/A4698a6c841b14cec8f1ce6fa878c0e0eN.png,OPPO,Electronics > Communications > Telephony > Mobile Phone Accessories,https://selfrepairkit.com.au/shop.html?model=oppo-a98,new,in_stock
SRK-OPP-OPPOA3-SCR-INCELL,OPPO A3 Screen Kit,"DIY OPPO A3 screen replacement kit with INCELL LCD display. Includes precision pentalobe & tri-point screwdrivers, suction cup, ESD-safe spudgers, pre-cut adhesive strips, and QR-linked step-by-step video guide. 90-day warranty. Ships same day from Newcastle Australia.",99.00 AUD,https://sc04.alicdn.com/kf/A4698a6c841b14cec8f1ce6fa878c0e0eN.png,OPPO,Electronics > Communications > Telephony > Mobile Phone Accessories,https://selfrepairkit.com.au/shop.html?model=oppo-a3,new,in_stock
SRK-OPP-OPPOA3-BAT-STD,OPPO A3 Battery Kit,"DIY OPPO A3 battery replacement kit with quality lithium-ion cell matching original mAh capacity. Restores full-day battery life. Includes pentalobe screwdriver, suction cup, spudger, adhesive strips, and QR step-by-step video guide. 90-day warranty. Same-day dispatch from Newcastle Australia.",79.00 AUD,https://sc04.alicdn.com/kf/A4698a6c841b14cec8f1ce6fa878c0e0eN.png,OPPO,Electronics > Communications > Telephony > Mobile Phone Accessories,https://selfrepairkit.com.au/shop.html?model=oppo-a3,new,in_stock
SRK-OPPO--SCR-PRO-AUTO,Oppo A3 Screen Kit,Professional Pro Grade Replacement.,129.00 AUD,https://sc04.alicdn.com/kf/A4698a6c841b14cec8f1ce6fa878c0e0eN.png,OPPO,Electronics > Communications > Telephony > Mobile Phone Accessories,https://selfrepairkit.com.au/shop.html?model=oppo-a3,new,in_stock
SRK-OPPO--SCR-ELITE-AUTO,Oppo A3 Screen Kit,Professional Elite Grade Replacement.,189.00 AUD,https://sc04.alicdn.com/kf/A4698a6c841b14cec8f1ce6fa878c0e0eN.png,OPPO,Electronics > Communications > Telephony > Mobile Phone Accessories,https://selfrepairkit.com.au/shop.html?model=oppo-a3,new,in_stock
SRK-OPP-OPPOA5Pro-SCR-INCELL,OPPO A5 Pro Screen Kit,"DIY OPPO A5 Pro screen replacement kit with INCELL LCD display. Includes precision pentalobe & tri-point screwdrivers, suction cup, ESD-safe spudgers, pre-cut adhesive strips, and QR-linked step-by-step video guide. 90-day warranty. Ships same day from Newcastle Australia.",99.00 AUD,https://sc04.alicdn.com/kf/A4698a6c841b14cec8f1ce6fa878c0e0eN.png,OPPO,Electronics > Communications > Telephony > Mobile Phone Accessories,https://selfrepairkit.com.au/shop.html?model=oppo-a5-pro,new,in_stock
SRK-OPP-OPPOA5Pro-BAT-STD,OPPO A5 Pro Battery Kit,"DIY OPPO A5 Pro battery replacement kit with quality lithium-ion cell matching original mAh capacity. Restores full-day battery life. Includes pentalobe screwdriver, suction cup, spudger, adhesive strips, and QR step-by-step video guide. 90-day warranty. Same-day dispatch from Newcastle Australia.",79.00 AUD,https://sc04.alicdn.com/kf/A4698a6c841b14cec8f1ce6fa878c0e0eN.png,OPPO,Electronics > Communications > Telephony > Mobile Phone Accessories,https://selfrepairkit.com.au/shop.html?model=oppo-a5-pro,new,in_stock
SRK-OPPO--SCR-PRO-AUTO,Oppo A5 Pro Screen Kit,Professional Pro Grade Replacement.,129.00 AUD,https://sc04.alicdn.com/kf/A4698a6c841b14cec8f1ce6fa878c0e0eN.png,OPPO,Electronics > Communications > Telephony > Mobile Phone Accessories,https://selfrepairkit.com.au/shop.html?model=oppo-a5-pro,new,in_stock
SRK-OPPO--SCR-ELITE-AUTO,Oppo A5 Pro Screen Kit,Professional Elite Grade Replacement.,189.00 AUD,https://sc04.alicdn.com/kf/A4698a6c841b14cec8f1ce6fa878c0e0eN.png,OPPO,Electronics > Communications > Telephony > Mobile Phone Accessories,https://selfrepairkit.com.au/shop.html?model=oppo-a5-pro,new,in_stock
SRK-GOO-Pixel3-SCR-OEM,Pixel 3 Screen Kit,"DIY Pixel 3 screen replacement kit with factory-sealed OEM Service Pack display — identical to Apple/Samsung/Google original. Full True Tone, Face ID, biometric compatibility. Always diagnosable and pairable with System Configuration. Includes precision toolkit, adhesive, QR video guide. 90-day warranty. Ships from Newcastle AU.",129.00 AUD,https://sc04.alicdn.com/kf/A4698a6c841b14cec8f1ce6fa878c0e0eN.png,Google,Electronics > Communications > Telephony > Mobile Phone Accessories,https://selfrepairkit.com.au/shop.html?model=pixel-3,new,in_stock
SRK-PIXEL-BAT-AUTO,Pixel 3 Battery Kit,High-Capacity Engineer-Vetted Battery.,99.00 AUD,https://sc04.alicdn.com/kf/A4698a6c841b14cec8f1ce6fa878c0e0eN.png,Google,Electronics > Communications > Telephony > Mobile Phone Accessories,https://selfrepairkit.com.au/shop.html?model=pixel-3,new,in_stock
SRK-GOO-Pixel3XL-SCR-OEM,Pixel 3 XL Screen Kit,"DIY Pixel 3 XL screen replacement kit with factory-sealed OEM Service Pack display — identical to Apple/Samsung/Google original. Full True Tone, Face ID, biometric compatibility. Always diagnosable and pairable with System Configuration. Includes precision toolkit, adhesive, QR video guide. 90-day warranty. Ships from Newcastle AU.",149.00 AUD,https://sc04.alicdn.com/kf/A4698a6c841b14cec8f1ce6fa878c0e0eN.png,Google,Electronics > Communications > Telephony > Mobile Phone Accessories,https://selfrepairkit.com.au/shop.html?model=pixel-3-xl,new,in_stock
SRK-PIXEL-BAT-AUTO,Pixel 3 Xl Battery Kit,High-Capacity Engineer-Vetted Battery.,99.00 AUD,https://sc04.alicdn.com/kf/A4698a6c841b14cec8f1ce6fa878c0e0eN.png,Google,Electronics > Communications > Telephony > Mobile Phone Accessories,https://selfrepairkit.com.au/shop.html?model=pixel-3-xl,new,in_stock
SRK-GOO-Pixel3a-SCR-OEM,Pixel 3a Screen Kit,"DIY Pixel 3a screen replacement kit with factory-sealed OEM Service Pack display — identical to Apple/Samsung/Google original. Full True Tone, Face ID, biometric compatibility. Always diagnosable and pairable with System Configuration. Includes precision toolkit, adhesive, QR video guide. 90-day warranty. Ships from Newcastle AU.",149.00 AUD,https://sc04.alicdn.com/kf/A4698a6c841b14cec8f1ce6fa878c0e0eN.png,Google,Electronics > Communications > Telephony > Mobile Phone Accessories,https://selfrepairkit.com.au/shop.html?model=pixel-3a,new,in_stock
SRK-PIXEL-BAT-AUTO,Pixel 3A Battery Kit,High-Capacity Engineer-Vetted Battery.,99.00 AUD,https://sc04.alicdn.com/kf/A4698a6c841b14cec8f1ce6fa878c0e0eN.png,Google,Electronics > Communications > Telephony > Mobile Phone Accessories,https://selfrepairkit.com.au/shop.html?model=pixel-3a,new,in_stock
SRK-GOO-Pixel3aXL-SCR-OEM,Pixel 3a XL Screen Kit,"DIY Pixel 3a XL screen replacement kit with factory-sealed OEM Service Pack display — identical to Apple/Samsung/Google original. Full True Tone, Face ID, biometric compatibility. Always diagnosable and pairable with System Configuration. Includes precision toolkit, adhesive, QR video guide. 90-day warranty. Ships from Newcastle AU.",159.00 AUD,https://sc04.alicdn.com/kf/A4698a6c841b14cec8f1ce6fa878c0e0eN.png,Google,Electronics > Communications > Telephony > Mobile Phone Accessories,https://selfrepairkit.com.au/shop.html?model=pixel-3a-xl,new,in_stock
SRK-PIXEL-BAT-AUTO,Pixel 3A Xl Battery Kit,High-Capacity Engineer-Vetted Battery.,99.00 AUD,https://sc04.alicdn.com/kf/A4698a6c841b14cec8f1ce6fa878c0e0eN.png,Google,Electronics > Communications > Telephony > Mobile Phone Accessories,https://selfrepairkit.com.au/shop.html?model=pixel-3a-xl,new,in_stock
SRK-GOO-Pixel4-SCR-OEM,Pixel 4 Screen Kit,"DIY Pixel 4 screen replacement kit with factory-sealed OEM Service Pack display — identical to Apple/Samsung/Google original. Full True Tone, Face ID, biometric compatibility. Always diagnosable and pairable with System Configuration. Includes precision toolkit, adhesive, QR video guide. 90-day warranty. Ships from Newcastle AU.",159.00 AUD,https://sc04.alicdn.com/kf/A4698a6c841b14cec8f1ce6fa878c0e0eN.png,Google,Electronics > Communications > Telephony > Mobile Phone Accessories,https://selfrepairkit.com.au/shop.html?model=pixel-4,new,in_stock
SRK-PIXEL-BAT-AUTO,Pixel 4 Battery Kit,High-Capacity Engineer-Vetted Battery.,99.00 AUD,https://sc04.alicdn.com/kf/A4698a6c841b14cec8f1ce6fa878c0e0eN.png,Google,Electronics > Communications > Telephony > Mobile Phone Accessories,https://selfrepairkit.com.au/shop.html?model=pixel-4,new,in_stock
SRK-GOO-Pixel4XL-SCR-OEM,Pixel 4 XL Screen Kit,"DIY Pixel 4 XL screen replacement kit with factory-sealed OEM Service Pack display — identical to Apple/Samsung/Google original. Full True Tone, Face ID, biometric compatibility. Always diagnosable and pairable with System Configuration. Includes precision toolkit, adhesive, QR video guide. 90-day warranty. Ships from Newcastle AU.",159.00 AUD,https://sc04.alicdn.com/kf/A4698a6c841b14cec8f1ce6fa878c0e0eN.png,Google,Electronics > Communications > Telephony > Mobile Phone Accessories,https://selfrepairkit.com.au/shop.html?model=pixel-4-xl,new,in_stock
SRK-PIXEL-BAT-AUTO,Pixel 4 Xl Battery Kit,High-Capacity Engineer-Vetted Battery.,99.00 AUD,https://sc04.alicdn.com/kf/A4698a6c841b14cec8f1ce6fa878c0e0eN.png,Google,Electronics > Communications > Telephony > Mobile Phone Accessories,https://selfrepairkit.com.au/shop.html?model=pixel-4-xl,new,in_stock
SRK-GOO-Pixel4a-SCR-OEM,Pixel 4a Screen Kit,"DIY Pixel 4a screen replacement kit with factory-sealed OEM Service Pack display — identical to Apple/Samsung/Google original. Full True Tone, Face ID, biometric compatibility. Always diagnosable and pairable with System Configuration. Includes precision toolkit, adhesive, QR video guide. 90-day warranty. Ships from Newcastle AU.",179.00 AUD,https://sc04.alicdn.com/kf/A4698a6c841b14cec8f1ce6fa878c0e0eN.png,Google,Electronics > Communications > Telephony > Mobile Phone Accessories,https://selfrepairkit.com.au/shop.html?model=pixel-4a,new,in_stock
SRK-PIXEL-BAT-AUTO,Pixel 4A Battery Kit,High-Capacity Engineer-Vetted Battery.,99.00 AUD,https://sc04.alicdn.com/kf/A4698a6c841b14cec8f1ce6fa878c0e0eN.png,Google,Electronics > Communications > Telephony > Mobile Phone Accessories,https://selfrepairkit.com.au/shop.html?model=pixel-4a,new,in_stock
SRK-GOO-Pixel4a5G-SCR-OEM,Pixel 4a (5G) Screen Kit,"DIY Pixel 4a (5G) screen replacement kit with factory-sealed OEM Service Pack display — identical to Apple/Samsung/Google original. Full True Tone, Face ID, biometric compatibility. Always diagnosable and pairable with System Configuration. Includes precision toolkit, adhesive, QR video guide. 90-day warranty. Ships from Newcastle AU.",179.00 AUD,https://sc04.alicdn.com/kf/A4698a6c841b14cec8f1ce6fa878c0e0eN.png,Google,Electronics > Communications > Telephony > Mobile Phone Accessories,https://selfrepairkit.com.au/shop.html?model=pixel-4a-5g,new,in_stock
SRK-PIXEL-BAT-AUTO,Pixel 4A 5G Battery Kit,High-Capacity Engineer-Vetted Battery.,99.00 AUD,https://sc04.alicdn.com/kf/A4698a6c841b14cec8f1ce6fa878c0e0eN.png,Google,Electronics > Communications > Telephony > Mobile Phone Accessories,https://selfrepairkit.com.au/shop.html?model=pixel-4a-5g,new,in_stock
SRK-GOO-Pixel5-SCR-OEM,Pixel 5 Screen Kit,"DIY Pixel 5 screen replacement kit with factory-sealed OEM Service Pack display — identical to Apple/Samsung/Google original. Full True Tone, Face ID, biometric compatibility. Always diagnosable and pairable with System Configuration. Includes precision toolkit, adhesive, QR video guide. 90-day warranty. Ships from Newcastle AU.",199.00 AUD,https://sc04.alicdn.com/kf/A4698a6c841b14cec8f1ce6fa878c0e0eN.png,Google,Electronics > Communications > Telephony > Mobile Phone Accessories,https://selfrepairkit.com.au/shop.html?model=pixel-5,new,in_stock
SRK-PIXEL-BAT-AUTO,Pixel 5 Battery Kit,High-Capacity Engineer-Vetted Battery.,99.00 AUD,https://sc04.alicdn.com/kf/A4698a6c841b14cec8f1ce6fa878c0e0eN.png,Google,Electronics > Communications > Telephony > Mobile Phone Accessories,https://selfrepairkit.com.au/shop.html?model=pixel-5,new,in_stock
SRK-GOO-Pixel5a-SCR-OEM,Pixel 5a Screen Kit,"DIY Pixel 5a screen replacement kit with factory-sealed OEM Service Pack display — identical to Apple/Samsung/Google original. Full True Tone, Face ID, biometric compatibility. Always diagnosable and pairable with System Configuration. Includes precision toolkit, adhesive, QR video guide. 90-day warranty. Ships from Newcastle AU.",159.00 AUD,https://sc04.alicdn.com/kf/A4698a6c841b14cec8f1ce6fa878c0e0eN.png,Google,Electronics > Communications > Telephony > Mobile Phone Accessories,https://selfrepairkit.com.au/shop.html?model=pixel-5a,new,in_stock
SRK-PIXEL-BAT-AUTO,Pixel 5A Battery Kit,High-Capacity Engineer-Vetted Battery.,99.00 AUD,https://sc04.alicdn.com/kf/A4698a6c841b14cec8f1ce6fa878c0e0eN.png,Google,Electronics > Communications > Telephony > Mobile Phone Accessories,https://selfrepairkit.com.au/shop.html?model=pixel-5a,new,in_stock
SRK-GOO-Pixel6-SCR-OEM,Pixel 6 Screen Kit,"DIY Pixel 6 screen replacement kit with factory-sealed OEM Service Pack display — identical to Apple/Samsung/Google original. Full True Tone, Face ID, biometric compatibility. Always diagnosable and pairable with System Configuration. Includes precision toolkit, adhesive, QR video guide. 90-day warranty. Ships from Newcastle AU.",199.00 AUD,https://sc04.alicdn.com/kf/A4698a6c841b14cec8f1ce6fa878c0e0eN.png,Google,Electronics > Communications > Telephony > Mobile Phone Accessories,https://selfrepairkit.com.au/shop.html?model=pixel-6,new,in_stock
SRK-PIXEL-BAT-AUTO,Pixel 6 Battery Kit,High-Capacity Engineer-Vetted Battery.,99.00 AUD,https://sc04.alicdn.com/kf/A4698a6c841b14cec8f1ce6fa878c0e0eN.png,Google,Electronics > Communications > Telephony > Mobile Phone Accessories,https://selfrepairkit.com.au/shop.html?model=pixel-6,new,in_stock
SRK-GOO-Pixel6Pro-SCR-OEM,Pixel 6 Pro Screen Kit,"DIY Pixel 6 Pro screen replacement kit with factory-sealed OEM Service Pack display — identical to Apple/Samsung/Google original. Full True Tone, Face ID, biometric compatibility. Always diagnosable and pairable with System Configuration. Includes precision toolkit, adhesive, QR video guide. 90-day warranty. Ships from Newcastle AU.",229.00 AUD,https://sc04.alicdn.com/kf/A4698a6c841b14cec8f1ce6fa878c0e0eN.png,Google,Electronics > Communications > Telephony > Mobile Phone Accessories,https://selfrepairkit.com.au/shop.html?model=pixel-6-pro,new,in_stock
SRK-PIXEL-BAT-AUTO,Pixel 6 Pro Battery Kit,High-Capacity Engineer-Vetted Battery.,99.00 AUD,https://sc04.alicdn.com/kf/A4698a6c841b14cec8f1ce6fa878c0e0eN.png,Google,Electronics > Communications > Telephony > Mobile Phone Accessories,https://selfrepairkit.com.au/shop.html?model=pixel-6-pro,new,in_stock
SRK-GOO-Pixel6a-SCR-OEM,Pixel 6a Screen Kit,"DIY Pixel 6a screen replacement kit with factory-sealed OEM Service Pack display — identical to Apple/Samsung/Google original. Full True Tone, Face ID, biometric compatibility. Always diagnosable and pairable with System Configuration. Includes precision toolkit, adhesive, QR video guide. 90-day warranty. Ships from Newcastle AU.",199.00 AUD,https://sc04.alicdn.com/kf/A4698a6c841b14cec8f1ce6fa878c0e0eN.png,Google,Electronics > Communications > Telephony > Mobile Phone Accessories,https://selfrepairkit.com.au/shop.html?model=pixel-6a,new,in_stock
SRK-PIXEL-BAT-AUTO,Pixel 6A Battery Kit,High-Capacity Engineer-Vetted Battery.,99.00 AUD,https://sc04.alicdn.com/kf/A4698a6c841b14cec8f1ce6fa878c0e0eN.png,Google,Electronics > Communications > Telephony > Mobile Phone Accessories,https://selfrepairkit.com.au/shop.html?model=pixel-6a,new,in_stock
SRK-GOO-Pixel7-SCR-OEM,Pixel 7 Screen Kit,"DIY Pixel 7 screen replacement kit with factory-sealed OEM Service Pack display — identical to Apple/Samsung/Google original. Full True Tone, Face ID, biometric compatibility. Always diagnosable and pairable with System Configuration. Includes precision toolkit, adhesive, QR video guide. 90-day warranty. Ships from Newcastle AU.",259.00 AUD,https://sc04.alicdn.com/kf/A4698a6c841b14cec8f1ce6fa878c0e0eN.png,Google,Electronics > Communications > Telephony > Mobile Phone Accessories,https://selfrepairkit.com.au/shop.html?model=pixel-7,new,in_stock
SRK-PIXEL-BAT-AUTO,Pixel 7 Battery Kit,High-Capacity Engineer-Vetted Battery.,99.00 AUD,https://sc04.alicdn.com/kf/A4698a6c841b14cec8f1ce6fa878c0e0eN.png,Google,Electronics > Communications > Telephony > Mobile Phone Accessories,https://selfrepairkit.com.au/shop.html?model=pixel-7,new,in_stock
SRK-GOO-Pixel7Pro-SCR-OEM,Pixel 7 Pro Screen Kit,"DIY Pixel 7 Pro screen replacement kit with factory-sealed OEM Service Pack display — identical to Apple/Samsung/Google original. Full True Tone, Face ID, biometric compatibility. Always diagnosable and pairable with System Configuration. Includes precision toolkit, adhesive, QR video guide. 90-day warranty. Ships from Newcastle AU.",329.00 AUD,https://sc04.alicdn.com/kf/A4698a6c841b14cec8f1ce6fa878c0e0eN.png,Google,Electronics > Communications > Telephony > Mobile Phone Accessories,https://selfrepairkit.com.au/shop.html?model=pixel-7-pro,new,in_stock
SRK-PIXEL-BAT-AUTO,Pixel 7 Pro Battery Kit,High-Capacity Engineer-Vetted Battery.,99.00 AUD,https://sc04.alicdn.com/kf/A4698a6c841b14cec8f1ce6fa878c0e0eN.png,Google,Electronics > Communications > Telephony > Mobile Phone Accessories,https://selfrepairkit.com.au/shop.html?model=pixel-7-pro,new,in_stock
SRK-GOO-Pixel7a-SCR-OEM,Pixel 7a Screen Kit,"DIY Pixel 7a screen replacement kit with factory-sealed OEM Service Pack display — identical to Apple/Samsung/Google original. Full True Tone, Face ID, biometric compatibility. Always diagnosable and pairable with System Configuration. Includes precision toolkit, adhesive, QR video guide. 90-day warranty. Ships from Newcastle AU.",259.00 AUD,https://sc04.alicdn.com/kf/A4698a6c841b14cec8f1ce6fa878c0e0eN.png,Google,Electronics > Communications > Telephony > Mobile Phone Accessories,https://selfrepairkit.com.au/shop.html?model=pixel-7a,new,in_stock
SRK-PIXEL-BAT-AUTO,Pixel 7A Battery Kit,High-Capacity Engineer-Vetted Battery.,99.00 AUD,https://sc04.alicdn.com/kf/A4698a6c841b14cec8f1ce6fa878c0e0eN.png,Google,Electronics > Communications > Telephony > Mobile Phone Accessories,https://selfrepairkit.com.au/shop.html?model=pixel-7a,new,in_stock
SRK-GOO-Pixel8-SCR-OEM,Pixel 8 Screen Kit,"DIY Pixel 8 screen replacement kit with factory-sealed OEM Service Pack display — identical to Apple/Samsung/Google original. Full True Tone, Face ID, biometric compatibility. Always diagnosable and pairable with System Configuration. Includes precision toolkit, adhesive, QR video guide. 90-day warranty. Ships from Newcastle AU.",259.00 AUD,https://sc04.alicdn.com/kf/A4698a6c841b14cec8f1ce6fa878c0e0eN.png,Google,Electronics > Communications > Telephony > Mobile Phone Accessories,https://selfrepairkit.com.au/shop.html?model=pixel-8,new,in_stock
SRK-PIXEL-BAT-AUTO,Pixel 8 Battery Kit,High-Capacity Engineer-Vetted Battery.,99.00 AUD,https://sc04.alicdn.com/kf/A4698a6c841b14cec8f1ce6fa878c0e0eN.png,Google,Electronics > Communications > Telephony > Mobile Phone Accessories,https://selfrepairkit.com.au/shop.html?model=pixel-8,new,in_stock
SRK-GOO-Pixel8Pro-SCR-OEM,Pixel 8 Pro Screen Kit,"DIY Pixel 8 Pro screen replacement kit with factory-sealed OEM Service Pack display — identical to Apple/Samsung/Google original. Full True Tone, Face ID, biometric compatibility. Always diagnosable and pairable with System Configuration. Includes precision toolkit, adhesive, QR video guide. 90-day warranty. Ships from Newcastle AU.",499.00 AUD,https://sc04.alicdn.com/kf/A4698a6c841b14cec8f1ce6fa878c0e0eN.png,Google,Electronics > Communications > Telephony > Mobile Phone Accessories,https://selfrepairkit.com.au/shop.html?model=pixel-8-pro,new,in_stock
SRK-PIXEL-BAT-AUTO,Pixel 8 Pro Battery Kit,High-Capacity Engineer-Vetted Battery.,99.00 AUD,https://sc04.alicdn.com/kf/A4698a6c841b14cec8f1ce6fa878c0e0eN.png,Google,Electronics > Communications > Telephony > Mobile Phone Accessories,https://selfrepairkit.com.au/shop.html?model=pixel-8-pro,new,in_stock
SRK-GOO-Pixel8a-SCR-OEM,Pixel 8a Screen Kit,"DIY Pixel 8a screen replacement kit with factory-sealed OEM Service Pack display — identical to Apple/Samsung/Google original. Full True Tone, Face ID, biometric compatibility. Always diagnosable and pairable with System Configuration. Includes precision toolkit, adhesive, QR video guide. 90-day warranty. Ships from Newcastle AU.",259.00 AUD,https://sc04.alicdn.com/kf/A4698a6c841b14cec8f1ce6fa878c0e0eN.png,Google,Electronics > Communications > Telephony > Mobile Phone Accessories,https://selfrepairkit.com.au/shop.html?model=pixel-8a,new,in_stock
SRK-PIXEL-BAT-AUTO,Pixel 8A Battery Kit,High-Capacity Engineer-Vetted Battery.,99.00 AUD,https://sc04.alicdn.com/kf/A4698a6c841b14cec8f1ce6fa878c0e0eN.png,Google,Electronics > Communications > Telephony > Mobile Phone Accessories,https://selfrepairkit.com.au/shop.html?model=pixel-8a,new,in_stock
SRK-GOO-Pixel9-SCR-OEM,Pixel 9 Screen Kit,"DIY Pixel 9 screen replacement kit with factory-sealed OEM Service Pack display — identical to Apple/Samsung/Google original. Full True Tone, Face ID, biometric compatibility. Always diagnosable and pairable with System Configuration. Includes precision toolkit, adhesive, QR video guide. 90-day warranty. Ships from Newcastle AU.",269.00 AUD,https://sc04.alicdn.com/kf/A4698a6c841b14cec8f1ce6fa878c0e0eN.png,Google,Electronics > Communications > Telephony > Mobile Phone Accessories,https://selfrepairkit.com.au/shop.html?model=pixel-9,new,in_stock
SRK-PIXEL-BAT-AUTO,Pixel 9 Battery Kit,High-Capacity Engineer-Vetted Battery.,99.00 AUD,https://sc04.alicdn.com/kf/A4698a6c841b14cec8f1ce6fa878c0e0eN.png,Google,Electronics > Communications > Telephony > Mobile Phone Accessories,https://selfrepairkit.com.au/shop.html?model=pixel-9,new,in_stock
SRK-GOO-Pixel9Pro-SCR-OEM,Pixel 9 Pro Screen Kit,"DIY Pixel 9 Pro screen replacement kit with factory-sealed OEM Service Pack display — identical to Apple/Samsung/Google original. Full True Tone, Face ID, biometric compatibility. Always diagnosable and pairable with System Configuration. Includes precision toolkit, adhesive, QR video guide. 90-day warranty. Ships from Newcastle AU.",259.00 AUD,https://sc04.alicdn.com/kf/A4698a6c841b14cec8f1ce6fa878c0e0eN.png,Google,Electronics > Communications > Telephony > Mobile Phone Accessories,https://selfrepairkit.com.au/shop.html?model=pixel-9-pro,new,in_stock
SRK-PIXEL-BAT-AUTO,Pixel 9 Pro Battery Kit,High-Capacity Engineer-Vetted Battery.,99.00 AUD,https://sc04.alicdn.com/kf/A4698a6c841b14cec8f1ce6fa878c0e0eN.png,Google,Electronics > Communications > Telephony > Mobile Phone Accessories,https://selfrepairkit.com.au/shop.html?model=pixel-9-pro,new,in_stock
SRK-GOO-Pixel9ProXL-SCR-OEM,Pixel 9 Pro XL Screen Kit,"DIY Pixel 9 Pro XL screen replacement kit with factory-sealed OEM Service Pack display — identical to Apple/Samsung/Google original. Full True Tone, Face ID, biometric compatibility. Always diagnosable and pairable with System Configuration. Includes precision toolkit, adhesive, QR video guide. 90-day warranty. Ships from Newcastle AU.",399.00 AUD,https://sc04.alicdn.com/kf/A4698a6c841b14cec8f1ce6fa878c0e0eN.png,Google,Electronics > Communications > Telephony > Mobile Phone Accessories,https://selfrepairkit.com.au/shop.html?model=pixel-9-pro-xl,new,in_stock
SRK-PIXEL-BAT-AUTO,Pixel 9 Pro Xl Battery Kit,High-Capacity Engineer-Vetted Battery.,99.00 AUD,https://sc04.alicdn.com/kf/A4698a6c841b14cec8f1ce6fa878c0e0eN.png,Google,Electronics > Communications > Telephony > Mobile Phone Accessories,https://selfrepairkit.com.au/shop.html?model=pixel-9-pro-xl,new,in_stock
SRK-GOO-Pixel9ProFol-SCR-OEM,Pixel 9 Pro Fold Screen Kit,"DIY Pixel 9 Pro Fold screen replacement kit with factory-sealed OEM Service Pack display — identical to Apple/Samsung/Google original. Full True Tone, Face ID, biometric compatibility. Always diagnosable and pairable with System Configuration. Includes precision toolkit, adhesive, QR video guide. 90-day warranty. Ships from Newcastle AU.",699.00 AUD,https://sc04.alicdn.com/kf/A4698a6c841b14cec8f1ce6fa878c0e0eN.png,Google,Electronics > Communications > Telephony > Mobile Phone Accessories,https://selfrepairkit.com.au/shop.html?model=pixel-9-pro-fold,new,in_stock
SRK-PIXEL-BAT-AUTO,Pixel 9 Pro Fold Battery Kit,High-Capacity Engineer-Vetted Battery.,99.00 AUD,https://sc04.alicdn.com/kf/A4698a6c841b14cec8f1ce6fa878c0e0eN.png,Google,Electronics > Communications > Telephony > Mobile Phone Accessories,https://selfrepairkit.com.au/shop.html?model=pixel-9-pro-fold,new,in_stock
SRK-GOO-Pixel9a-SCR-OEM,Pixel 9a Screen Kit,"DIY Pixel 9a screen replacement kit with factory-sealed OEM Service Pack display — identical to Apple/Samsung/Google original. Full True Tone, Face ID, biometric compatibility. Always diagnosable and pairable with System Configuration. Includes precision toolkit, adhesive, QR video guide. 90-day warranty. Ships from Newcastle AU.",259.00 AUD,https://sc04.alicdn.com/kf/A4698a6c841b14cec8f1ce6fa878c0e0eN.png,Google,Electronics > Communications > Telephony > Mobile Phone Accessories,https://selfrepairkit.com.au/shop.html?model=pixel-9a,new,in_stock
SRK-PIXEL-BAT-AUTO,Pixel 9A Battery Kit,High-Capacity Engineer-Vetted Battery.,99.00 AUD,https://sc04.alicdn.com/kf/A4698a6c841b14cec8f1ce6fa878c0e0eN.png,Google,Electronics > Communications > Telephony > Mobile Phone Accessories,https://selfrepairkit.com.au/shop.html?model=pixel-9a,new,in_stock
SRK-GOO-Pixel10-SCR-OEM,Pixel 10 Screen Kit,"DIY Pixel 10 screen replacement kit with factory-sealed OEM Service Pack display — identical to Apple/Samsung/Google original. Full True Tone, Face ID, biometric compatibility. Always diagnosable and pairable with System Configuration. Includes precision toolkit, adhesive, QR video guide. 90-day warranty. Ships from Newcastle AU.",269.00 AUD,https://sc04.alicdn.com/kf/A4698a6c841b14cec8f1ce6fa878c0e0eN.png,Google,Electronics > Communications > Telephony > Mobile Phone Accessories,https://selfrepairkit.com.au/shop.html?model=pixel-10,new,in_stock
SRK-PIXEL-BAT-AUTO,Pixel 10 Battery Kit,High-Capacity Engineer-Vetted Battery.,99.00 AUD,https://sc04.alicdn.com/kf/A4698a6c841b14cec8f1ce6fa878c0e0eN.png,Google,Electronics > Communications > Telephony > Mobile Phone Accessories,https://selfrepairkit.com.au/shop.html?model=pixel-10,new,in_stock
SRK-GOO-Pixel10Pro-SCR-OEM,Pixel 10 Pro Screen Kit,"DIY Pixel 10 Pro screen replacement kit with factory-sealed OEM Service Pack display — identical to Apple/Samsung/Google original. Full True Tone, Face ID, biometric compatibility. Always diagnosable and pairable with System Configuration. Includes precision toolkit, adhesive, QR video guide. 90-day warranty. Ships from Newcastle AU.",359.00 AUD,https://sc04.alicdn.com/kf/A4698a6c841b14cec8f1ce6fa878c0e0eN.png,Google,Electronics > Communications > Telephony > Mobile Phone Accessories,https://selfrepairkit.com.au/shop.html?model=pixel-10-pro,new,in_stock
SRK-PIXEL-BAT-AUTO,Pixel 10 Pro Battery Kit,High-Capacity Engineer-Vetted Battery.,99.00 AUD,https://sc04.alicdn.com/kf/A4698a6c841b14cec8f1ce6fa878c0e0eN.png,Google,Electronics > Communications > Telephony > Mobile Phone Accessories,https://selfrepairkit.com.au/shop.html?model=pixel-10-pro,new,in_stock
SRK-GOO-Pixel10ProXL-SCR-OEM,Pixel 10 Pro XL Screen Kit,"DIY Pixel 10 Pro XL screen replacement kit with factory-sealed OEM Service Pack display — identical to Apple/Samsung/Google original. Full True Tone, Face ID, biometric compatibility. Always diagnosable and pairable with System Configuration. Includes precision toolkit, adhesive, QR video guide. 90-day warranty. Ships from Newcastle AU.",329.00 AUD,https://sc04.alicdn.com/kf/A4698a6c841b14cec8f1ce6fa878c0e0eN.png,Google,Electronics > Communications > Telephony > Mobile Phone Accessories,https://selfrepairkit.com.au/shop.html?model=pixel-10-pro-xl,new,in_stock
SRK-PIXEL-BAT-AUTO,Pixel 10 Pro Xl Battery Kit,High-Capacity Engineer-Vetted Battery.,99.00 AUD,https://sc04.alicdn.com/kf/A4698a6c841b14cec8f1ce6fa878c0e0eN.png,Google,Electronics > Communications > Telephony > Mobile Phone Accessories,https://selfrepairkit.com.au/shop.html?model=pixel-10-pro-xl,new,in_stock
SRK-GOO-Pixel10ProFo-SCR-OEM,Pixel 10 Pro Fold Screen Kit,"DIY Pixel 10 Pro Fold screen replacement kit with factory-sealed OEM Service Pack display — identical to Apple/Samsung/Google original. Full True Tone, Face ID, biometric compatibility. Always diagnosable and pairable with System Configuration. Includes precision toolkit, adhesive, QR video guide. 90-day warranty. Ships from Newcastle AU.",899.00 AUD,https://sc04.alicdn.com/kf/A4698a6c841b14cec8f1ce6fa878c0e0eN.png,Google,Electronics > Communications > Telephony > Mobile Phone Accessories,https://selfrepairkit.com.au/shop.html?model=pixel-10-pro-fold,new,in_stock
SRK-PIXEL-BAT-AUTO,Pixel 10 Pro Fold Battery Kit,High-Capacity Engineer-Vetted Battery.,99.00 AUD,https://sc04.alicdn.com/kf/A4698a6c841b14cec8f1ce6fa878c0e0eN.png,Google,Electronics > Communications > Telephony > Mobile Phone Accessories,https://selfrepairkit.com.au/shop.html?model=pixel-10-pro-fold,new,in_stock
SRK-GOO-Pixel10a-SCR-OEM,Pixel 10a Screen Kit,"DIY Pixel 10a screen replacement kit with factory-sealed OEM Service Pack display — identical to Apple/Samsung/Google original. Full True Tone, Face ID, biometric compatibility. Always diagnosable and pairable with System Configuration. Includes precision toolkit, adhesive, QR video guide. 90-day warranty. Ships from Newcastle AU.",259.00 AUD,https://sc04.alicdn.com/kf/A4698a6c841b14cec8f1ce6fa878c0e0eN.png,Google,Electronics > Communications > Telephony > Mobile Phone Accessories,https://selfrepairkit.com.au/shop.html?model=pixel-10a,new,in_stock
SRK-PIXEL-BAT-AUTO,Pixel 10A Battery Kit,High-Capacity Engineer-Vetted Battery.,99.00 AUD,https://sc04.alicdn.com/kf/A4698a6c841b14cec8f1ce6fa878c0e0eN.png,Google,Electronics > Communications > Telephony > Mobile Phone Accessories,https://selfrepairkit.com.au/shop.html?model=pixel-10a,new,in_stock
